Index,Date,Price,Open,High,Low,Vol.,Change %
0,2016-11-18,408.75,403.0,410.0,400.5,-,1.36%
1,2016-11-17,403.25,398.25,406.25,396.75,-,1.57%
2,2016-11-16,397.0,400.0,401.0,397.0,-,-0.50%
3,2016-11-15,399.0,394.75,402.0,393.0,-,1.27%
4,2016-11-14,394.0,403.5,403.75,392.75,-,-1.99%
5,2016-11-11,402.0,405.75,407.5,401.25,-,-0.74%
6,2016-11-10,405.0,408.5,414.25,402.5,-,-0.67%
7,2016-11-09,407.75,416.0,417.75,404.0,-,-1.63%
8,2016-11-08,414.5,410.5,419.75,408.38,-,1.47%
9,2016-11-07,408.5,414.12,415.75,406.75,-,-1.39%
10,2016-11-04,414.25,411.75,415.25,410.5,-,0.67%
11,2016-11-03,411.5,417.75,420.0,409.5,-,-1.67%
12,2016-11-02,418.5,414.38,420.25,412.25,-,1.09%
13,2016-11-01,414.0,416.0,418.25,411.0,-,-0.30%
14,2016-10-31,415.25,410.75,416.75,409.25,-,1.78%
15,2016-10-28,408.0,415.75,417.5,407.62,-,-1.69%
16,2016-10-27,415.0,412.0,418.75,411.75,-,0.79%
17,2016-10-26,411.75,403.5,414.12,403.0,-,1.73%
18,2016-10-25,404.75,403.75,406.5,398.88,-,0.31%
19,2016-10-24,403.5,413.5,416.88,400.75,-,-2.65%
20,2016-10-21,414.5,416.75,418.25,413.5,-,-0.60%
21,2016-10-20,417.0,420.12,422.75,415.5,-,-0.71%
22,2016-10-19,420.0,420.12,422.5,414.0,-,0.12%
23,2016-10-18,419.5,425.0,425.5,418.5,-,-1.12%
24,2016-10-17,424.25,418.75,425.5,416.25,-,0.83%
25,2016-10-14,420.75,415.5,428.25,415.25,-,1.02%
26,2016-10-13,416.5,397.75,417.0,397.5,-,4.78%
27,2016-10-12,397.5,404.88,414.0,396.25,-,-2.39%
28,2016-10-11,407.25,404.0,408.75,401.5,-,0.74%
29,2016-10-10,404.25,397.25,405.38,397.25,-,2.34%
30,2016-10-07,395.0,397.25,401.0,394.5,-,-0.06%
31,2016-10-06,395.25,407.75,409.5,393.5,-,-2.53%
32,2016-10-05,405.5,395.5,408.25,392.0,-,2.46%
33,2016-10-04,395.75,395.75,398.25,393.0,-,-0.25%
34,2016-10-03,396.75,400.5,401.75,391.75,-,-1.24%
35,2016-9-30,401.75,398.75,403.88,390.25,-,0.69%
36,2016-9-29,399.0,402.5,406.75,398.0,-,-1.09%
37,2016-9-28,403.38,404.75,407.25,402.0,-,-0.22%
38,2016-9-27,404.25,398.0,405.0,394.25,-,2.08%
39,2016-9-26,396.0,403.75,407.0,395.5,-,-2.28%
40,2016-9-23,405.25,404.25,409.5,401.38,-,-0.12%
41,2016-9-22,405.75,406.0,411.75,404.5,-,-0.61%
42,2016-9-21,408.25,405.0,409.0,402.5,-,0.62%
43,2016-9-20,405.75,403.25,410.0,401.5,-,0.43%
44,2016-9-19,404.0,404.75,409.0,400.0,-,0.03%
45,2016-9-16,403.88,398.75,404.5,394.25,-,1.10%
46,2016-9-15,399.5,402.0,406.75,398.25,-,-0.68%
47,2016-9-14,402.25,400.75,404.25,395.25,-,0.56%
48,2016-9-13,400.0,408.0,410.88,399.25,-,-2.14%
49,2016-9-12,408.75,402.5,410.0,400.0,-,1.43%
50,2016-9-09,403.0,405.5,406.0,397.12,-,-0.74%
51,2016-9-08,406.0,403.0,406.75,398.5,-,0.87%
52,2016-9-07,402.5,398.12,405.0,397.5,-,1.13%
53,2016-9-06,398.0,398.25,402.75,395.0,-,-0.25%
54,2016-9-02,399.0,394.5,401.5,394.5,-,1.11%
55,2016-9-01,394.62,391.5,397.25,389.75,-,1.84%
56,2016-8-31,387.5,392.88,395.75,387.0,-,-1.27%
57,2016-8-30,392.5,397.0,400.75,391.75,-,-1.20%
58,2016-8-29,397.25,407.25,407.75,395.5,-,3.42%
59,2016-8-26,384.12,401.0,402.38,381.25,-,-4.30%
60,2016-8-25,401.38,404.75,408.0,401.38,-,-0.77%
61,2016-8-24,404.5,407.88,409.25,403.0,-,-0.74%
62,2016-8-23,407.5,414.75,415.0,407.0,-,-1.87%
63,2016-8-22,415.25,427.25,429.12,414.75,-,-2.87%
64,2016-8-19,427.5,426.62,432.5,422.5,-,0.06%
65,2016-8-18,427.25,424.5,428.0,420.0,-,0.23%
66,2016-8-17,426.25,423.38,428.38,419.75,-,0.65%
67,2016-8-16,423.5,420.88,427.88,414.88,-,0.21%
68,2016-8-15,422.62,422.0,430.0,417.25,-,0.00%
69,2016-8-12,422.62,416.12,422.62,406.62,-,1.59%
70,2016-8-11,416.0,420.5,423.88,413.75,-,-1.22%
71,2016-8-10,421.12,415.88,427.5,415.5,-,1.11%
72,2016-8-09,416.5,415.75,419.25,411.75,-,-0.12%
73,2016-8-08,417.0,419.5,423.5,411.75,-,0.39%
74,2016-8-05,415.38,404.0,418.5,404.0,-,2.75%
75,2016-8-04,404.25,411.12,416.12,403.75,-,-1.40%
76,2016-8-03,410.0,402.75,415.0,401.25,-,2.31%
77,2016-8-02,400.75,405.75,410.5,399.38,-,-1.48%
78,2016-8-01,406.75,407.75,415.5,406.75,-,-0.12%
79,2016-7-29,407.25,411.12,412.75,403.75,-,-0.46%
80,2016-7-28,409.12,415.38,420.0,408.5,-,-1.42%
81,2016-7-27,415.0,415.62,421.0,414.25,-,0.03%
82,2016-7-26,414.88,425.38,429.25,414.25,-,-3.40%
83,2016-7-25,429.5,428.25,435.25,421.25,-,0.79%
84,2016-7-22,426.12,418.38,426.88,407.25,-,1.88%
85,2016-7-21,418.25,413.5,419.75,409.0,-,1.33%
86,2016-7-20,412.75,418.25,423.75,406.75,-,-1.37%
87,2016-7-19,418.5,427.5,428.25,416.5,-,-2.73%
88,2016-7-18,430.25,427.75,431.75,420.62,-,1.12%
89,2016-7-15,425.5,434.75,439.75,425.5,-,-1.90%
90,2016-7-14,433.75,442.38,448.0,431.38,-,-1.64%
91,2016-7-13,441.0,439.38,451.5,437.0,-,0.80%
92,2016-7-12,437.5,431.0,439.25,424.0,-,1.57%
93,2016-7-11,430.75,437.0,441.88,426.75,-,-1.09%
94,2016-7-08,435.5,427.25,439.5,424.0,-,2.32%
95,2016-7-07,425.62,430.38,438.75,424.5,-,-0.90%
96,2016-7-06,429.5,432.0,434.0,421.25,-,-0.46%
97,2016-7-05,431.5,431.25,432.5,416.0,-,0.20%
98,2016-7-01,430.62,445.38,445.5,428.25,-,-3.88%
99,2016-6-30,448.0,445.75,453.5,438.0,-,0.84%
100,2016-6-29,444.25,457.88,460.5,444.0,-,-3.06%
101,2016-6-28,458.25,458.38,467.25,456.5,-,-0.22%
102,2016-6-27,459.25,464.0,470.25,458.5,-,1.32%
103,2016-6-24,453.25,454.5,455.0,442.25,-,-0.17%
104,2016-6-23,454.0,459.5,461.5,453.5,-,-1.04%
105,2016-6-22,458.75,460.5,465.0,458.5,-,0.14%
106,2016-6-21,458.12,473.25,476.5,458.0,-,-3.30%
107,2016-6-20,473.75,477.0,479.75,473.75,-,-1.61%
108,2016-6-17,481.5,473.25,482.0,472.75,-,1.90%
109,2016-6-16,472.5,477.38,479.5,471.25,-,-1.25%
110,2016-6-15,478.5,482.88,489.75,478.5,-,-1.29%
111,2016-6-14,484.75,491.25,493.38,481.5,-,-1.47%
112,2016-6-13,492.0,498.25,503.25,491.5,-,-0.61%
113,2016-6-10,495.0,509.0,512.5,494.62,-,-2.89%
114,2016-6-09,509.75,517.88,519.0,506.25,-,-1.97%
115,2016-6-08,520.0,508.75,523.88,506.25,-,2.06%
116,2016-6-07,509.5,506.5,513.5,501.0,-,0.34%
117,2016-6-06,507.75,497.75,514.75,497.75,-,2.01%
118,2016-6-03,497.75,484.0,498.0,482.5,-,2.52%
119,2016-6-02,485.5,474.0,487.0,473.0,-,2.53%
120,2016-6-01,473.5,463.38,474.75,463.38,-,2.10%
121,2016-5-31,463.75,480.62,483.88,463.75,-,-3.69%
122,2016-5-27,481.5,481.38,484.75,479.0,-,0.16%
123,2016-5-26,480.75,465.75,481.5,465.5,-,3.11%
124,2016-5-25,466.25,464.0,468.88,463.25,-,0.38%
125,2016-5-24,464.5,462.75,470.0,458.25,-,0.43%
126,2016-5-23,462.5,467.38,469.12,461.25,-,-1.23%
127,2016-5-20,468.25,468.75,474.5,464.25,-,-0.21%
128,2016-5-19,469.25,478.5,479.75,462.75,-,-2.44%
129,2016-5-18,481.0,481.38,484.5,477.25,-,-0.10%
130,2016-5-17,481.5,473.5,484.5,473.25,-,1.21%
131,2016-5-16,475.75,473.75,476.75,467.75,-,0.21%
132,2016-5-13,474.75,468.25,477.5,465.0,-,1.44%
133,2016-5-12,468.0,457.62,468.0,457.62,-,1.96%
134,2016-5-11,459.0,461.5,464.75,457.0,-,-0.70%
135,2016-5-10,462.25,457.38,468.5,455.5,-,1.32%
136,2016-5-09,456.25,464.0,467.0,455.0,-,-1.78%
137,2016-5-06,464.5,462.62,470.25,462.25,-,0.16%
138,2016-5-05,463.75,468.75,472.5,461.88,-,-1.96%
139,2016-5-04,473.0,470.75,476.5,469.12,-,0.21%
140,2016-5-03,472.0,487.38,492.75,468.5,-,-3.10%
141,2016-5-02,487.12,486.75,490.0,481.5,-,-0.44%
142,2016-4-29,489.25,483.75,490.75,480.75,-,0.72%
143,2016-4-28,485.75,483.75,497.0,481.5,-,0.62%
144,2016-4-27,482.75,486.5,489.5,480.5,-,-1.13%
145,2016-4-26,488.25,478.12,488.5,474.25,-,2.41%
146,2016-4-25,476.75,473.75,485.38,469.0,-,2.03%
147,2016-4-22,467.25,492.88,493.12,465.62,-,-5.77%
148,2016-4-21,495.88,503.5,510.75,491.0,-,-1.42%
149,2016-4-20,503.0,485.25,503.75,485.25,-,3.60%
150,2016-4-19,485.5,473.0,487.75,471.25,-,2.75%
151,2016-4-18,472.5,461.0,477.0,460.75,-,2.66%
152,2016-4-15,460.25,459.25,462.25,455.0,-,0.38%
153,2016-4-14,458.5,462.5,465.5,454.5,-,-1.24%
154,2016-4-13,464.25,451.75,466.62,450.25,-,2.37%
155,2016-4-12,453.5,447.62,457.0,446.75,-,1.45%
156,2016-4-11,447.0,457.88,457.88,446.25,-,-3.14%
157,2016-4-08,461.5,457.5,462.5,456.5,-,0.93%
158,2016-4-07,457.25,463.0,465.25,457.12,-,-1.30%
159,2016-4-06,463.25,473.0,473.0,461.75,-,-2.16%
160,2016-4-05,473.5,475.0,476.5,470.25,-,-0.21%
161,2016-4-04,474.5,476.38,479.0,470.5,-,-0.21%
162,2016-4-01,475.5,473.75,475.5,467.0,-,0.21%
163,2016-3-31,474.5,464.0,475.0,455.88,-,2.21%
164,2016-3-30,464.25,476.0,477.5,463.25,-,-2.67%
165,2016-3-29,477.0,471.5,477.25,471.0,-,1.06%
166,2016-3-28,472.0,465.25,477.25,464.0,-,1.83%
167,2016-3-24,463.5,463.13,464.38,458.62,-,0.03%
168,2016-3-23,463.38,467.38,467.38,462.62,-,-0.86%
169,2016-3-22,467.38,466.25,470.62,463.38,-,0.21%
170,2016-3-21,466.38,468.62,472.0,463.88,-,0.65%
171,2016-3-18,463.38,463.0,463.88,457.88,-,0.22%
172,2016-3-17,462.38,472.13,475.88,460.12,-,-1.75%
173,2016-3-16,470.62,476.88,477.12,469.88,-,-1.36%
174,2016-3-15,477.12,477.75,479.12,473.12,-,-0.31%
175,2016-3-14,478.62,475.63,479.38,472.88,-,0.58%
176,2016-3-11,475.88,476.88,478.38,471.62,-,-0.10%
177,2016-3-10,476.38,467.88,477.38,465.13,-,1.76%
178,2016-3-09,468.12,464.62,468.38,461.12,-,0.64%
179,2016-3-08,465.13,461.38,465.62,457.12,-,0.43%
180,2016-3-07,463.13,465.0,468.38,461.88,-,0.38%
181,2016-3-04,461.38,459.63,464.38,456.12,-,0.49%
182,2016-3-03,459.12,449.62,461.88,449.38,-,2.00%
183,2016-3-02,450.12,447.0,451.38,442.38,-,0.90%
184,2016-3-01,446.12,453.38,454.63,445.62,-,-1.49%
185,2016-2-29,452.88,455.12,456.38,450.63,-,0.17%
186,2016-2-26,452.12,453.88,456.12,449.13,-,-0.22%
187,2016-2-25,453.12,452.25,455.88,449.62,-,0.39%
188,2016-2-24,451.38,455.62,456.12,446.62,-,-0.99%
189,2016-2-23,455.88,463.5,465.88,455.38,-,-1.72%
190,2016-2-22,463.88,466.38,469.38,458.25,-,0.43%
191,2016-2-19,461.88,461.88,464.5,460.12,-,-0.11%
192,2016-2-18,462.38,468.5,468.5,462.12,-,-1.39%
193,2016-2-17,468.88,464.5,470.0,462.75,-,0.97%
194,2016-2-16,464.38,460.75,465.0,459.88,-,1.53%
195,2016-2-12,457.38,458.88,462.0,455.12,-,-0.22%
196,2016-2-11,458.38,460.38,465.75,457.88,-,-0.60%
197,2016-2-10,461.12,458.12,462.75,456.62,-,0.82%
198,2016-2-09,457.38,459.12,460.25,455.12,-,-0.22%
199,2016-2-08,458.38,466.25,468.88,457.75,-,-1.77%
200,2016-2-05,466.62,473.5,474.12,465.75,-,-1.27%
201,2016-2-04,472.62,479.12,482.5,472.62,-,-1.51%
202,2016-2-03,479.88,475.62,480.12,474.62,-,0.95%
203,2016-2-02,475.38,475.75,483.0,473.25,-,-0.05%
204,2016-2-01,475.62,476.25,477.25,471.38,-,-0.78%
205,2016-1-29,479.38,472.25,479.38,470.88,-,1.54%
206,2016-1-28,472.12,476.75,476.88,470.62,-,-0.89%
207,2016-1-27,476.38,484.25,485.75,473.62,-,-1.80%
208,2016-1-26,485.12,481.62,488.5,478.12,-,0.83%
209,2016-1-25,481.12,475.75,483.75,475.75,-,1.21%
210,2016-1-22,475.38,474.75,479.75,472.62,-,0.00%
211,2016-1-21,475.38,472.38,480.0,470.5,-,0.80%
212,2016-1-20,471.62,473.0,475.38,467.38,-,-0.58%
213,2016-1-19,474.38,475.25,478.88,470.62,-,0.21%
214,2016-1-17,473.38,473.38,473.38,473.38,-,0.00%
215,2016-1-15,473.38,469.0,474.62,465.12,-,0.96%
216,2016-1-14,468.88,477.75,477.88,468.12,-,-1.88%
217,2016-1-13,477.88,480.25,483.75,476.62,-,-0.73%
218,2016-1-12,481.38,470.0,483.12,463.88,-,2.61%
219,2016-1-11,469.12,481.0,481.12,466.62,-,-1.93%
220,2016-1-08,478.38,468.12,479.62,467.62,-,2.14%
221,2016-1-07,468.38,463.5,468.88,456.38,-,1.24%
222,2016-1-06,462.62,461.5,465.62,457.0,-,0.27%
223,2016-1-05,461.38,460.38,464.62,458.62,-,0.65%
224,2016-1-04,458.38,472.5,472.5,456.12,-,-2.34%
225,2015-12-31,469.38,469.88,472.25,468.88,-,-0.05%
226,2015-12-30,469.62,476.38,479.12,469.38,-,-1.31%
227,2015-12-29,475.88,467.38,476.62,467.38,-,1.98%
228,2015-12-28,466.62,467.5,472.38,465.88,-,-0.29%
229,2015-12-27,468.0,468.0,468.0,468.0,-,0.00%
230,2015-12-24,468.0,468.62,471.62,467.38,-,-0.35%
231,2015-12-23,469.62,472.62,474.88,468.38,-,-0.42%
232,2015-12-22,471.62,479.5,482.62,471.62,-,-1.57%
233,2015-12-21,479.12,485.75,490.88,478.38,-,-1.44%
234,2015-12-18,486.12,486.12,498.88,481.38,-,0.46%
235,2015-12-17,483.88,483.5,488.12,472.38,-,0.10%
236,2015-12-16,483.38,493.12,496.75,483.38,-,-2.13%
237,2015-12-15,493.88,493.38,497.88,486.38,-,0.10%
238,2015-12-14,493.38,491.38,496.88,488.62,-,0.61%
239,2015-12-11,490.38,494.75,497.88,487.62,-,-1.01%
240,2015-12-10,495.38,488.88,497.88,485.62,-,1.17%
241,2015-12-09,489.62,481.62,491.12,481.5,-,1.71%
242,2015-12-08,481.38,481.5,483.62,476.62,-,-0.31%
243,2015-12-07,482.88,489.38,492.88,482.12,-,-0.36%
244,2015-12-04,484.62,479.25,484.88,478.38,-,1.31%
245,2015-12-03,478.38,466.88,483.88,466.12,-,2.41%
246,2015-12-02,467.12,471.25,473.38,465.62,-,-0.90%
247,2015-12-01,471.38,474.62,480.12,470.88,-,-0.89%
248,2015-11-30,475.62,476.62,480.38,475.12,-,-0.70%
249,2015-11-27,479.0,487.62,487.62,478.12,-,-1.77%
250,2015-11-25,487.62,488.38,492.38,487.38,-,-0.10%
251,2015-11-24,488.12,496.75,497.12,487.88,-,-1.86%
252,2015-11-23,497.38,487.25,499.62,485.88,-,1.69%
253,2015-11-20,489.12,489.38,494.88,486.38,-,-0.25%
254,2015-11-19,490.38,483.0,492.75,481.62,-,1.45%
255,2015-11-18,483.38,487.38,490.25,480.62,-,-0.90%
256,2015-11-17,487.75,493.5,494.0,484.62,-,-1.24%
257,2015-11-16,493.88,494.88,498.0,490.5,-,-0.45%
258,2015-11-13,496.12,496.5,499.75,491.62,-,-0.30%
259,2015-11-12,497.62,496.0,500.5,492.38,-,0.50%
260,2015-11-11,495.12,491.88,498.0,490.38,-,0.76%
261,2015-11-10,491.38,502.38,503.75,488.12,-,-2.04%
262,2015-11-09,501.62,520.38,521.25,501.38,-,-4.06%
263,2015-11-06,522.88,524.75,526.0,517.88,-,-0.57%
264,2015-11-05,525.88,524.5,529.0,520.38,-,-0.09%
265,2015-11-04,526.38,516.12,530.75,508.38,-,1.94%
266,2015-11-03,516.38,507.62,516.62,506.0,-,1.67%
267,2015-11-02,507.88,521.38,522.75,506.88,-,-2.73%
268,2015-10-30,522.12,515.25,523.75,515.12,-,1.31%
269,2015-10-29,515.38,505.75,517.25,505.12,-,1.88%
270,2015-10-28,505.88,507.62,508.75,500.12,-,-0.64%
271,2015-10-27,509.12,509.88,518.0,506.62,-,-0.05%
272,2015-10-26,509.38,493.62,512.0,493.62,-,3.82%
273,2015-10-23,490.62,490.5,494.25,484.88,-,-0.05%
274,2015-10-22,490.88,494.75,500.5,490.62,-,-0.76%
275,2015-10-21,494.62,491.88,497.5,490.38,-,0.82%
276,2015-10-20,490.62,486.38,491.62,483.62,-,1.08%
277,2015-10-19,485.38,491.38,493.5,484.38,-,-1.42%
278,2015-10-16,492.38,502.62,505.88,489.88,-,-1.94%
279,2015-10-15,502.12,507.25,512.75,502.12,-,-1.23%
280,2015-10-14,508.38,518.38,519.75,507.62,-,-2.02%
281,2015-10-13,518.88,507.0,521.75,505.12,-,2.37%
282,2015-10-12,506.88,507.38,510.62,503.38,-,-0.25%
283,2015-10-09,508.12,511.0,519.5,504.62,-,-0.59%
284,2015-10-08,511.12,516.0,522.0,509.38,-,-1.06%
285,2015-10-07,516.62,525.38,531.5,515.12,-,-1.76%
286,2015-10-06,525.88,514.62,526.62,513.12,-,1.94%
287,2015-10-05,515.88,512.38,518.0,508.88,-,0.63%
288,2015-10-02,512.62,516.75,523.0,512.62,-,-1.04%
289,2015-10-01,518.0,512.38,523.75,511.88,-,1.12%
290,2015-9-30,512.25,503.38,515.5,498.38,-,1.66%
291,2015-9-29,503.88,505.88,509.75,500.62,-,-0.44%
292,2015-9-28,506.12,508.5,515.5,500.38,-,-0.39%
293,2015-9-25,508.12,497.88,510.5,496.38,-,2.21%
294,2015-9-24,497.12,506.0,509.0,496.88,-,-2.07%
295,2015-9-23,507.62,494.25,508.5,493.88,-,2.47%
296,2015-9-22,495.38,496.38,496.5,488.38,-,-0.25%
297,2015-9-21,496.62,486.25,499.25,480.62,-,2.05%
298,2015-9-18,486.62,481.62,489.0,480.12,-,1.20%
299,2015-9-17,480.88,488.25,489.75,480.88,-,-1.64%
300,2015-9-16,488.88,494.12,495.0,483.12,-,-1.21%
301,2015-9-15,494.88,500.62,503.25,492.38,-,-1.30%
302,2015-9-14,501.38,486.38,501.62,485.88,-,3.35%
303,2015-9-11,485.12,477.88,485.5,468.62,-,1.46%
304,2015-9-10,478.12,472.25,479.5,471.5,-,1.16%
305,2015-9-09,472.62,473.0,481.0,471.12,-,-0.53%
306,2015-9-08,475.12,469.12,476.62,469.12,-,1.71%
307,2015-9-04,467.12,465.88,469.62,463.12,-,0.48%
308,2015-9-03,464.88,479.25,479.38,464.88,-,-2.97%
309,2015-9-02,479.12,486.12,490.0,476.62,-,-1.34%
310,2015-9-01,485.62,484.12,491.5,482.12,-,0.05%
311,2015-8-31,485.38,484.12,485.88,476.62,-,1.62%
312,2015-8-28,477.62,484.88,487.75,476.12,-,-1.47%
313,2015-8-27,484.75,490.75,495.38,481.62,-,-1.27%
314,2015-8-26,491.0,498.38,499.88,488.38,-,-1.11%
315,2015-8-25,496.5,504.12,511.25,492.62,-,-1.54%
316,2015-8-24,504.25,498.12,504.38,487.5,-,0.98%
317,2015-8-21,499.38,504.5,507.12,495.75,-,-0.94%
318,2015-8-20,504.12,495.75,507.62,495.5,-,1.59%
319,2015-8-19,496.25,494.88,498.38,491.12,-,0.15%
320,2015-8-18,495.5,500.0,503.38,493.38,-,-1.02%
321,2015-8-17,500.62,503.62,508.75,498.5,-,-1.04%
322,2015-8-14,505.88,503.12,512.0,497.88,-,0.50%
323,2015-8-13,503.38,492.75,504.62,492.12,-,1.95%
324,2015-8-12,493.75,507.38,514.62,484.12,-,-2.64%
325,2015-8-11,507.12,522.88,524.38,504.12,-,-3.15%
326,2015-8-10,523.62,511.88,529.88,509.38,-,2.55%
327,2015-8-07,510.62,508.12,513.88,503.88,-,0.69%
328,2015-8-06,507.12,502.12,514.12,498.38,-,0.90%
329,2015-8-05,502.62,494.38,504.62,492.12,-,1.80%
330,2015-8-04,493.75,499.75,506.88,491.38,-,-1.42%
331,2015-8-03,500.88,497.12,500.88,490.62,-,0.55%
332,2015-7-31,498.12,497.12,503.38,495.88,-,0.15%
333,2015-7-30,497.38,496.38,504.38,493.88,-,0.28%
334,2015-7-29,496.0,511.75,512.38,495.88,-,-3.15%
335,2015-7-28,512.12,502.88,512.38,501.88,-,1.99%
336,2015-7-27,502.12,510.62,511.62,501.38,-,-2.00%
337,2015-7-24,512.38,520.5,523.38,509.62,-,-1.94%
338,2015-7-23,522.5,516.62,526.62,516.62,-,1.19%
339,2015-7-22,516.38,524.25,528.12,515.38,-,-1.43%
340,2015-7-21,523.88,533.5,537.62,523.88,-,-2.03%
341,2015-7-20,534.75,551.0,551.0,530.62,-,-3.52%
342,2015-7-17,554.25,560.75,561.25,546.25,-,-1.49%
343,2015-7-16,562.62,566.88,573.75,561.88,-,-0.79%
344,2015-7-15,567.12,568.88,569.38,558.88,-,-0.66%
345,2015-7-14,570.88,575.0,582.38,569.5,-,-0.80%
346,2015-7-13,575.5,574.25,576.62,567.0,-,0.07%
347,2015-7-10,575.12,576.62,587.38,570.0,-,-0.39%
348,2015-7-09,577.38,576.38,586.12,575.38,-,-0.15%
349,2015-7-08,578.25,583.75,587.62,573.12,-,-1.05%
350,2015-7-07,584.38,592.88,593.12,578.38,-,-1.77%
351,2015-7-06,594.88,585.5,599.62,572.38,-,1.13%
352,2015-7-03,588.25,588.25,588.25,588.25,-,0.00%
353,2015-7-02,588.25,587.5,600.62,574.12,-,0.17%
354,2015-7-01,587.25,614.25,615.0,576.12,-,-4.76%
355,2015-6-30,616.62,583.0,617.12,576.38,-,5.56%
356,2015-6-29,584.12,565.5,591.38,564.12,-,4.17%
357,2015-6-26,560.75,532.0,566.12,530.38,-,5.33%
358,2015-6-25,532.38,517.75,532.62,513.12,-,2.75%
359,2015-6-24,518.12,521.75,529.88,514.12,-,-0.86%
360,2015-6-23,522.62,501.88,522.62,501.88,-,4.16%
361,2015-6-22,501.75,487.88,504.12,487.38,-,2.63%
362,2015-6-19,488.88,487.75,492.25,483.62,-,0.20%
363,2015-6-18,487.88,491.38,497.88,487.38,-,-0.76%
364,2015-6-17,491.62,490.12,499.62,489.62,-,0.61%
365,2015-6-16,488.62,489.12,494.88,487.12,-,-0.05%
366,2015-6-15,488.88,503.25,503.25,486.12,-,-3.05%
367,2015-6-12,504.25,504.0,510.62,500.75,-,-0.17%
368,2015-6-11,505.12,513.88,515.25,502.75,-,-1.46%
369,2015-6-10,512.62,532.5,537.38,512.62,-,-3.78%
370,2015-6-09,532.75,527.25,537.12,524.12,-,0.97%
371,2015-6-08,527.62,516.38,532.62,516.38,-,2.06%
372,2015-6-05,517.0,523.5,533.88,516.25,-,-1.17%
373,2015-6-04,523.12,510.0,524.12,504.12,-,2.75%
374,2015-6-03,509.12,513.38,525.88,508.38,-,-0.68%
375,2015-6-02,512.62,495.12,513.12,493.12,-,3.61%
376,2015-6-01,494.75,478.0,495.38,474.12,-,3.53%
377,2015-5-29,477.88,487.12,489.12,474.62,-,-1.95%
378,2015-5-28,487.38,488.5,494.62,483.12,-,-0.18%
379,2015-5-27,488.25,495.88,496.12,482.38,-,-0.89%
380,2015-5-26,492.62,515.75,519.38,492.12,-,-4.34%
381,2015-5-22,515.0,521.38,528.88,511.12,-,-1.06%
382,2015-5-21,520.5,514.12,527.88,511.12,-,1.56%
383,2015-5-20,512.5,510.75,515.62,503.12,-,0.37%
384,2015-5-19,510.62,520.12,524.62,503.88,-,-2.16%
385,2015-5-18,521.88,510.88,529.88,507.88,-,2.18%
386,2015-5-15,510.75,515.0,519.62,506.12,-,-0.75%
387,2015-5-14,514.62,481.12,515.0,481.12,-,6.85%
388,2015-5-13,481.62,480.88,486.12,471.12,-,0.05%
389,2015-5-12,481.38,481.0,489.88,478.38,-,-0.05%
390,2015-5-11,481.62,482.88,484.12,476.38,-,-0.16%
391,2015-5-08,482.38,472.25,482.38,471.88,-,2.06%
392,2015-5-07,472.62,480.38,483.88,471.38,-,-1.38%
393,2015-5-06,479.25,468.38,482.12,467.5,-,2.68%
394,2015-5-05,466.75,470.88,472.62,461.12,-,-1.27%
395,2015-5-04,472.75,471.75,474.38,466.5,-,-0.24%
396,2015-5-01,473.88,476.12,479.12,468.62,-,-0.32%
397,2015-4-30,475.38,483.75,488.62,471.88,-,-1.76%
398,2015-4-29,483.88,476.5,483.88,474.12,-,1.57%
399,2015-4-28,476.38,475.12,478.38,464.12,-,0.53%
400,2015-4-27,473.88,488.38,490.38,472.62,-,-2.57%
401,2015-4-24,486.38,498.0,498.88,485.25,-,-2.36%
402,2015-4-23,498.12,499.75,503.38,497.62,-,-0.20%
403,2015-4-22,499.12,500.38,504.62,496.38,-,-0.27%
404,2015-4-21,500.5,498.38,506.38,494.38,-,0.38%
405,2015-4-20,498.62,493.88,499.12,492.12,-,1.12%
406,2015-4-17,493.12,494.0,499.75,490.88,-,-0.30%
407,2015-4-16,494.62,490.38,495.38,489.12,-,0.82%
408,2015-4-15,490.62,497.62,503.88,490.12,-,-1.38%
409,2015-4-14,497.5,503.88,506.12,496.38,-,-0.97%
410,2015-4-13,502.38,518.12,519.88,501.62,-,-4.63%
411,2015-4-10,526.75,517.88,527.38,515.62,-,1.52%
412,2015-4-09,518.88,525.25,526.62,513.88,-,-1.26%
413,2015-4-08,525.5,528.38,530.75,518.38,-,-0.26%
414,2015-4-07,526.88,525.88,533.88,517.88,-,-0.28%
415,2015-4-06,528.38,537.62,543.62,525.12,-,-1.03%
416,2015-4-02,533.88,527.75,544.12,522.62,-,0.95%
417,2015-4-01,528.88,513.38,528.88,506.12,-,3.12%
418,2015-3-31,512.88,531.38,531.5,509.12,-,-3.30%
419,2015-3-30,530.38,512.12,530.62,508.62,-,4.46%
420,2015-3-27,507.75,499.12,508.88,499.12,-,1.83%
421,2015-3-26,498.62,519.38,525.12,498.5,-,-3.90%
422,2015-3-25,518.88,523.12,527.88,516.12,-,-0.86%
423,2015-3-24,523.38,530.25,531.62,522.62,-,-2.10%
424,2015-3-23,534.62,533.75,540.38,531.88,-,0.85%
425,2015-3-20,530.12,510.12,530.38,510.12,-,3.67%
426,2015-3-19,511.38,516.0,519.88,505.38,-,0.05%
427,2015-3-18,511.12,502.25,512.38,500.88,-,1.49%
428,2015-3-17,503.62,516.0,517.88,503.12,-,-2.23%
429,2015-3-16,515.12,503.12,515.38,494.5,-,2.77%
430,2015-3-13,501.25,507.62,513.38,498.88,-,-1.18%
431,2015-3-12,507.25,498.25,512.62,498.12,-,1.73%
432,2015-3-11,498.62,494.12,502.12,493.88,-,0.96%
433,2015-3-10,493.88,489.75,496.62,483.38,-,0.77%
434,2015-3-09,490.12,484.25,494.88,484.12,-,1.63%
435,2015-3-06,482.25,480.88,485.38,479.38,-,0.34%
436,2015-3-05,480.62,496.12,496.38,480.38,-,-3.08%
437,2015-3-04,495.88,505.75,505.88,494.12,-,-1.69%
438,2015-3-03,504.38,501.5,506.88,493.12,-,0.90%
439,2015-3-02,499.88,513.75,518.62,499.62,-,-2.37%
440,2015-2-27,512.0,500.5,517.62,498.12,-,2.40%
441,2015-2-26,500.0,496.75,500.88,490.12,-,0.58%
442,2015-2-25,497.12,503.0,505.62,495.12,-,-1.24%
443,2015-2-24,503.38,504.62,510.62,502.12,-,-0.05%
444,2015-2-23,503.62,507.38,510.38,502.38,-,-1.23%
445,2015-2-20,509.88,527.38,531.38,509.62,-,-3.36%
446,2015-2-19,527.62,528.38,537.12,523.62,-,-0.09%
447,2015-2-18,528.12,538.0,543.38,523.62,-,-1.29%
448,2015-2-17,535.0,534.75,546.62,531.88,-,0.33%
449,2015-2-13,533.25,520.88,534.12,519.75,-,2.47%
450,2015-2-12,520.38,523.62,527.5,518.38,-,-0.90%
451,2015-2-11,525.12,521.0,527.88,516.12,-,0.82%
452,2015-2-10,520.88,527.88,530.75,518.75,-,-1.56%
453,2015-2-09,529.12,527.25,532.12,521.62,-,0.33%
454,2015-2-06,527.38,526.12,533.88,516.62,-,0.19%
455,2015-2-05,526.38,510.88,527.38,508.88,-,2.78%
456,2015-2-04,512.12,514.38,521.62,507.62,-,-0.15%
457,2015-2-03,512.88,494.38,515.62,493.38,-,4.06%
458,2015-2-02,492.88,502.25,505.38,492.38,-,-2.06%
459,2015-1-30,503.25,507.62,511.62,497.38,-,-0.89%
460,2015-1-29,507.75,505.62,512.12,501.0,-,0.47%
461,2015-1-28,505.38,519.25,520.38,503.12,-,-2.60%
462,2015-1-27,518.88,520.12,524.0,517.62,-,-0.17%
463,2015-1-26,519.75,529.25,534.62,519.38,-,-1.79%
464,2015-1-23,529.25,532.88,535.88,526.88,-,-0.84%
465,2015-1-22,533.75,536.25,542.38,532.62,-,-0.40%
466,2015-1-21,535.88,537.38,544.38,535.62,-,0.09%
467,2015-1-20,535.38,532.25,539.62,523.12,-,0.75%
468,2015-1-16,531.38,536.25,541.88,531.38,-,-0.47%
469,2015-1-15,533.88,540.12,544.88,528.12,-,-0.79%
470,2015-1-14,538.12,548.5,549.62,536.12,-,-1.76%
471,2015-1-13,547.75,556.12,566.62,547.38,-,-1.35%
472,2015-1-12,555.25,564.0,566.38,554.88,-,-1.27%
473,2015-1-09,562.38,568.0,573.88,562.12,-,-0.88%
474,2015-1-08,567.38,580.5,580.5,566.0,-,-2.03%
475,2015-1-07,579.12,594.38,594.38,578.88,-,-2.20%
476,2015-1-06,592.12,587.75,603.5,586.38,-,0.59%
477,2015-1-05,588.62,579.88,597.38,579.38,-,1.29%
478,2015-1-02,581.12,589.38,589.38,574.88,-,-1.48%
479,2014-12-31,589.88,601.38,604.62,586.5,-,-2.22%
480,2014-12-30,603.25,614.75,615.38,601.12,-,-1.81%
481,2014-12-29,614.38,612.5,620.62,608.12,-,0.84%
482,2014-12-28,609.25,609.25,609.25,609.25,-,0.00%
483,2014-12-26,609.25,614.75,616.5,607.38,-,-0.18%
484,2014-12-24,610.38,636.0,639.62,606.88,-,-4.09%
485,2014-12-23,636.38,623.5,636.88,621.12,-,1.84%
486,2014-12-22,624.88,629.75,644.5,621.12,-,-1.26%
487,2014-12-21,632.88,632.88,632.88,632.88,-,0.00%
488,2014-12-19,632.88,653.62,654.25,629.5,-,-3.14%
489,2014-12-18,653.38,646.62,676.88,645.88,-,0.69%
490,2014-12-17,648.88,623.75,649.88,617.12,-,4.47%
491,2014-12-16,621.12,616.38,638.88,615.25,-,0.51%
492,2014-12-15,618.0,606.25,622.62,599.88,-,2.02%
493,2014-12-14,605.75,605.75,605.75,605.75,-,0.00%
494,2014-12-12,605.75,596.62,613.12,593.62,-,1.61%
495,2014-12-11,596.12,581.62,599.88,573.38,-,2.40%
496,2014-12-10,582.12,585.0,585.0,575.38,-,-0.66%
497,2014-12-09,586.0,595.5,596.12,584.12,-,-1.74%
498,2014-12-08,596.38,593.12,605.62,588.12,-,0.51%
499,2014-12-07,593.38,593.38,593.38,593.38,-,0.00%
500,2014-12-05,593.38,589.12,595.38,582.12,-,0.76%
501,2014-12-04,588.88,589.88,591.62,577.62,-,-0.13%
502,2014-12-03,589.62,603.88,606.38,585.38,-,-2.28%
503,2014-12-02,603.38,605.38,611.5,596.88,-,-0.62%
504,2014-12-01,607.12,576.88,607.62,570.38,-,4.97%
505,2014-11-30,578.38,578.38,578.38,578.38,-,0.00%
506,2014-11-28,578.38,559.25,580.62,558.38,-,2.87%
507,2014-11-27,562.25,562.25,562.25,562.25,-,0.00%
508,2014-11-26,562.25,558.0,565.38,555.62,-,0.65%
509,2014-11-25,558.62,549.38,558.88,546.12,-,1.73%
510,2014-11-24,549.12,553.38,556.88,548.62,-,0.46%
511,2014-11-21,546.62,547.12,552.88,540.88,-,-0.09%
512,2014-11-20,547.12,537.0,547.88,532.12,-,1.65%
513,2014-11-19,538.25,549.12,549.25,535.12,-,-2.03%
514,2014-11-18,549.38,552.12,553.0,544.38,-,-0.52%
515,2014-11-17,552.25,559.38,563.12,551.12,-,-1.49%
516,2014-11-14,560.62,552.88,564.62,549.12,-,1.26%
517,2014-11-13,553.62,541.75,558.88,537.12,-,2.22%
518,2014-11-12,541.62,524.5,545.62,522.88,-,3.36%
519,2014-11-11,524.0,517.5,526.38,511.88,-,0.94%
520,2014-11-10,519.12,514.12,523.75,511.38,-,0.90%
521,2014-11-07,514.5,517.75,518.62,511.38,-,-1.13%
522,2014-11-06,520.38,524.88,527.88,520.12,-,-0.83%
523,2014-11-05,524.75,531.38,532.38,518.88,-,-1.39%
524,2014-11-04,532.12,537.88,538.62,529.12,-,-1.30%
525,2014-11-03,539.12,535.62,539.12,526.88,-,1.48%
526,2014-10-31,531.25,535.12,538.88,523.12,-,-0.86%
527,2014-10-30,535.88,538.5,545.25,532.88,-,-0.51%
528,2014-10-29,538.62,530.88,540.38,527.75,-,1.34%
529,2014-10-28,531.5,524.0,532.88,523.5,-,1.53%
530,2014-10-27,523.5,515.88,526.38,510.62,-,0.96%
531,2014-10-24,518.5,525.5,539.12,517.38,-,-1.52%
532,2014-10-23,526.5,520.88,530.38,519.25,-,0.74%
533,2014-10-22,522.62,520.5,528.38,516.12,-,0.55%
534,2014-10-21,519.75,513.88,523.62,512.5,-,1.19%
535,2014-10-20,513.62,515.38,515.62,507.38,-,-0.44%
536,2014-10-17,515.88,517.88,522.12,512.88,-,-0.41%
537,2014-10-16,518.0,506.25,518.12,502.88,-,2.02%
538,2014-10-15,507.75,509.88,516.0,501.62,-,-0.32%
539,2014-10-14,509.38,505.0,509.5,498.38,-,0.84%
540,2014-10-13,505.12,498.38,506.12,495.62,-,1.28%
541,2014-10-10,498.75,493.5,508.38,488.62,-,1.09%
542,2014-10-09,493.38,508.12,508.12,492.12,-,-2.86%
543,2014-10-08,507.88,507.12,511.62,502.12,-,0.20%
544,2014-10-07,506.88,490.88,509.38,489.38,-,3.15%
545,2014-10-06,491.38,485.62,494.62,485.0,-,1.08%
546,2014-10-03,486.12,483.38,488.88,478.12,-,0.49%
547,2014-10-02,483.75,478.0,489.62,477.5,-,1.07%
548,2014-10-01,478.62,477.62,483.62,469.62,-,0.00%
549,2014-9-30,478.62,480.62,481.75,468.12,-,-0.47%
550,2014-9-29,480.88,470.88,482.38,470.75,-,1.26%
551,2014-9-26,474.88,473.5,476.12,469.0,-,0.13%
552,2014-9-25,474.25,480.12,483.5,466.38,-,-1.28%
553,2014-9-24,480.38,474.25,484.62,473.62,-,0.97%
554,2014-9-23,475.75,476.75,479.38,471.12,-,-0.18%
555,2014-9-22,476.62,476.5,480.62,469.38,-,0.55%
556,2014-9-19,474.0,487.88,488.12,473.88,-,-2.89%
557,2014-9-18,488.12,496.12,498.62,487.88,-,-2.25%
558,2014-9-17,499.38,495.88,501.12,494.12,-,0.50%
559,2014-9-16,496.88,499.12,508.25,492.38,-,-0.70%
560,2014-9-15,500.38,501.25,503.88,496.12,-,-0.42%
561,2014-9-12,502.5,507.88,509.38,500.12,-,-1.30%
562,2014-9-11,509.12,518.12,519.0,502.88,-,-2.02%
563,2014-9-10,519.62,528.62,529.12,519.25,-,-1.75%
564,2014-9-09,528.88,533.38,533.38,523.62,-,-0.91%
565,2014-9-08,533.75,534.62,539.12,524.38,-,-0.30%
566,2014-9-05,535.38,531.38,541.5,528.38,-,1.04%
567,2014-9-04,529.88,535.88,536.88,527.75,-,-1.03%
568,2014-9-03,535.38,555.0,556.12,535.12,-,-3.49%
569,2014-9-02,554.75,561.88,565.88,550.88,-,-1.53%
570,2014-8-29,563.38,570.38,578.62,561.38,-,-1.31%
571,2014-8-28,570.88,562.38,578.62,559.12,-,1.69%
572,2014-8-27,561.38,555.0,562.88,550.88,-,0.99%
573,2014-8-26,555.88,553.38,557.88,546.88,-,0.04%
574,2014-8-25,555.62,559.88,564.88,552.62,-,1.16%
575,2014-8-22,549.25,545.75,562.38,545.75,-,0.50%
576,2014-8-21,546.5,539.62,549.62,536.88,-,1.30%
577,2014-8-20,539.5,546.12,549.25,534.38,-,-1.30%
578,2014-8-19,546.62,540.75,555.88,536.25,-,0.78%
579,2014-8-18,542.38,549.75,551.25,540.62,-,-1.68%
580,2014-8-15,551.62,535.88,555.88,533.62,-,2.89%
581,2014-8-14,536.12,528.5,539.12,528.12,-,1.66%
582,2014-8-13,527.38,538.5,544.38,527.38,-,-2.02%
583,2014-8-12,538.25,546.62,546.88,534.5,-,-1.55%
584,2014-8-11,546.75,548.38,556.38,542.88,-,-0.21%
585,2014-8-08,547.88,561.12,561.12,547.12,-,-2.45%
586,2014-8-07,561.62,567.62,567.88,558.62,-,-1.06%
587,2014-8-06,567.62,553.12,571.88,553.12,-,2.81%
588,2014-8-05,552.12,543.88,554.12,538.12,-,1.33%
589,2014-8-04,544.88,534.62,553.12,534.62,-,2.08%
590,2014-8-03,533.75,533.75,533.75,533.75,-,0.00%
591,2014-8-01,533.75,531.25,543.88,530.62,-,0.64%
592,2014-7-31,530.38,526.38,536.12,523.5,-,0.45%
593,2014-7-30,528.0,521.62,528.88,519.88,-,1.42%
594,2014-7-29,520.62,534.38,535.5,518.62,-,-2.66%
595,2014-7-28,534.88,539.0,543.12,532.12,-,-0.51%
596,2014-7-25,537.62,528.88,538.38,526.62,-,1.63%
597,2014-7-24,529.0,530.62,541.88,526.12,-,-0.17%
598,2014-7-23,529.88,524.38,530.88,521.62,-,0.95%
599,2014-7-22,524.88,529.5,536.62,524.12,-,-1.01%
600,2014-7-21,530.25,530.12,531.12,523.88,-,-0.28%
601,2014-7-18,531.75,552.12,555.62,531.12,-,-3.54%
602,2014-7-17,551.25,537.88,561.38,530.88,-,2.46%
603,2014-7-16,538.0,537.38,544.38,535.88,-,-0.05%
604,2014-7-15,538.25,537.88,539.38,530.62,-,-0.02%
605,2014-7-14,538.38,527.38,538.88,524.25,-,2.38%
606,2014-7-11,525.88,547.5,549.62,525.12,-,-4.15%
607,2014-7-10,548.62,551.88,555.88,546.38,-,-0.48%
608,2014-7-09,551.25,556.12,558.0,547.75,-,-0.83%
609,2014-7-08,555.88,557.75,560.88,555.62,-,-0.43%
610,2014-7-07,558.25,579.5,584.25,556.12,-,-3.67%
611,2014-7-06,579.5,579.5,579.5,579.5,-,0.00%
612,2014-7-03,579.5,576.38,580.62,572.12,-,0.50%
613,2014-7-02,576.62,573.88,576.62,568.88,-,0.61%
614,2014-7-01,573.12,578.62,580.88,569.38,-,-0.63%
615,2014-6-30,576.75,591.62,592.38,568.75,-,-2.72%
616,2014-6-27,592.88,584.62,597.38,583.88,-,1.45%
617,2014-6-26,584.38,584.38,589.88,579.88,-,0.04%
618,2014-6-25,584.12,580.12,584.62,577.12,-,0.71%
619,2014-6-24,580.0,589.25,589.25,579.38,-,-1.55%
620,2014-6-23,589.12,594.62,600.88,587.38,-,0.73%
621,2014-6-20,584.88,592.88,594.62,582.88,-,-1.52%
622,2014-6-19,593.88,586.25,595.88,585.88,-,1.30%
623,2014-6-18,586.25,581.62,597.88,581.62,-,0.82%
624,2014-6-17,581.5,581.5,584.62,576.88,-,0.19%
625,2014-6-16,580.38,585.75,594.62,580.38,-,-0.81%
626,2014-6-13,585.12,585.88,594.38,583.62,-,0.04%
627,2014-6-12,584.88,588.38,593.38,584.88,-,-0.68%
628,2014-6-11,588.88,602.12,608.38,588.62,-,-2.04%
629,2014-6-10,601.12,614.12,615.75,599.38,-,-2.14%
630,2014-6-09,614.25,617.12,626.12,607.62,-,-0.83%
631,2014-6-06,619.38,605.88,619.38,603.25,-,2.35%
632,2014-6-05,605.12,614.38,617.25,605.12,-,-1.43%
633,2014-6-04,613.88,611.88,619.38,611.12,-,0.29%
634,2014-6-03,612.12,621.62,623.88,611.12,-,-1.33%
635,2014-6-02,620.38,625.75,626.12,616.38,-,-1.23%
636,2014-5-30,628.12,633.5,636.62,625.62,-,-0.65%
637,2014-5-29,632.25,638.5,644.62,629.88,-,-1.00%
638,2014-5-28,638.62,638.38,641.62,633.12,-,-0.35%
639,2014-5-27,640.88,644.88,648.38,640.38,-,-1.69%
640,2014-5-23,651.88,660.38,663.38,651.38,-,-1.17%
641,2014-5-22,659.62,665.62,669.38,654.62,-,-0.57%
642,2014-5-21,663.38,668.38,675.62,663.38,-,-0.86%
643,2014-5-20,669.12,674.75,685.88,666.25,-,-0.89%
644,2014-5-19,675.12,671.5,677.62,663.88,-,0.04%
645,2014-5-16,674.88,678.88,682.75,670.62,-,-0.44%
646,2014-5-15,677.88,690.88,690.88,676.88,-,-1.81%
647,2014-5-14,690.38,709.5,709.5,687.88,-,-2.71%
648,2014-5-13,709.62,713.88,715.12,704.12,-,-0.73%
649,2014-5-12,714.88,722.25,722.25,703.75,-,-1.09%
650,2014-5-11,722.75,722.75,722.75,722.75,-,0.00%
651,2014-5-09,722.75,734.0,738.88,722.12,-,-1.62%
652,2014-5-08,734.62,735.0,737.62,727.88,-,-0.58%
653,2014-5-07,738.88,736.75,739.62,727.25,-,0.03%
654,2014-5-06,738.62,732.62,743.88,723.88,-,1.55%
655,2014-5-05,727.38,723.12,740.0,721.62,-,1.59%
656,2014-5-02,716.0,709.5,720.62,706.12,-,1.04%
657,2014-5-01,708.62,723.25,724.38,701.38,-,-1.78%
658,2014-4-30,721.5,715.25,724.62,710.75,-,0.82%
659,2014-4-29,715.62,709.25,716.88,704.38,-,0.95%
660,2014-4-28,708.88,708.88,716.88,697.38,-,1.14%
661,2014-4-25,700.88,689.25,701.62,687.62,-,1.52%
662,2014-4-24,690.38,676.88,695.62,671.62,-,2.07%
663,2014-4-23,676.38,673.5,679.38,667.88,-,0.59%
664,2014-4-22,672.38,668.38,677.0,662.5,-,0.52%
665,2014-4-21,668.88,690.5,690.5,662.88,-,-3.10%
666,2014-4-17,690.25,687.62,701.38,686.38,-,0.33%
667,2014-4-16,688.0,700.88,710.88,684.62,-,-1.94%
668,2014-4-15,701.62,677.5,702.62,673.88,-,3.47%
669,2014-4-14,678.12,665.25,688.5,665.12,-,2.88%
670,2014-4-11,659.12,663.25,666.5,656.62,-,-0.47%
671,2014-4-10,662.25,669.25,670.88,656.38,-,-0.90%
672,2014-4-09,668.25,681.75,687.88,664.12,-,-1.62%
673,2014-4-08,679.25,676.38,684.88,668.25,-,0.39%
674,2014-4-07,676.62,670.5,679.38,665.62,-,0.95%
675,2014-4-04,670.25,674.12,676.25,658.88,-,-0.74%
676,2014-4-03,675.25,669.25,677.38,666.62,-,0.99%
677,2014-4-02,668.62,687.25,687.62,665.12,-,-2.44%
678,2014-4-01,685.38,695.88,697.62,683.62,-,-1.69%
679,2014-3-31,697.12,697.12,701.88,677.0,-,0.29%
680,2014-3-28,695.12,707.88,708.25,693.62,-,-2.16%
681,2014-3-27,710.5,696.5,713.38,692.12,-,1.88%
682,2014-3-26,697.38,708.88,711.62,694.88,-,-1.69%
683,2014-3-25,709.38,714.62,716.38,706.62,-,-0.56%
684,2014-3-24,713.38,692.5,718.12,687.25,-,3.05%
685,2014-3-21,692.25,705.38,707.12,692.12,-,-2.00%
686,2014-3-20,706.38,714.62,722.88,694.38,-,-1.29%
687,2014-3-19,715.62,691.38,718.38,686.12,-,3.43%
688,2014-3-18,691.88,676.25,693.38,672.5,-,2.56%
689,2014-3-17,674.62,686.38,694.12,672.62,-,-1.75%
690,2014-3-14,686.62,672.62,690.88,669.88,-,2.16%
691,2014-3-13,672.12,682.38,696.25,671.12,-,-1.75%
692,2014-3-12,684.12,658.5,684.38,652.12,-,3.95%
693,2014-3-11,658.12,639.5,667.38,637.12,-,2.89%
694,2014-3-10,639.62,654.88,656.38,639.25,-,-2.12%
695,2014-3-07,653.5,646.0,662.88,644.38,-,1.06%
696,2014-3-06,646.62,640.88,648.88,636.38,-,0.98%
697,2014-3-05,640.38,641.0,644.38,636.12,-,-0.45%
698,2014-3-04,643.25,632.0,644.62,621.12,-,1.38%
699,2014-3-03,634.5,623.62,644.12,615.0,-,5.68%
700,2014-2-28,600.38,590.25,604.88,590.12,-,1.69%
701,2014-2-27,590.38,606.0,606.88,588.38,-,-2.48%
702,2014-2-26,605.38,617.38,618.38,605.12,-,-1.92%
703,2014-2-25,617.25,617.0,619.75,605.12,-,0.00%
704,2014-2-24,617.25,602.5,617.38,600.75,-,1.21%
705,2014-2-21,609.88,616.25,617.38,609.38,-,-0.97%
706,2014-2-20,615.88,618.88,620.75,611.62,-,-0.73%
707,2014-2-19,620.38,611.88,620.38,609.88,-,1.35%
708,2014-2-18,612.12,599.25,613.12,598.88,-,2.45%
709,2014-2-14,597.5,594.88,602.88,594.5,-,0.50%
710,2014-2-13,594.5,586.38,596.62,585.38,-,1.47%
711,2014-2-12,585.88,589.25,598.0,585.88,-,-0.55%
712,2014-2-11,589.12,585.12,590.88,582.88,-,0.62%
713,2014-2-10,585.5,574.5,590.5,570.62,-,1.34%
714,2014-2-07,577.75,582.12,585.88,567.38,-,-0.37%
715,2014-2-06,579.88,586.75,592.88,579.62,-,-1.21%
716,2014-2-05,587.0,584.38,588.62,579.12,-,0.28%
717,2014-2-04,585.38,563.62,585.62,562.12,-,3.81%
718,2014-2-03,563.88,554.88,564.12,554.12,-,1.60%
719,2014-1-31,555.0,554.12,557.38,551.38,-,0.23%
720,2014-1-30,553.75,552.0,556.62,550.38,-,0.52%
721,2014-1-29,550.88,566.62,566.88,550.75,-,-2.65%
722,2014-1-28,565.88,564.12,568.88,564.12,-,0.35%
723,2014-1-27,563.88,567.12,572.12,563.12,-,-0.42%
724,2014-1-24,566.25,571.12,573.12,562.62,-,-0.64%
725,2014-1-23,569.88,561.62,577.62,561.62,-,1.56%
726,2014-1-22,561.12,562.62,566.62,560.88,-,-0.13%
727,2014-1-21,561.88,565.12,567.62,560.88,-,-0.18%
728,2014-1-17,562.88,572.88,574.25,562.88,-,-1.62%
729,2014-1-16,572.12,568.38,573.62,564.12,-,0.84%
730,2014-1-15,567.38,579.5,579.62,566.88,-,-2.07%
731,2014-1-14,579.38,571.38,579.62,570.62,-,1.13%
732,2014-1-13,572.88,571.75,575.88,570.12,-,0.84%
733,2014-1-10,568.12,584.38,590.25,560.88,-,-2.80%
734,2014-1-09,584.5,588.12,590.75,578.38,-,-0.53%
735,2014-1-08,587.62,603.12,607.12,587.38,-,-2.45%
736,2014-1-07,602.38,606.38,609.88,601.88,-,-0.62%
737,2014-1-06,606.12,608.12,612.38,605.12,-,-0.08%
738,2014-1-03,606.62,596.88,608.88,596.38,-,1.65%
739,2014-1-02,596.75,605.0,605.0,595.88,-,-1.38%
740,2014-1-01,605.12,605.12,605.12,605.12,-,0.00%
741,2013-12-31,605.12,601.62,607.12,599.38,-,0.83%
742,2013-12-30,600.12,608.0,609.0,600.12,-,-1.32%
743,2013-12-27,608.12,608.12,609.88,603.38,-,0.39%
744,2013-12-26,605.75,606.38,606.62,600.88,-,-0.10%
745,2013-12-24,606.38,610.38,611.62,605.88,-,-0.47%
746,2013-12-23,609.25,614.5,615.12,608.38,-,-0.71%
747,2013-12-20,613.62,610.38,615.62,607.38,-,0.57%
748,2013-12-19,610.12,614.88,621.12,610.12,-,-0.37%
749,2013-12-18,612.38,618.62,618.88,612.38,-,-1.05%
750,2013-12-17,618.88,622.38,626.62,618.88,-,-0.44%
751,2013-12-16,621.62,628.62,628.62,621.12,-,-1.19%
752,2013-12-13,629.12,633.38,634.88,626.88,-,-0.67%
753,2013-12-12,633.38,641.0,642.5,630.38,-,-1.21%
754,2013-12-11,641.12,639.88,643.38,635.38,-,0.25%
755,2013-12-10,639.5,649.88,652.12,635.12,-,-1.69%
756,2013-12-09,650.5,651.62,657.12,649.38,-,-0.04%
757,2013-12-06,650.75,652.12,654.88,649.38,-,-0.13%
758,2013-12-05,651.62,662.62,662.88,650.62,-,-1.57%
759,2013-12-04,662.0,668.38,672.12,661.38,-,-1.03%
760,2013-12-03,668.88,663.88,669.12,662.12,-,0.91%
761,2013-12-02,662.88,668.88,674.62,660.62,-,-0.80%
762,2013-11-29,668.25,668.5,670.62,665.12,-,0.55%
763,2013-11-27,664.62,656.62,666.88,656.38,-,1.35%
764,2013-11-26,655.75,659.0,660.62,653.38,-,-0.57%
765,2013-11-25,659.5,658.62,662.38,657.38,-,0.50%
766,2013-11-24,656.25,656.25,656.25,656.25,-,1.12%
767,2013-11-22,649.0,649.38,653.62,648.62,-,0.06%
768,2013-11-21,648.62,647.88,653.38,647.38,-,0.33%
769,2013-11-20,646.5,650.0,654.62,646.38,-,-0.54%
770,2013-11-19,650.0,642.75,651.12,642.75,-,1.19%
771,2013-11-18,642.38,646.25,649.62,642.38,-,-0.21%
772,2013-11-15,643.75,646.0,648.38,642.88,-,-0.17%
773,2013-11-14,644.88,645.88,652.88,644.38,-,-0.06%
774,2013-11-13,645.25,646.38,648.88,643.62,-,0.04%
775,2013-11-12,645.0,647.0,651.88,644.88,-,-0.19%
776,2013-11-11,646.25,651.12,659.38,646.0,-,-0.27%
777,2013-11-08,648.0,653.5,657.75,645.5,-,-0.82%
778,2013-11-07,653.38,654.0,657.12,652.38,-,-0.04%
779,2013-11-06,653.62,657.0,660.38,652.38,-,-0.44%
780,2013-11-05,656.5,662.62,665.12,655.25,-,-1.04%
781,2013-11-04,663.38,666.5,671.38,662.12,-,-0.56%
782,2013-11-01,667.12,667.75,672.12,664.62,-,-0.04%
783,2013-10-31,667.38,675.12,676.88,667.12,-,-1.00%
784,2013-10-30,674.12,684.88,686.0,674.12,-,-1.12%
785,2013-10-29,681.75,681.25,684.62,676.38,-,0.13%
786,2013-10-28,680.88,688.88,691.12,680.88,-,-1.55%
787,2013-10-25,691.62,696.38,701.88,690.38,-,-0.70%
788,2013-10-24,696.5,701.25,707.88,696.12,-,-0.75%
789,2013-10-23,701.75,700.75,710.38,699.75,-,0.16%
790,2013-10-22,700.62,699.12,704.12,696.12,-,0.25%
791,2013-10-21,698.88,706.12,711.12,694.12,-,-0.90%
792,2013-10-18,705.25,686.38,706.38,686.12,-,2.86%
793,2013-10-17,685.62,681.25,693.12,680.75,-,0.66%
794,2013-10-16,681.12,686.12,687.88,678.38,-,-0.66%
795,2013-10-15,685.62,691.88,693.62,685.38,-,-0.90%
796,2013-10-14,691.88,691.62,696.12,686.38,-,-0.02%
797,2013-10-11,692.0,684.62,695.38,682.38,-,1.02%
798,2013-10-10,685.0,691.12,695.62,684.12,-,-0.74%
799,2013-10-09,690.12,692.5,694.62,687.38,-,-0.43%
800,2013-10-08,693.12,694.12,699.62,688.12,-,-0.27%
801,2013-10-07,695.0,686.88,696.12,686.5,-,1.22%
802,2013-10-04,686.62,688.75,692.62,684.38,-,-0.29%
803,2013-10-03,688.62,685.75,697.88,685.5,-,0.38%
804,2013-10-02,686.0,681.0,689.62,678.0,-,0.38%
805,2013-10-01,683.38,678.12,683.38,672.62,-,0.63%
806,2013-9-30,679.12,681.0,694.0,676.88,-,-0.29%
807,2013-9-27,681.12,677.62,685.38,675.5,-,0.37%
808,2013-9-26,678.62,670.12,678.88,668.62,-,1.34%
809,2013-9-25,669.62,657.88,674.88,657.88,-,1.82%
810,2013-9-24,657.62,653.75,659.88,649.62,-,0.57%
811,2013-9-23,653.88,646.12,656.62,645.38,-,1.24%
812,2013-9-20,645.88,656.62,659.12,643.88,-,-1.58%
813,2013-9-19,656.25,647.38,662.38,646.62,-,1.67%
814,2013-9-18,645.5,642.38,647.88,642.0,-,0.47%
815,2013-9-17,642.5,641.62,651.0,641.38,-,0.25%
816,2013-9-16,640.88,641.12,648.62,638.62,-,0.06%
817,2013-9-13,640.5,652.62,652.62,640.12,-,-1.90%
818,2013-9-12,652.88,648.12,654.12,637.5,-,0.77%
819,2013-9-11,647.88,647.62,652.12,642.12,-,0.25%
820,2013-9-10,646.25,641.5,648.12,640.12,-,0.84%
821,2013-9-09,640.88,648.38,651.38,639.62,-,-1.04%
822,2013-9-06,647.62,639.12,652.88,638.25,-,1.29%
823,2013-9-05,639.38,645.75,646.25,637.12,-,-1.08%
824,2013-9-04,646.38,647.25,647.25,640.12,-,-0.17%
825,2013-9-03,647.5,663.0,663.62,645.38,-,-1.13%
826,2013-8-30,654.88,654.12,658.62,650.38,-,0.08%
827,2013-8-29,654.38,660.25,663.5,652.12,-,-0.91%
828,2013-8-28,660.38,665.12,669.38,658.62,-,-0.43%
829,2013-8-27,663.25,666.12,670.25,661.12,-,-0.58%
830,2013-8-26,667.12,651.88,676.38,651.62,-,5.27%
831,2013-8-23,633.75,629.0,637.88,628.5,-,0.52%
832,2013-8-22,630.5,640.38,640.38,629.88,-,-1.23%
833,2013-8-21,638.38,635.12,646.62,634.38,-,0.61%
834,2013-8-20,634.5,641.38,643.75,634.12,-,-0.94%
835,2013-8-19,640.5,636.5,642.38,635.25,-,1.43%
836,2013-8-16,631.5,637.75,641.12,626.62,-,-0.96%
837,2013-8-15,637.62,631.12,641.12,629.12,-,1.15%
838,2013-8-14,630.38,626.62,631.75,623.12,-,0.46%
839,2013-8-13,627.5,635.88,643.38,626.38,-,-1.22%
840,2013-8-12,635.25,633.25,644.88,630.12,-,0.26%
841,2013-8-09,633.62,642.0,644.88,630.62,-,-1.17%
842,2013-8-08,641.12,642.5,647.88,640.0,-,-0.43%
843,2013-8-07,643.88,650.25,652.88,639.12,-,-0.94%
844,2013-8-06,650.0,646.12,651.0,642.38,-,0.74%
845,2013-8-05,645.25,659.5,665.38,641.62,-,-2.27%
846,2013-8-02,660.25,657.75,667.12,656.5,-,0.17%
847,2013-8-01,659.12,663.38,667.38,648.38,-,-0.68%
848,2013-7-31,663.62,654.38,665.5,653.62,-,1.16%
849,2013-7-30,656.0,650.38,662.38,650.12,-,0.75%
850,2013-7-29,651.12,650.38,655.88,648.62,-,0.29%
851,2013-7-26,649.25,648.75,657.38,648.12,-,0.13%
852,2013-7-25,648.38,652.62,656.38,648.12,-,-0.73%
853,2013-7-24,653.12,653.88,661.62,653.12,-,-0.23%
854,2013-7-23,654.62,659.25,659.38,650.62,-,-0.80%
855,2013-7-22,659.88,666.38,667.75,655.12,-,-0.60%
856,2013-7-19,663.88,660.88,669.88,658.12,-,0.42%
857,2013-7-18,661.12,664.25,667.12,656.62,-,-0.62%
858,2013-7-17,665.25,669.5,674.0,664.12,-,-0.60%
859,2013-7-16,669.25,671.5,681.25,665.62,-,-0.04%
860,2013-7-15,669.5,677.12,677.62,667.62,-,-1.69%
861,2013-7-12,681.0,683.12,687.5,679.88,-,-0.20%
862,2013-7-11,682.38,679.12,692.88,676.0,-,0.63%
863,2013-7-10,678.12,676.12,682.12,668.62,-,0.26%
864,2013-7-09,676.38,662.88,682.62,662.5,-,2.11%
865,2013-7-08,662.38,659.0,671.25,659.0,-,0.38%
866,2013-7-05,659.88,670.88,672.38,659.38,-,-0.92%
867,2013-7-04,666.0,666.0,666.0,666.0,-,0.00%
868,2013-7-03,666.0,658.12,671.38,658.12,-,1.47%
869,2013-7-02,656.38,656.0,667.88,652.38,-,-0.04%
870,2013-7-01,656.62,655.5,663.75,652.88,-,-0.04%
871,2013-6-28,656.88,673.12,678.12,656.12,-,-2.38%
872,2013-6-27,672.88,677.0,683.12,672.88,-,-0.55%
873,2013-6-26,676.62,684.75,690.12,676.12,-,-1.24%
874,2013-6-25,685.12,687.88,694.62,684.88,-,-0.38%
875,2013-6-24,687.75,700.88,701.75,685.12,-,-1.45%
876,2013-6-21,697.88,700.38,704.38,696.12,-,-0.29%
877,2013-6-20,699.88,703.88,707.62,695.12,-,-0.74%
878,2013-6-19,705.12,684.5,710.62,682.62,-,2.66%
879,2013-6-18,686.88,681.5,689.38,680.88,-,0.51%
880,2013-6-17,683.38,677.88,688.62,674.75,-,0.33%
881,2013-6-14,681.12,685.5,685.5,676.62,-,-0.66%
882,2013-6-13,685.62,683.38,686.62,675.12,-,0.55%
883,2013-6-12,681.88,694.25,696.62,679.12,-,-2.05%
884,2013-6-11,696.12,690.12,699.62,686.88,-,0.85%
885,2013-6-10,690.25,693.25,693.5,680.62,-,-0.86%
886,2013-6-07,696.25,696.88,703.12,694.38,-,-0.32%
887,2013-6-06,698.5,701.62,706.12,693.62,-,-0.41%
888,2013-6-05,701.38,710.5,712.38,701.12,-,-1.16%
889,2013-6-04,709.62,707.5,712.88,700.12,-,0.04%
890,2013-6-03,709.38,707.75,714.38,692.62,-,0.39%
891,2013-5-31,706.62,697.38,707.38,692.88,-,1.25%
892,2013-5-30,697.88,699.12,702.25,687.62,-,-0.36%
893,2013-5-29,700.38,693.5,703.88,688.88,-,0.99%
894,2013-5-28,693.5,697.88,704.88,687.88,-,-0.41%
895,2013-5-24,696.38,704.38,707.25,696.38,-,-1.22%
896,2013-5-23,705.0,687.62,708.88,687.12,-,2.64%
897,2013-5-22,686.88,680.5,692.62,680.12,-,1.03%
898,2013-5-21,679.88,683.38,684.12,674.12,-,-0.93%
899,2013-5-20,686.25,681.38,688.0,674.62,-,0.53%
900,2013-5-17,682.62,688.38,689.62,680.62,-,-0.91%
901,2013-5-16,688.88,694.12,698.88,681.62,-,-0.72%
902,2013-5-15,693.88,710.88,711.12,692.62,-,-2.60%
903,2013-5-14,712.38,709.25,716.62,706.88,-,0.42%
904,2013-5-13,709.38,701.88,718.62,701.62,-,0.84%
905,2013-5-10,703.5,722.62,724.0,702.38,-,-2.85%
906,2013-5-09,724.12,704.88,727.5,702.88,-,2.64%
907,2013-5-08,705.5,707.88,712.62,700.12,-,-0.30%
908,2013-5-07,707.62,704.5,710.38,698.38,-,0.77%
909,2013-5-06,702.25,713.75,714.62,700.62,-,-2.70%
910,2013-5-03,721.75,727.62,734.88,716.62,-,-1.03%
911,2013-5-02,729.25,720.62,729.62,717.88,-,1.34%
912,2013-5-01,719.62,731.5,731.5,713.38,-,-1.45%
913,2013-4-30,730.25,716.25,736.62,705.12,-,2.10%
914,2013-4-29,715.25,696.5,719.62,695.38,-,4.13%
915,2013-4-26,686.88,701.5,701.5,686.88,-,-2.10%
916,2013-4-25,701.62,690.5,705.38,690.5,-,1.65%
917,2013-4-24,690.25,697.75,698.62,688.62,-,-1.09%
918,2013-4-23,697.88,702.88,703.5,690.38,-,-0.61%
919,2013-4-22,702.12,708.12,708.12,691.38,-,-0.88%
920,2013-4-19,708.38,703.62,711.38,697.62,-,0.60%
921,2013-4-18,704.12,705.38,711.75,696.12,-,0.11%
922,2013-4-17,703.38,703.75,715.38,698.62,-,-0.04%
923,2013-4-16,703.62,692.88,703.62,689.88,-,1.59%
924,2013-4-15,692.62,715.0,715.0,688.62,-,-3.01%
925,2013-4-12,714.12,699.0,715.88,698.5,-,2.24%
926,2013-4-11,698.5,697.38,705.62,693.75,-,0.23%
927,2013-4-10,696.88,706.12,712.75,688.88,-,-1.47%
928,2013-4-09,707.25,713.12,714.12,704.38,-,-0.63%
929,2013-4-08,711.75,700.0,715.88,700.0,-,1.77%
930,2013-4-05,699.38,692.38,700.38,689.38,-,0.99%
931,2013-4-04,692.5,701.75,701.88,684.62,-,-1.34%
932,2013-4-03,701.88,674.0,705.38,670.88,-,4.08%
933,2013-4-02,674.38,667.38,676.25,664.62,-,1.05%
934,2013-4-01,667.38,684.88,685.0,660.25,-,-2.50%
935,2013-3-31,684.5,682.88,688.0,681.25,-,-0.54%
936,2013-3-28,688.25,735.88,741.38,682.88,-,-6.49%
937,2013-3-27,736.0,729.5,740.62,728.75,-,0.87%
938,2013-3-26,729.62,726.38,732.5,723.62,-,0.48%
939,2013-3-25,726.12,729.88,730.38,722.62,-,-0.53%
940,2013-3-24,730.0,729.62,730.12,728.38,-,0.09%
941,2013-3-22,729.38,728.5,731.38,715.62,-,0.14%
942,2013-3-21,728.38,733.5,736.38,726.25,-,-0.72%
943,2013-3-20,733.62,727.25,736.62,723.12,-,0.86%
944,2013-3-19,727.38,714.38,727.62,709.38,-,1.86%
945,2013-3-18,714.12,716.38,719.25,705.75,-,-0.35%
946,2013-3-17,716.62,720.75,721.38,716.0,-,-0.90%
947,2013-3-15,723.12,724.62,724.88,717.62,-,-0.24%
948,2013-3-14,724.88,711.88,725.38,707.88,-,1.77%
949,2013-3-13,712.25,702.88,712.75,697.25,-,1.32%
950,2013-3-12,703.0,700.88,706.38,695.75,-,0.32%
951,2013-3-11,700.75,699.25,707.88,695.12,-,0.20%
952,2013-3-10,699.38,696.0,699.75,695.12,-,0.43%
953,2013-3-08,696.38,695.38,702.0,687.5,-,0.11%
954,2013-3-07,695.62,683.12,696.38,681.62,-,1.81%
955,2013-3-06,683.25,705.38,706.88,681.25,-,-3.12%
956,2013-3-05,705.25,703.38,708.62,701.12,-,0.25%
957,2013-3-04,703.5,719.12,722.38,697.88,-,-2.16%
958,2013-3-03,719.0,721.12,721.62,718.62,-,-0.19%
959,2013-3-01,720.38,716.5,726.38,708.12,-,0.56%
960,2013-2-28,716.38,712.12,722.88,711.12,-,0.61%
961,2013-2-27,712.0,712.5,721.88,710.12,-,0.02%
962,2013-2-26,711.88,705.75,711.88,698.12,-,0.85%
963,2013-2-25,705.88,720.38,722.12,704.12,-,-1.98%
964,2013-2-24,720.12,718.25,720.88,715.88,-,0.88%
965,2013-2-22,713.88,722.62,729.62,713.88,-,-1.26%
966,2013-2-21,723.0,736.75,737.38,719.62,-,-1.88%
967,2013-2-20,736.88,732.62,740.62,727.88,-,0.56%
968,2013-2-19,732.75,746.62,747.38,726.38,-,-1.25%
969,2013-2-15,742.0,734.62,744.38,733.88,-,1.04%
970,2013-2-14,734.38,737.62,740.62,725.12,-,-0.46%
971,2013-2-13,737.75,734.38,737.75,722.88,-,0.48%
972,2013-2-12,734.25,741.75,744.12,725.62,-,-1.03%
973,2013-2-11,741.88,757.62,757.62,740.88,-,-2.11%
974,2013-2-10,757.88,757.0,759.0,753.5,-,0.23%
975,2013-2-08,756.12,756.62,770.62,753.12,-,-0.08%
976,2013-2-07,756.75,759.88,764.25,752.88,-,-0.39%
977,2013-2-06,759.75,757.75,763.88,746.62,-,0.28%
978,2013-2-05,757.62,765.5,766.12,751.12,-,-1.01%
979,2013-2-04,765.38,766.12,773.38,761.12,-,-0.07%
980,2013-2-03,765.88,768.25,768.38,764.25,-,-0.03%
981,2013-2-01,766.12,781.5,789.88,764.62,-,-1.98%
982,2013-1-31,781.62,787.12,790.88,773.88,-,-0.65%
983,2013-1-30,786.75,773.75,788.88,771.88,-,1.66%
984,2013-1-29,773.88,778.25,784.88,773.75,-,-0.58%
985,2013-1-28,778.38,779.62,782.88,770.88,-,-0.14%
986,2013-1-27,779.5,778.62,780.38,777.38,-,0.47%
987,2013-1-25,775.88,771.25,780.62,764.38,-,0.58%
988,2013-1-24,771.38,772.62,774.88,763.12,-,-0.19%
989,2013-1-23,772.88,776.12,784.88,771.12,-,-0.45%
990,2013-1-22,776.38,794.88,799.62,776.12,-,-1.79%
991,2013-1-20,790.5,790.5,790.5,790.5,-,0.00%
992,2013-1-18,790.5,785.5,793.62,778.88,-,0.65%
993,2013-1-17,785.38,786.62,787.88,776.38,-,-0.17%
994,2013-1-16,786.75,783.25,790.62,777.12,-,0.43%
995,2013-1-15,783.38,769.88,789.38,769.12,-,1.70%
996,2013-1-14,770.25,767.62,776.62,763.5,-,0.36%
997,2013-1-13,767.5,761.75,767.5,760.88,-,1.27%
998,2013-1-11,757.88,745.88,771.75,736.38,-,1.59%
999,2013-1-10,746.0,749.75,756.12,744.12,-,-0.48%
1000,2013-1-09,749.62,751.0,756.88,745.12,-,-0.17%
1001,2013-1-08,750.88,752.12,759.12,749.62,-,-0.18%
1002,2013-1-07,752.25,748.12,760.25,743.62,-,0.53%
1003,2013-1-06,748.25,749.5,749.5,746.5,-,-0.08%
1004,2013-1-04,748.88,754.38,757.62,739.88,-,-0.71%
1005,2013-1-03,754.25,758.75,761.12,750.25,-,-0.61%
1006,2013-1-02,758.88,786.88,787.38,752.62,-,-2.52%
1007,2012-12-31,778.5,775.12,779.88,767.88,-,0.45%
1008,2012-12-30,775.0,778.62,778.62,774.62,-,-0.43%
1009,2012-12-28,778.38,777.0,784.38,767.12,-,0.19%
1010,2012-12-27,776.88,775.75,777.62,764.62,-,0.13%
1011,2012-12-26,775.88,794.12,794.88,773.88,-,-2.30%
1012,2012-12-24,794.12,794.62,796.12,791.38,-,-0.05%
1013,2012-12-23,794.5,794.25,796.12,793.75,-,0.33%
1014,2012-12-21,791.88,792.38,798.62,789.88,-,-0.05%
1015,2012-12-20,792.25,806.75,808.38,782.88,-,-1.84%
1016,2012-12-19,807.12,813.5,822.62,802.12,-,-0.77%
1017,2012-12-18,813.38,812.88,816.38,801.62,-,0.09%
1018,2012-12-17,812.62,814.62,818.25,805.12,-,-0.28%
1019,2012-12-16,814.88,815.88,818.62,813.38,-,0.12%
1020,2012-12-14,813.88,808.12,817.38,806.12,-,0.73%
1021,2012-12-13,808.0,812.75,817.62,801.62,-,-0.60%
1022,2012-12-12,812.88,824.0,825.38,809.12,-,-1.34%
1023,2012-12-11,823.88,848.12,848.62,816.12,-,-2.83%
1024,2012-12-10,847.88,857.88,861.88,846.88,-,-1.14%
1025,2012-12-09,857.62,861.5,861.88,857.0,-,-0.28%
1026,2012-12-07,860.0,860.38,864.62,853.12,-,-0.06%
1027,2012-12-06,860.5,860.5,864.13,853.12,-,-0.01%
1028,2012-12-05,860.62,858.38,863.38,852.62,-,0.28%
1029,2012-12-04,858.25,861.5,864.88,851.88,-,-0.35%
1030,2012-12-03,861.25,869.38,877.12,858.38,-,-0.26%
1031,2012-12-02,863.5,863.5,863.5,863.5,-,0.00%
1032,2012-11-30,863.5,885.38,885.5,862.63,-,-2.48%
1033,2012-11-29,885.5,887.0,894.88,880.88,-,-0.16%
1034,2012-11-28,886.88,886.12,895.12,879.88,-,0.10%
1035,2012-11-27,886.0,864.38,888.88,864.38,-,2.49%
1036,2012-11-26,864.5,859.88,868.75,859.5,-,0.55%
1037,2012-11-25,859.75,863.12,863.12,858.5,-,1.49%
1038,2012-11-23,847.13,850.0,853.12,846.13,-,0.24%
1039,2012-11-21,845.12,843.75,849.38,841.12,-,0.15%
1040,2012-11-20,843.88,843.62,849.62,837.5,-,0.06%
1041,2012-11-19,843.38,837.88,847.88,836.88,-,0.69%
1042,2012-11-18,837.62,836.25,838.75,835.88,-,0.06%
1043,2012-11-16,837.12,846.13,849.62,829.62,-,-1.05%
1044,2012-11-15,846.0,847.5,856.38,843.5,-,-0.19%
1045,2012-11-14,847.62,854.62,857.88,845.88,-,-0.78%
1046,2012-11-13,854.25,858.88,864.38,843.62,-,-0.51%
1047,2012-11-12,858.63,883.75,884.75,855.12,-,-2.86%
1048,2012-11-11,883.88,885.75,885.88,882.62,-,-0.38%
1049,2012-11-09,887.25,900.75,911.62,884.12,-,-1.49%
1050,2012-11-08,900.62,889.62,904.88,886.88,-,1.26%
1051,2012-11-07,889.38,876.38,896.62,870.75,-,1.51%
1052,2012-11-06,876.13,872.12,879.62,870.25,-,0.47%
1053,2012-11-05,872.0,867.88,875.62,863.63,-,0.49%
1054,2012-11-04,867.75,865.38,868.5,863.38,-,0.17%
1055,2012-11-02,866.25,865.12,873.62,859.25,-,0.12%
1056,2012-11-01,865.25,867.38,877.38,861.62,-,-0.19%
1057,2012-10-31,866.88,860.0,874.12,859.5,-,0.78%
1058,2012-10-30,860.12,857.5,866.38,852.88,-,0.28%
1059,2012-10-29,857.75,861.38,871.25,857.12,-,-0.41%
1060,2012-10-28,861.25,863.88,864.25,860.88,-,-0.32%
1061,2012-10-26,864.0,874.88,878.12,863.38,-,-1.23%
1062,2012-10-25,874.75,879.13,888.63,871.38,-,-0.41%
1063,2012-10-24,878.38,867.5,894.75,865.75,-,1.27%
1064,2012-10-23,867.38,877.0,878.12,860.12,-,-1.11%
1065,2012-10-22,877.12,873.88,884.38,871.38,-,0.37%
1066,2012-10-21,873.88,873.38,876.25,871.62,-,0.32%
1067,2012-10-19,871.13,868.38,885.25,866.38,-,0.30%
1068,2012-10-18,868.5,856.38,875.88,855.75,-,1.43%
1069,2012-10-17,856.25,846.38,857.62,845.63,-,1.15%
1070,2012-10-16,846.5,856.0,857.5,843.88,-,-1.12%
1071,2012-10-15,856.12,852.62,857.25,841.63,-,0.38%
1072,2012-10-14,852.88,856.88,860.12,852.12,-,-0.47%
1073,2012-10-12,856.88,882.25,884.38,853.38,-,-2.89%
1074,2012-10-11,882.38,868.62,893.88,859.5,-,1.57%
1075,2012-10-10,868.75,864.38,876.63,863.63,-,0.52%
1076,2012-10-09,864.25,862.88,873.62,862.75,-,0.20%
1077,2012-10-08,862.5,858.63,867.12,856.75,-,0.42%
1078,2012-10-07,858.88,856.88,859.25,855.38,-,0.23%
1079,2012-10-05,856.88,872.13,872.62,856.62,-,-1.76%
1080,2012-10-04,872.25,870.25,882.62,867.0,-,0.22%
1081,2012-10-03,870.38,867.75,878.38,858.13,-,0.32%
1082,2012-10-02,867.62,880.12,882.38,864.0,-,-1.43%
1083,2012-10-01,880.25,895.5,901.0,872.38,-,-1.72%
1084,2012-9-30,895.63,902.12,904.13,892.12,-,-0.42%
1085,2012-9-28,899.38,855.75,906.5,850.75,-,5.08%
1086,2012-9-27,855.88,872.75,875.5,849.38,-,-1.95%
1087,2012-9-26,872.88,887.63,888.75,866.63,-,-1.68%
1088,2012-9-25,887.75,886.38,897.38,880.88,-,0.17%
1089,2012-9-24,886.25,902.75,904.38,883.63,-,-1.81%
1090,2012-9-23,902.62,896.25,906.88,896.25,-,0.42%
1091,2012-9-21,898.88,881.38,898.88,880.62,-,2.06%
1092,2012-9-20,880.75,884.88,893.62,869.12,-,-0.48%
1093,2012-9-19,885.0,867.5,885.88,866.63,-,2.11%
1094,2012-9-18,866.75,883.88,887.63,860.88,-,-1.91%
1095,2012-9-17,883.63,916.25,918.38,876.38,-,-3.55%
1096,2012-9-16,916.12,921.75,926.63,915.12,-,-1.05%
1097,2012-9-14,925.88,901.5,930.63,898.75,-,2.72%
1098,2012-9-13,901.38,890.0,904.88,885.75,-,1.29%
1099,2012-9-12,889.88,884.0,893.38,869.0,-,0.68%
1100,2012-9-11,883.88,888.25,898.12,882.38,-,-0.52%
1101,2012-9-10,888.5,908.75,917.38,885.38,-,-2.21%
1102,2012-9-09,908.63,902.75,909.88,901.38,-,0.35%
1103,2012-9-07,905.5,890.62,912.38,884.88,-,1.66%
1104,2012-9-06,890.75,867.75,894.38,867.62,-,2.64%
1105,2012-9-05,867.88,886.38,887.12,865.62,-,-2.10%
1106,2012-9-04,886.5,892.0,903.88,881.12,-,-0.24%
1107,2012-8-31,888.63,903.38,905.88,881.12,-,-1.65%
1108,2012-8-30,903.5,902.38,914.5,897.38,-,0.14%
1109,2012-8-29,902.25,876.0,908.13,874.13,-,3.01%
1110,2012-8-28,875.88,878.62,888.88,871.5,-,-0.33%
1111,2012-8-27,878.75,892.25,899.12,878.75,-,-1.49%
1112,2012-8-26,892.0,893.25,893.62,887.12,-,2.84%
1113,2012-8-24,867.38,874.25,885.75,866.12,-,-0.80%
1114,2012-8-23,874.38,895.62,903.25,871.62,-,-2.36%
1115,2012-8-22,895.5,897.5,898.62,889.62,-,-0.15%
1116,2012-8-21,896.88,879.25,904.62,878.25,-,1.99%
1117,2012-8-20,879.38,872.38,883.38,867.12,-,0.82%
1118,2012-8-19,872.25,873.75,876.75,871.5,-,-0.19%
1119,2012-8-17,873.88,863.62,879.75,863.12,-,1.17%
1120,2012-8-16,863.75,847.0,868.88,841.12,-,2.01%
1121,2012-8-15,846.75,845.5,850.62,840.62,-,0.13%
1122,2012-8-14,845.62,859.5,865.88,838.75,-,-1.60%
1123,2012-8-13,859.38,880.5,882.88,855.0,-,-2.43%
1124,2012-8-12,880.75,883.25,885.12,879.0,-,-0.70%
1125,2012-8-10,887.0,915.12,930.88,880.88,-,-3.09%
1126,2012-8-09,915.25,899.88,919.25,899.25,-,1.72%
1127,2012-8-08,899.75,887.12,902.12,869.5,-,1.38%
1128,2012-8-07,887.5,892.0,904.62,883.63,-,-0.49%
1129,2012-8-06,891.88,884.75,897.0,879.62,-,0.76%
1130,2012-8-05,885.12,884.25,888.38,876.88,-,-0.67%
1131,2012-8-03,891.12,861.62,906.88,860.75,-,3.44%
1132,2012-8-02,861.5,881.5,883.38,856.12,-,-2.28%
1133,2012-8-01,881.62,893.25,897.0,861.88,-,-1.23%
1134,2012-7-31,892.62,911.12,919.38,886.38,-,-2.02%
1135,2012-7-30,911.0,909.75,919.62,905.88,-,0.12%
1136,2012-7-29,909.88,908.13,912.88,903.12,-,1.24%
1137,2012-7-27,898.75,880.12,910.88,879.62,-,2.15%
1138,2012-7-26,879.88,892.88,904.13,873.88,-,-1.47%
1139,2012-7-25,893.0,863.62,908.75,863.25,-,3.43%
1140,2012-7-24,863.38,891.75,902.63,852.88,-,-3.20%
1141,2012-7-23,891.88,932.13,933.5,889.5,-,-4.33%
1142,2012-7-22,932.25,942.0,942.0,926.12,-,-1.23%
1143,2012-7-20,943.88,932.75,944.5,917.0,-,1.21%
1144,2012-7-19,932.63,898.88,937.88,896.75,-,3.81%
1145,2012-7-18,898.38,883.62,907.38,865.75,-,1.65%
1146,2012-7-17,883.75,895.75,898.12,867.75,-,-1.38%
1147,2012-7-16,896.12,867.0,897.38,864.5,-,3.37%
1148,2012-7-15,866.88,858.0,867.88,856.5,-,2.39%
1149,2012-7-13,846.62,845.25,865.5,845.0,-,0.13%
1150,2012-7-12,845.5,829.25,857.75,820.38,-,1.94%
1151,2012-7-11,829.38,822.62,848.38,803.62,-,0.84%
1152,2012-7-10,822.5,817.62,833.12,807.0,-,0.58%
1153,2012-7-09,817.75,821.38,844.62,815.62,-,-0.46%
1154,2012-7-08,821.5,818.38,823.75,815.88,-,1.78%
1155,2012-7-06,807.12,827.88,831.62,804.12,-,-2.52%
1156,2012-7-05,828.0,814.62,840.38,809.62,-,3.61%
1157,2012-7-03,799.12,775.38,800.38,774.38,-,3.05%
1158,2012-7-02,775.5,773.5,779.25,756.38,-,0.27%
1159,2012-7-01,773.38,758.88,773.88,758.88,-,1.91%
1160,2012-6-29,758.88,742.25,761.62,740.62,-,2.22%
1161,2012-6-28,742.38,747.75,757.12,741.88,-,-0.74%
1162,2012-6-27,747.88,742.12,763.38,739.38,-,0.81%
1163,2012-6-26,741.88,747.12,751.62,725.62,-,-0.69%
1164,2012-6-25,747.0,702.5,755.12,702.38,-,6.32%
1165,2012-6-24,702.62,696.5,706.0,696.5,-,4.15%
1166,2012-6-22,674.62,658.62,684.62,658.38,-,2.45%
1167,2012-6-21,658.5,658.38,681.5,655.12,-,-0.02%
1168,2012-6-20,658.62,649.75,664.38,641.0,-,1.39%
1169,2012-6-19,649.62,631.38,651.12,631.38,-,2.87%
1170,2012-6-18,631.5,615.38,633.88,613.25,-,2.60%
1171,2012-6-17,615.5,613.25,615.62,613.25,-,0.26%
1172,2012-6-15,613.88,621.38,626.62,607.75,-,-1.19%
1173,2012-6-14,621.25,619.25,628.88,616.38,-,0.34%
1174,2012-6-13,619.12,618.0,623.62,614.88,-,0.20%
1175,2012-6-12,617.88,627.12,638.75,613.38,-,-1.49%
1176,2012-6-11,627.25,630.12,642.12,627.12,-,-0.44%
1177,2012-6-10,630.0,631.25,634.12,629.88,-,-0.02%
1178,2012-6-08,630.12,635.38,638.62,627.88,-,-0.81%
1179,2012-6-07,635.25,625.75,644.38,620.38,-,1.54%
1180,2012-6-06,625.62,615.75,628.62,614.25,-,1.62%
1181,2012-6-05,615.62,628.0,630.88,612.12,-,-2.01%
1182,2012-6-04,628.25,613.62,631.12,613.38,-,2.40%
1183,2012-6-03,613.5,615.88,616.0,613.38,-,0.04%
1184,2012-6-01,613.25,645.38,646.25,611.25,-,-5.01%
1185,2012-5-31,645.62,652.38,653.75,643.12,-,-1.02%
1186,2012-5-30,652.25,660.12,660.88,644.38,-,-1.21%
1187,2012-5-29,660.25,674.0,683.75,655.88,-,-2.89%
1188,2012-5-25,679.88,665.25,687.0,661.88,-,2.18%
1189,2012-5-24,665.38,669.62,675.88,661.88,-,-0.67%
1190,2012-5-23,669.88,684.12,684.12,663.62,-,-2.05%
1191,2012-5-22,683.88,697.38,701.88,682.12,-,-1.95%
1192,2012-5-21,697.5,703.62,721.38,683.12,-,-0.91%
1193,2012-5-20,703.88,703.25,703.88,702.88,-,1.30%
1194,2012-5-18,694.88,657.75,697.12,652.62,-,5.66%
1195,2012-5-17,657.62,639.0,658.25,639.0,-,2.93%
1196,2012-5-16,638.88,609.0,640.12,604.12,-,4.88%
1197,2012-5-15,609.12,598.62,616.88,598.62,-,1.80%
1198,2012-5-14,598.38,598.62,601.88,592.38,-,-0.06%
1199,2012-5-13,598.75,599.12,600.88,598.62,-,0.36%
1200,2012-5-11,596.62,600.62,603.62,592.38,-,-0.71%
1201,2012-5-10,600.88,602.5,607.38,595.62,-,-0.25%
1202,2012-5-09,602.38,617.12,617.38,598.62,-,-2.41%
1203,2012-5-08,617.25,611.62,620.75,611.62,-,0.88%
1204,2012-5-07,611.88,609.12,613.88,600.88,-,0.49%
1205,2012-5-06,608.88,608.25,609.38,607.75,-,0.00%
1206,2012-5-04,608.88,618.25,620.62,599.62,-,-1.50%
1207,2012-5-03,618.12,616.0,621.62,613.38,-,0.32%
1208,2012-5-02,616.12,640.25,640.88,612.5,-,-3.73%
1209,2012-5-01,640.0,652.5,653.38,638.88,-,-1.93%
1210,2012-4-30,652.62,648.75,655.38,640.38,-,0.58%
1211,2012-4-29,648.88,647.5,651.38,647.5,-,-0.08%
1212,2012-4-27,649.38,636.12,654.88,632.75,-,2.10%
1213,2012-4-26,636.0,627.12,636.62,624.62,-,1.39%
1214,2012-4-25,627.25,638.88,642.5,624.12,-,-1.80%
1215,2012-4-24,638.75,632.88,646.62,631.38,-,0.91%
1216,2012-4-23,633.0,622.38,634.88,621.5,-,1.73%
1217,2012-4-22,622.25,623.25,623.62,621.38,-,0.87%
1218,2012-4-20,616.88,626.0,627.88,614.62,-,-1.44%
1219,2012-4-19,625.88,613.62,628.12,613.38,-,1.95%
1220,2012-4-18,613.88,616.0,618.5,604.25,-,-0.37%
1221,2012-4-17,616.12,618.62,626.88,615.12,-,-0.42%
1222,2012-4-16,618.75,620.38,625.38,615.12,-,-0.24%
1223,2012-4-15,620.25,623.25,623.25,619.5,-,-0.42%
1224,2012-4-13,622.88,640.0,643.12,618.62,-,-2.66%
1225,2012-4-12,639.88,629.75,645.38,629.12,-,1.59%
1226,2012-4-11,629.88,622.88,633.62,619.88,-,1.14%
1227,2012-4-10,622.75,641.5,651.62,622.62,-,-2.90%
1228,2012-4-09,641.38,641.75,648.88,636.88,-,-0.04%
1229,2012-4-08,641.62,636.62,642.62,636.62,-,0.47%
1230,2012-4-05,638.62,641.5,649.62,636.12,-,-0.41%
1231,2012-4-04,641.25,658.25,658.25,635.62,-,-2.60%
1232,2012-4-03,658.38,653.75,658.88,650.12,-,0.69%
1233,2012-4-02,653.88,663.38,664.12,649.38,-,-1.45%
1234,2012-4-01,663.5,662.88,665.62,662.0,-,0.70%
1235,2012-3-30,658.88,616.75,668.62,613.62,-,6.85%
1236,2012-3-29,616.62,633.38,635.12,611.5,-,-2.63%
1237,2012-3-28,633.25,640.75,646.12,630.12,-,-1.19%
1238,2012-3-27,640.88,658.88,663.38,638.88,-,-2.71%
1239,2012-3-26,658.75,650.12,670.38,650.12,-,1.31%
1240,2012-3-25,650.25,654.88,655.25,650.12,-,-0.67%
1241,2012-3-23,654.62,648.88,654.88,646.38,-,0.91%
1242,2012-3-22,648.75,640.62,650.38,631.38,-,1.25%
1243,2012-3-21,640.75,642.88,647.25,635.62,-,-0.31%
1244,2012-3-20,642.75,652.12,652.38,640.12,-,-1.46%
1245,2012-3-19,652.25,674.38,674.88,651.62,-,-3.30%
1246,2012-3-18,674.5,670.88,675.12,670.12,-,0.35%
1247,2012-3-16,672.12,663.5,672.62,660.25,-,1.28%
1248,2012-3-15,663.62,646.12,665.38,643.38,-,2.69%
1249,2012-3-14,646.25,649.75,650.88,640.88,-,-0.50%
1250,2012-3-13,649.5,651.38,657.38,645.25,-,-0.25%
1251,2012-3-12,651.12,639.12,653.12,638.75,-,1.86%
1252,2012-3-11,639.25,643.12,643.12,638.25,-,-0.25%
1253,2012-3-09,640.88,635.38,649.88,634.38,-,0.98%
1254,2012-3-08,634.62,640.75,647.5,633.62,-,-0.63%
1255,2012-3-07,638.62,658.62,658.62,636.38,-,-2.82%
1256,2012-3-06,657.12,671.38,671.5,655.38,-,-2.05%
1257,2012-3-05,670.88,673.5,677.5,667.88,-,-0.20%
1258,2012-3-02,672.25,663.38,675.38,657.75,-,1.40%
1259,2012-3-01,663.0,666.62,672.62,658.88,-,-0.73%
1260,2012-2-29,667.88,666.25,674.38,660.38,-,0.07%
1261,2012-2-28,667.38,651.75,668.88,649.62,-,2.08%
1262,2012-2-27,653.75,643.12,653.75,633.38,-,1.79%
1263,2012-2-24,642.25,641.88,643.38,632.62,-,0.21%
1264,2012-2-23,640.88,644.12,645.62,635.38,-,-0.62%
1265,2012-2-22,644.88,632.75,645.75,628.62,-,1.78%
1266,2012-2-21,633.62,648.12,648.12,623.88,-,-1.63%
1267,2012-2-17,644.12,626.62,646.62,626.0,-,2.71%
1268,2012-2-16,627.12,627.75,632.38,621.12,-,0.16%
1269,2012-2-15,626.12,635.12,640.12,624.38,-,-1.28%
1270,2012-2-14,634.25,640.75,642.88,632.62,-,-1.19%
1271,2012-2-13,641.88,635.12,642.12,631.38,-,1.91%
1272,2012-2-10,629.88,645.12,645.62,628.62,-,-2.40%
1273,2012-2-09,645.38,660.88,664.75,641.88,-,-2.38%
1274,2012-2-08,661.12,662.12,669.62,653.12,-,0.00%
1275,2012-2-07,661.12,669.12,671.88,655.38,-,-1.12%
1276,2012-2-06,668.62,660.25,668.88,656.75,-,1.25%
1277,2012-2-03,660.38,663.38,670.75,653.88,-,-0.19%
1278,2012-2-02,661.62,674.5,674.5,657.38,-,-1.93%
1279,2012-2-01,674.62,666.75,683.25,666.62,-,1.20%
1280,2012-1-31,666.62,645.25,667.38,644.88,-,3.53%
1281,2012-1-30,643.88,646.62,653.88,635.38,-,-0.52%
1282,2012-1-27,647.25,652.75,656.38,645.38,-,-0.90%
1283,2012-1-26,653.12,640.88,658.0,639.88,-,1.79%
1284,2012-1-25,641.62,632.88,648.75,629.62,-,1.26%
1285,2012-1-24,633.62,619.88,637.88,614.12,-,2.26%
1286,2012-1-23,619.62,613.62,620.5,613.62,-,1.47%
1287,2012-1-20,610.62,605.12,611.75,597.12,-,0.74%
1288,2012-1-19,606.12,592.38,606.38,591.88,-,2.36%
1289,2012-1-18,592.12,605.75,606.25,590.12,-,-2.11%
1290,2012-1-17,604.88,603.38,611.75,601.62,-,0.54%
1291,2012-1-13,601.62,603.88,609.88,599.12,-,-0.70%
1292,2012-1-12,605.88,641.38,648.62,592.0,-,-5.81%
1293,2012-1-11,643.25,639.12,643.25,632.5,-,0.57%
1294,2012-1-10,639.62,640.62,644.62,634.38,-,-0.43%
1295,2012-1-09,642.38,625.75,644.88,625.25,-,2.84%
1296,2012-1-06,624.62,629.38,636.88,624.62,-,-0.44%
1297,2012-1-05,627.38,649.12,650.12,627.12,-,-3.50%
1298,2012-1-04,650.12,656.38,661.12,645.62,-,-1.25%
1299,2012-1-03,658.38,665.88,670.5,654.0,-,0.80%
1300,2012-1-02,653.12,653.12,653.12,653.12,-,0.00%
1301,2011-12-30,653.12,644.38,654.38,642.62,-,1.24%
1302,2011-12-29,645.12,649.38,654.38,641.88,-,-0.85%
1303,2011-12-28,650.62,643.62,655.75,641.5,-,1.09%
1304,2011-12-27,643.62,629.12,646.88,628.88,-,3.52%
1305,2011-12-26,621.75,621.75,621.75,621.75,-,0.00%
1306,2011-12-25,621.75,621.75,621.75,621.75,-,-0.04%
1307,2011-12-23,622.0,620.62,627.62,618.62,-,0.08%
1308,2011-12-22,621.5,617.12,625.62,611.5,-,0.61%
1309,2011-12-21,617.75,606.62,617.88,600.62,-,1.79%
1310,2011-12-20,606.88,599.5,608.62,595.75,-,1.00%
1311,2011-12-19,600.88,585.88,603.12,581.88,-,3.04%
1312,2011-12-16,583.12,578.75,587.38,577.25,-,0.82%
1313,2011-12-15,578.38,582.62,587.75,578.38,-,-0.54%
1314,2011-12-14,581.5,600.38,602.62,579.62,-,-3.35%
1315,2011-12-13,601.62,594.12,608.88,593.38,-,1.30%
1316,2011-12-12,593.88,593.88,601.62,587.5,-,-0.27%
1317,2011-12-11,595.5,595.5,595.5,595.5,-,-0.10%
1318,2011-12-09,596.12,595.38,599.25,584.12,-,0.04%
1319,2011-12-08,595.88,600.0,602.88,591.25,-,-0.75%
1320,2011-12-07,600.38,612.38,615.38,598.88,-,-1.96%
1321,2011-12-06,612.38,611.38,616.88,600.38,-,0.08%
1322,2011-12-05,611.88,627.38,631.5,607.62,-,-2.35%
1323,2011-12-02,626.62,616.0,631.25,611.88,-,1.99%
1324,2011-12-01,614.38,615.0,624.88,605.88,-,-0.08%
1325,2011-11-30,614.88,613.88,629.0,607.38,-,0.00%
1326,2011-11-29,614.88,592.5,618.88,591.12,-,3.71%
1327,2011-11-28,592.88,595.12,603.38,590.12,-,3.29%
1328,2011-11-25,574.0,578.25,586.12,572.5,-,-0.99%
1329,2011-11-23,579.75,594.25,595.75,577.38,-,-2.42%
1330,2011-11-22,594.12,592.38,597.0,586.12,-,0.38%
1331,2011-11-21,591.88,598.62,601.62,584.62,-,-0.80%
1332,2011-11-18,596.62,593.25,602.38,586.62,-,0.80%
1333,2011-11-17,591.88,616.12,617.62,590.62,-,-4.09%
1334,2011-11-16,617.12,631.62,639.5,615.12,-,-2.35%
1335,2011-11-15,632.0,616.0,634.12,612.38,-,2.83%
1336,2011-11-14,614.62,616.88,622.0,610.5,-,-0.55%
1337,2011-11-11,618.0,619.75,625.62,609.62,-,-0.54%
1338,2011-11-10,621.38,641.62,648.5,618.88,-,-3.31%
1339,2011-11-09,642.62,655.62,657.62,633.75,-,-2.36%
1340,2011-11-08,658.12,639.0,659.12,636.75,-,2.99%
1341,2011-11-07,639.0,638.88,640.62,630.12,-,0.57%
1342,2011-11-04,635.38,634.88,639.88,623.5,-,0.12%
1343,2011-11-03,634.62,623.75,644.12,620.25,-,1.64%
1344,2011-11-02,624.38,625.88,638.12,620.38,-,-0.28%
1345,2011-11-01,626.12,629.62,633.75,612.5,-,-0.50%
1346,2011-10-31,629.25,647.5,647.88,619.5,-,-2.84%
1347,2011-10-30,647.62,644.75,647.88,644.75,-,0.23%
1348,2011-10-28,646.12,643.25,652.62,636.38,-,0.54%
1349,2011-10-27,642.62,621.5,647.62,621.5,-,3.42%
1350,2011-10-26,621.38,636.0,643.38,616.62,-,-2.20%
1351,2011-10-25,635.38,642.38,646.88,634.25,-,-1.09%
1352,2011-10-24,642.38,633.25,646.88,632.62,-,1.36%
1353,2011-10-23,633.75,631.88,633.75,630.75,-,0.50%
1354,2011-10-21,630.62,631.5,649.62,628.38,-,-0.04%
1355,2011-10-20,630.88,616.88,632.88,613.75,-,2.25%
1356,2011-10-19,617.0,629.75,636.88,616.75,-,-2.01%
1357,2011-10-18,629.62,624.62,630.88,613.12,-,0.76%
1358,2011-10-17,624.88,622.25,634.12,620.12,-,0.56%
1359,2011-10-16,621.38,623.88,626.38,621.38,-,-0.40%
1360,2011-10-14,623.88,622.12,632.88,612.5,-,0.34%
1361,2011-10-13,621.75,624.12,630.38,605.5,-,-0.34%
1362,2011-10-12,623.88,658.12,662.5,620.12,-,-5.11%
1363,2011-10-11,657.5,614.75,665.12,612.5,-,6.98%
1364,2011-10-10,614.62,612.62,628.62,610.62,-,0.41%
1365,2011-10-09,612.12,607.62,613.12,606.62,-,0.53%
1366,2011-10-07,608.88,615.25,622.88,606.38,-,-1.02%
1367,2011-10-06,615.12,626.5,639.38,613.5,-,-1.80%
1368,2011-10-05,626.38,611.0,628.62,607.38,-,2.50%
1369,2011-10-04,611.12,615.75,620.62,597.0,-,-0.77%
1370,2011-10-03,615.88,612.25,622.75,596.88,-,0.57%
1371,2011-10-02,612.38,609.12,613.75,608.62,-,1.05%
1372,2011-9-30,606.0,658.62,661.25,605.38,-,-7.97%
1373,2011-9-29,658.5,632.75,661.38,627.38,-,4.07%
1374,2011-9-28,632.75,651.75,657.38,632.75,-,-3.01%
1375,2011-9-27,652.38,654.62,669.62,650.38,-,-0.32%
1376,2011-9-26,654.5,644.75,655.25,624.88,-,1.30%
1377,2011-9-25,646.12,646.38,647.62,643.88,-,0.54%
1378,2011-9-23,642.62,637.75,649.38,634.12,-,0.78%
1379,2011-9-22,637.62,662.62,662.62,632.62,-,-3.70%
1380,2011-9-21,662.12,673.38,682.62,661.0,-,-1.63%
1381,2011-9-20,673.12,676.38,687.62,672.25,-,-0.52%
1382,2011-9-19,676.62,688.62,688.62,667.12,-,-1.72%
1383,2011-9-18,688.5,688.38,691.0,687.0,-,-0.70%
1384,2011-9-16,693.38,698.38,705.0,689.75,-,-0.63%
1385,2011-9-15,697.75,704.75,704.88,686.25,-,-0.89%
1386,2011-9-14,704.0,703.75,712.5,698.12,-,0.02%
1387,2011-9-13,703.88,730.88,731.88,696.25,-,-3.79%
1388,2011-9-12,731.62,727.75,734.88,711.62,-,0.50%
1389,2011-9-11,728.0,730.12,730.12,726.62,-,-0.15%
1390,2011-9-09,729.12,738.25,742.12,727.12,-,-1.22%
1391,2011-9-08,738.12,753.0,753.62,733.62,-,-2.04%
1392,2011-9-07,753.5,763.62,772.75,748.12,-,-1.33%
1393,2011-9-06,763.62,765.88,770.25,750.12,-,-0.26%
1394,2011-9-05,765.62,776.62,776.62,762.88,-,-1.32%
1395,2011-9-02,775.88,765.12,777.88,758.12,-,1.40%
1396,2011-9-01,765.12,787.88,789.12,758.38,-,-2.92%
1397,2011-8-31,788.12,786.0,793.88,775.38,-,0.29%
1398,2011-8-30,785.88,789.62,795.5,781.38,-,-0.49%
1399,2011-8-29,789.75,770.25,805.62,765.25,-,2.48%
1400,2011-8-28,770.62,761.75,770.62,761.75,-,1.13%
1401,2011-8-26,762.0,753.5,768.62,747.38,-,1.01%
1402,2011-8-25,754.38,746.38,763.88,735.88,-,1.04%
1403,2011-8-24,746.62,755.0,763.88,745.38,-,-1.11%
1404,2011-8-23,755.0,737.38,758.75,737.38,-,2.36%
1405,2011-8-22,737.62,732.12,746.5,732.12,-,0.75%
1406,2011-8-21,732.12,734.62,734.62,730.88,-,0.05%
1407,2011-8-19,731.75,706.12,733.38,701.12,-,3.63%
1408,2011-8-18,706.12,725.62,725.75,700.5,-,-2.67%
1409,2011-8-17,725.5,725.75,739.25,722.62,-,-0.02%
1410,2011-8-16,725.62,710.5,732.5,704.5,-,2.15%
1411,2011-8-15,710.38,711.38,721.12,707.5,-,-0.11%
1412,2011-8-14,711.12,705.38,711.75,704.88,-,1.07%
1413,2011-8-12,703.62,703.5,718.62,696.38,-,0.07%
1414,2011-8-11,703.12,684.88,719.88,680.38,-,2.72%
1415,2011-8-10,684.5,683.12,690.75,676.62,-,0.24%
1416,2011-8-09,682.88,651.62,687.12,643.62,-,4.76%
1417,2011-8-08,651.88,673.5,677.38,642.5,-,-3.23%
1418,2011-8-07,673.62,666.75,675.75,665.62,-,-0.61%
1419,2011-8-05,677.75,673.12,682.38,665.62,-,0.71%
1420,2011-8-04,673.0,705.5,706.25,667.5,-,-4.52%
1421,2011-8-03,704.88,715.25,718.62,703.38,-,-1.47%
1422,2011-8-02,715.38,680.88,722.5,667.75,-,5.05%
1423,2011-8-01,681.0,674.5,690.38,670.12,-,0.91%
1424,2011-7-31,674.88,671.12,676.0,670.38,-,0.30%
1425,2011-7-29,672.88,697.88,699.75,670.0,-,-3.51%
1426,2011-7-28,697.38,700.0,714.62,692.38,-,-0.36%
1427,2011-7-27,699.88,692.25,712.12,686.25,-,1.12%
1428,2011-7-26,692.12,687.75,698.88,679.38,-,0.65%
1429,2011-7-25,687.62,683.75,695.12,671.62,-,0.59%
1430,2011-7-24,683.62,684.0,687.75,681.5,-,-1.41%
1431,2011-7-22,693.38,680.25,693.38,669.5,-,1.85%
1432,2011-7-21,680.75,687.5,702.25,672.0,-,-0.96%
1433,2011-7-20,687.38,701.0,707.12,685.12,-,-1.89%
1434,2011-7-19,700.62,693.75,727.5,689.25,-,1.01%
1435,2011-7-18,693.62,681.5,694.62,676.25,-,1.80%
1436,2011-7-17,681.38,694.5,695.38,680.12,-,-2.01%
1437,2011-7-15,695.38,707.62,715.62,692.75,-,-1.77%
1438,2011-7-14,707.88,716.25,720.25,690.5,-,-1.13%
1439,2011-7-13,716.0,667.5,719.12,665.12,-,7.27%
1440,2011-7-12,667.5,638.25,676.0,617.62,-,4.60%
1441,2011-7-11,638.12,647.38,649.88,626.88,-,-1.43%
1442,2011-7-10,647.38,655.25,655.25,646.25,-,-0.40%
1443,2011-7-08,650.0,634.75,657.25,633.62,-,2.32%
1444,2011-7-07,635.25,623.62,639.88,619.25,-,1.78%
1445,2011-7-06,624.12,635.38,639.38,620.12,-,-1.75%
1446,2011-7-05,635.25,625.38,640.88,623.12,-,1.54%
1447,2011-7-04,625.62,611.12,625.88,611.12,-,2.29%
1448,2011-7-01,611.62,600.5,623.0,592.88,-,1.87%
1449,2011-6-30,600.38,674.75,677.75,596.0,-,-11.06%
1450,2011-6-29,675.0,680.62,696.88,662.12,-,-0.84%
1451,2011-6-28,680.75,657.88,682.0,653.38,-,3.52%
1452,2011-6-27,657.62,653.12,658.88,642.62,-,0.71%
1453,2011-6-26,653.0,661.25,661.25,652.62,-,3.38%
1454,2011-6-24,631.62,645.88,659.0,631.62,-,-2.19%
1455,2011-6-23,645.75,636.75,651.88,606.12,-,1.39%
1456,2011-6-22,636.88,677.38,680.25,617.38,-,-5.96%
1457,2011-6-21,677.25,658.38,680.62,655.88,-,2.85%
1458,2011-6-20,658.5,673.88,674.62,656.12,-,-2.30%
1459,2011-6-19,674.0,673.75,675.12,671.88,-,0.32%
1460,2011-6-17,671.88,671.25,683.62,664.12,-,0.15%
1461,2011-6-16,670.88,711.0,712.88,666.25,-,-5.69%
1462,2011-6-15,711.38,732.0,734.12,701.25,-,-2.80%
1463,2011-6-14,731.88,745.88,746.75,714.5,-,-1.98%
1464,2011-6-13,746.62,766.38,768.62,740.38,-,-2.59%
1465,2011-6-12,766.5,760.62,769.88,760.62,-,0.87%
1466,2011-6-10,759.88,748.5,763.38,738.12,-,1.57%
1467,2011-6-09,748.12,752.0,769.5,739.62,-,-0.50%
1468,2011-6-08,751.88,741.62,759.12,731.88,-,1.42%
1469,2011-6-07,741.38,746.62,746.88,731.38,-,-0.62%
1470,2011-6-06,746.0,774.88,777.38,741.25,-,-3.77%
1471,2011-6-05,775.25,772.25,777.88,772.0,-,0.31%
1472,2011-6-03,772.88,772.25,780.88,759.25,-,0.05%
1473,2011-6-02,772.5,761.62,774.12,758.62,-,1.44%
1474,2011-6-01,761.5,787.12,787.62,754.38,-,-3.26%
1475,2011-5-31,787.12,792.62,806.38,773.0,-,-0.71%
1476,2011-5-30,792.75,793.5,794.88,784.62,-,-3.40%
1477,2011-5-27,820.62,819.0,826.88,803.62,-,0.21%
1478,2011-5-26,818.88,802.38,828.5,802.0,-,1.99%
1479,2011-5-25,802.88,787.62,802.88,778.12,-,1.92%
1480,2011-5-24,787.75,797.5,809.5,777.75,-,-1.25%
1481,2011-5-23,797.75,820.38,820.38,785.75,-,-2.73%
1482,2011-5-22,820.12,816.62,820.88,812.38,-,1.67%
1483,2011-5-20,806.62,808.75,818.75,791.12,-,-0.25%
1484,2011-5-19,808.62,819.25,834.38,805.12,-,-1.24%
1485,2011-5-18,818.75,771.5,826.75,767.62,-,6.14%
1486,2011-5-17,771.38,736.0,773.88,731.88,-,4.79%
1487,2011-5-16,736.12,738.75,747.25,730.62,-,-0.37%
1488,2011-5-15,738.88,730.5,742.12,730.5,-,1.34%
1489,2011-5-13,729.12,738.62,749.0,723.25,-,-1.27%
1490,2011-5-12,738.5,759.62,764.75,728.88,-,-2.76%
1491,2011-5-11,759.5,799.75,804.38,756.62,-,-5.05%
1492,2011-5-10,799.88,792.75,816.38,792.12,-,0.93%
1493,2011-5-09,792.5,774.5,797.5,769.25,-,2.46%
1494,2011-5-08,773.5,766.38,777.75,763.62,-,2.60%
1495,2011-5-06,753.88,752.88,777.5,740.25,-,0.07%
1496,2011-5-05,753.38,772.62,780.5,749.0,-,-2.44%
1497,2011-5-04,772.25,793.0,794.25,768.12,-,-2.60%
1498,2011-5-03,792.88,795.75,799.62,782.25,-,-0.35%
1499,2011-5-02,795.62,801.25,824.38,789.62,-,-0.67%
1500,2011-5-01,801.0,801.38,803.75,790.5,-,-0.39%
1501,2011-4-29,804.12,770.38,805.38,768.38,-,4.43%
1502,2011-4-28,770.0,818.12,820.25,767.62,-,-6.00%
1503,2011-4-27,819.12,850.62,852.88,800.38,-,-3.73%
1504,2011-4-26,850.88,862.12,862.75,834.25,-,-1.28%
1505,2011-4-25,861.88,849.12,864.75,845.88,-,1.47%
1506,2011-4-24,849.38,847.25,849.62,842.63,-,1.81%
1507,2011-4-22,834.25,834.25,834.25,834.25,-,0.04%
1508,2011-4-21,833.88,824.0,834.88,816.0,-,1.21%
1509,2011-4-20,823.88,824.88,843.38,816.38,-,-0.12%
1510,2011-4-19,824.88,815.38,829.62,810.5,-,1.20%
1511,2011-4-18,815.12,782.12,818.0,775.88,-,4.15%
1512,2011-4-17,782.62,779.5,782.62,776.25,-,5.12%
1513,2011-4-15,744.5,745.75,748.62,730.25,-,-0.13%
1514,2011-4-14,745.5,758.12,758.62,734.25,-,-1.81%
1515,2011-4-13,759.25,757.38,769.62,741.75,-,0.21%
1516,2011-4-12,757.62,800.12,800.25,750.62,-,-5.31%
1517,2011-4-11,800.12,807.25,808.88,786.5,-,-0.85%
1518,2011-4-10,807.0,803.38,808.88,803.38,-,0.95%
1519,2011-4-08,799.38,775.0,801.75,766.88,-,3.16%
1520,2011-4-07,774.88,778.38,792.0,757.12,-,-0.47%
1521,2011-4-06,778.5,784.88,792.38,776.12,-,-0.78%
1522,2011-4-05,784.62,789.38,798.12,778.62,-,-0.62%
1523,2011-4-04,789.5,766.88,792.88,766.38,-,3.00%
1524,2011-4-03,766.5,764.88,769.38,764.62,-,0.81%
1525,2011-4-01,760.38,759.75,773.62,745.12,-,0.16%
1526,2011-3-31,759.12,726.88,773.25,722.25,-,4.44%
1527,2011-3-30,726.88,738.75,741.62,723.25,-,-1.62%
1528,2011-3-29,738.88,722.38,741.62,721.88,-,2.18%
1529,2011-3-28,723.12,739.5,739.62,721.12,-,-2.23%
1530,2011-3-27,739.62,735.88,739.62,735.5,-,0.66%
1531,2011-3-25,734.75,743.12,752.38,726.62,-,-1.03%
1532,2011-3-24,742.38,713.5,743.62,710.12,-,4.05%
1533,2011-3-23,713.5,726.38,728.62,706.12,-,-1.62%
1534,2011-3-22,725.25,718.5,729.88,705.5,-,0.92%
1535,2011-3-21,718.62,737.62,738.25,717.38,-,-2.74%
1536,2011-3-20,738.88,724.12,741.38,719.88,-,1.93%
1537,2011-3-18,724.88,715.88,748.88,714.5,-,1.33%
1538,2011-3-17,715.38,671.38,718.62,667.38,-,6.51%
1539,2011-3-16,671.62,680.12,697.38,656.5,-,-1.34%
1540,2011-3-15,680.75,722.0,723.38,661.12,-,-5.73%
1541,2011-3-14,722.12,712.25,729.88,706.12,-,1.26%
1542,2011-3-13,713.12,719.5,719.62,710.62,-,-0.59%
1543,2011-3-11,717.38,737.62,740.25,704.12,-,-2.99%
1544,2011-3-10,739.5,762.88,765.62,734.25,-,-2.62%
1545,2011-3-09,759.38,782.12,788.88,749.88,-,-2.80%
1546,2011-3-08,781.25,801.62,803.12,778.38,-,-2.33%
1547,2011-3-07,799.88,831.38,833.5,798.38,-,-3.93%
1548,2011-3-04,832.62,821.25,836.88,813.75,-,1.12%
1549,2011-3-03,823.38,810.12,826.38,804.62,-,1.48%
1550,2011-3-02,811.38,809.88,829.88,796.38,-,0.06%
1551,2011-3-01,810.88,819.25,823.12,797.38,-,-0.67%
1552,2011-2-28,816.38,819.62,820.62,799.25,-,0.34%
1553,2011-2-25,813.62,783.88,828.62,783.88,-,4.16%
1554,2011-2-24,781.12,799.62,804.38,776.62,-,-2.01%
1555,2011-2-23,797.12,793.75,801.25,757.62,-,0.09%
1556,2011-2-22,796.38,858.88,869.13,795.38,-,-7.01%
1557,2011-2-18,856.38,883.75,885.5,850.75,-,-3.07%
1558,2011-2-17,883.5,870.25,885.25,870.25,-,5.51%
1559,2011-2-16,837.38,843.62,848.75,825.62,-,-0.34%
1560,2011-2-15,840.25,873.0,873.62,830.88,-,-3.68%
1561,2011-2-14,872.38,875.62,884.38,869.62,-,0.55%
1562,2011-2-11,867.62,865.88,871.13,855.63,-,0.73%
1563,2011-2-10,861.38,885.75,885.75,861.38,-,-3.03%
1564,2011-2-09,888.25,876.75,892.38,875.75,-,1.64%
1565,2011-2-08,873.88,859.88,880.63,844.25,-,1.75%
1566,2011-2-07,858.88,861.12,869.38,851.63,-,0.51%
1567,2011-2-04,854.5,859.38,864.62,842.62,-,-0.45%
1568,2011-2-03,858.38,862.63,872.5,847.13,-,-0.52%
1569,2011-2-02,862.88,836.12,864.38,835.5,-,3.29%
1570,2011-2-01,835.38,843.5,844.88,831.62,-,-0.39%
1571,2011-1-31,838.63,824.12,847.62,823.12,-,1.70%
1572,2011-1-28,824.62,847.38,849.12,824.62,-,-2.66%
1573,2011-1-27,847.13,858.38,863.38,845.63,-,-1.14%
1574,2011-1-26,856.88,840.62,861.12,839.5,-,2.15%
1575,2011-1-25,838.88,835.62,838.88,820.88,-,0.36%
1576,2011-1-24,835.88,829.0,839.13,823.62,-,1.36%
1577,2011-1-23,824.62,824.62,824.62,824.62,-,-0.02%
1578,2011-1-21,824.75,805.12,829.88,798.75,-,2.79%
1579,2011-1-20,802.38,797.88,805.5,782.75,-,0.47%
1580,2011-1-19,798.62,793.0,807.88,792.88,-,0.66%
1581,2011-1-18,793.38,775.88,793.88,773.62,-,2.59%
1582,2011-1-17,773.38,773.38,773.38,773.38,-,-0.06%
1583,2011-1-14,773.88,784.25,784.75,763.12,-,-0.96%
1584,2011-1-13,781.38,775.62,787.12,769.62,-,1.00%
1585,2011-1-12,773.62,761.62,789.88,760.38,-,1.98%
1586,2011-1-11,758.62,770.38,776.88,758.62,-,-1.04%
1587,2011-1-10,766.62,777.12,783.0,766.62,-,-0.71%
1588,2011-1-07,772.12,788.62,793.75,772.12,-,-2.03%
1589,2011-1-06,788.12,809.0,809.5,788.0,-,-2.69%
1590,2011-1-05,809.88,793.38,809.88,776.62,-,2.78%
1591,2011-1-04,788.0,803.25,808.75,783.38,-,-2.14%
1592,2011-1-03,805.25,793.12,824.5,793.12,-,1.59%
1593,2010-12-31,792.62,786.12,795.62,781.12,-,1.00%
1594,2010-12-30,784.75,798.75,798.75,776.88,-,-1.80%
1595,2010-12-29,799.12,799.62,806.12,786.5,-,0.00%
1596,2010-12-28,799.12,779.75,801.88,779.5,-,2.47%
1597,2010-12-27,779.88,773.62,783.5,768.5,-,-0.35%
1598,2010-12-24,782.62,782.62,782.62,782.62,-,-0.13%
1599,2010-12-23,783.62,784.88,788.12,776.12,-,0.00%
1600,2010-12-22,783.62,763.5,785.12,756.38,-,2.48%
1601,2010-12-21,764.62,770.38,771.62,762.25,-,-0.68%
1602,2010-12-20,769.88,760.25,776.38,759.88,-,1.63%
1603,2010-12-17,757.5,752.88,757.5,742.38,-,1.02%
1604,2010-12-16,749.88,764.25,766.5,746.62,-,-1.83%
1605,2010-12-15,763.88,761.0,776.38,759.75,-,0.33%
1606,2010-12-14,761.38,779.88,781.5,754.88,-,-2.45%
1607,2010-12-13,780.5,773.88,784.75,766.38,-,0.66%
1608,2010-12-12,775.38,775.38,775.38,775.38,-,-0.06%
1609,2010-12-10,775.88,788.75,797.88,774.12,-,-1.65%
1610,2010-12-09,788.88,785.5,790.12,779.75,-,0.61%
1611,2010-12-08,784.12,780.62,792.38,766.38,-,0.13%
1612,2010-12-07,783.12,795.75,808.25,777.12,-,-1.37%
1613,2010-12-06,794.0,786.25,798.62,774.38,-,1.75%
1614,2010-12-03,780.38,756.12,781.88,754.75,-,4.31%
1615,2010-12-02,748.12,742.38,767.12,732.75,-,1.29%
1616,2010-12-01,738.62,692.62,744.88,691.12,-,7.11%
1617,2010-11-30,689.62,692.25,697.88,686.12,-,-0.25%
1618,2010-11-29,691.38,689.12,701.25,687.12,-,0.69%
1619,2010-11-26,686.62,686.38,692.62,683.75,-,0.16%
1620,2010-11-24,685.5,682.88,688.25,681.12,-,1.01%
1621,2010-11-23,678.62,686.75,690.88,673.5,-,-0.84%
1622,2010-11-22,684.38,684.0,691.88,678.75,-,0.31%
1623,2010-11-19,682.25,648.12,696.75,639.38,-,5.63%
1624,2010-11-18,645.88,634.12,657.25,634.12,-,2.09%
1625,2010-11-17,632.62,627.5,646.88,619.38,-,1.00%
1626,2010-11-16,626.38,670.88,673.88,624.5,-,-6.53%
1627,2010-11-15,670.12,674.75,684.62,667.62,-,0.19%
1628,2010-11-12,668.88,704.88,710.38,661.38,-,-5.04%
1629,2010-11-11,704.38,708.25,722.5,701.88,-,-0.70%
1630,2010-11-10,709.38,721.5,723.38,698.75,-,-1.53%
1631,2010-11-09,720.38,735.75,760.38,717.75,-,-2.27%
1632,2010-11-08,737.12,729.75,738.62,721.38,-,1.10%
1633,2010-11-05,729.12,720.88,731.12,705.12,-,1.18%
1634,2010-11-04,720.62,694.62,722.75,693.0,-,3.67%
1635,2010-11-03,695.12,695.75,699.25,680.62,-,-0.11%
1636,2010-11-02,695.88,706.62,712.12,692.62,-,-1.56%
1637,2010-11-01,706.88,727.12,727.88,701.38,-,-2.82%
1638,2010-10-31,727.38,725.0,727.38,719.62,-,1.62%
1639,2010-10-29,715.75,718.62,724.88,711.75,-,-0.40%
1640,2010-10-28,718.62,704.5,721.38,701.25,-,2.06%
1641,2010-10-27,704.12,699.62,707.12,687.88,-,0.61%
1642,2010-10-26,699.88,675.38,700.75,670.75,-,3.65%
1643,2010-10-25,675.25,675.75,684.62,670.12,-,0.09%
1644,2010-10-24,674.62,669.5,676.12,669.25,-,0.67%
1645,2010-10-22,670.12,671.12,675.88,665.12,-,-0.04%
1646,2010-10-21,670.38,692.12,692.38,667.38,-,-3.09%
1647,2010-10-20,691.75,674.75,691.75,674.12,-,2.52%
1648,2010-10-19,674.75,693.62,696.38,668.62,-,-2.58%
