Date,Price,High,Low,Volume,Last Close,Change,Var%
2016-11-17,0.71,0.71,0.7,756914.0,0.71,0.0,-0.35
2016-11-16,0.71,0.72,0.7,52138.0,0.71,0.0,0.64
2016-11-15,0.7,0.71,0.7,457482.0,0.7,0.0,0.28
2016-11-14,0.7,0.71,0.7,11047112.0,0.7,-0.01,-1.54
2016-11-11,0.71,0.72,0.71,710167.0,0.71,0.0,-0.42
2016-11-10,0.72,0.73,0.71,551072.0,0.72,-0.02,-2.32
2016-11-09,0.73,0.73,0.72,6799092.0,0.73,-0.01,-0.74
2016-11-08,0.74,0.73,0.72,83665.0,0.74,0.01,1.65
2016-11-07,0.73,0.74,0.73,973702.0,0.73,0.0,-0.27
2016-11-04,0.73,0.73,0.72,63710.0,0.73,0.0,0.55
2016-11-03,0.72,0.74,0.72,95407.0,0.72,-0.01,-1.49
2016-11-02,0.74,0.74,0.73,10538690.0,0.74,0.01,0.82
2016-11-01,0.73,0.74,0.73,147401.0,0.73,0.0,-0.54
2016-10-31,0.73,0.73,0.72,90863.0,0.73,0.01,1.66
2016-10-28,0.72,0.74,0.73,59897.0,0.72,-0.02,-2.04
2016-10-27,0.74,0.74,0.73,204475.0,0.74,0.01,1.24
2016-10-26,0.73,0.73,0.72,107201.0,0.73,0.01,1.68
2016-10-25,0.72,0.72,0.71,142389.0,0.72,0.0,0.42
2016-10-24,0.71,0.74,0.71,629442.0,0.71,-0.02,-2.73
2016-10-21,0.73,0.74,0.74,134600.0,0.73,0.0,-0.68
2016-10-20,0.74,0.75,0.74,124782.0,0.74,0.0,0.07
2016-10-19,0.74,0.75,0.74,124782.0,0.74,0.0,0.2
2016-10-18,0.74,0.75,0.74,854009.0,0.74,0.0,-0.33
2016-10-17,0.75,0.75,0.74,3295557.0,0.75,0.0,0.07
2016-10-14,0.75,0.75,0.74,2409254.0,0.75,0.02,3.39
2016-10-13,0.72,0.72,0.71,1033391.0,0.72,0.0,0.07
2016-10-12,0.72,0.72,0.72,158102.0,0.72,0.01,1.4
2016-10-11,0.71,0.72,0.71,75479.0,0.71,0.0,-0.42
2016-10-10,0.72,0.72,0.7,405524.0,0.72,0.01,2.07
2016-10-07,0.7,0.7,0.7,27184.0,0.7,-0.01,-0.92
2016-10-06,0.71,0.72,0.71,173915.0,0.71,-0.01,-1.26
2016-10-05,0.72,0.72,0.7,97196.0,0.72,0.01,2.07
2016-10-04,0.7,0.7,0.7,769084.0,0.7,0.01,0.94
2016-10-03,0.7,0.71,0.7,57017.0,0.7,0.0,0.0
2016-09-30,0.7,0.71,0.69,135562.0,0.7,-0.01,-1.7
2016-09-29,0.71,0.72,0.71,98992.0,0.71,-0.01,-1.33
2016-09-28,0.72,0.72,0.71,67214.0,0.72,0.01,2.07
2016-09-27,0.7,0.71,0.7,147766.0,0.7,0.0,-0.28
2016-09-26,0.7,0.72,0.7,67400.0,0.7,-0.01,-1.81
2016-09-23,0.72,0.72,0.71,8559.0,0.72,0.0,-0.14
2016-09-22,0.72,0.72,0.72,38159.0,0.72,0.0,-0.42
2016-09-21,0.72,0.72,0.7,20691.0,0.72,0.0,0.0
2016-09-20,0.72,0.72,0.72,50360.0,0.72,0.01,1.26
2016-09-19,0.71,0.72,0.72,11677.0,0.71,0.0,-0.14
2016-09-16,0.71,0.71,0.7,42157.0,0.71,0.0,0.71
2016-09-15,0.71,0.71,0.71,31622.0,0.71,-0.01,-0.84
2016-09-14,0.71,0.71,0.7,646735.0,0.71,0.0,-0.56
2016-09-13,0.72,0.72,0.71,3260681.0,0.72,0.0,-0.55
2016-09-12,0.72,0.72,0.71,96118.0,0.72,0.01,1.4
2016-09-09,0.71,0.71,0.71,43814.0,0.71,0.0,-0.28
2016-09-08,0.71,0.72,0.7,160696.0,0.71,0.0,0.14
2016-09-07,0.71,0.72,0.71,439966.0,0.71,0.01,1.42
2016-09-06,0.7,0.72,0.7,204615.0,0.7,0.0,-0.5
2016-09-05,0.71,0.71,0.7,46195.0,0.71,0.0,-0.21
2016-09-02,0.71,0.71,0.7,1392094.0,0.71,0.01,1.8
2016-09-01,0.7,0.7,0.69,801757.0,0.7,0.01,0.94
2016-08-31,0.69,0.7,0.69,1256761.0,0.69,-0.01,-1.57
2016-08-30,0.7,0.71,0.7,3068384.0,0.7,-0.03,-4.37
2016-08-26,0.73,0.75,0.73,205663.0,0.73,-0.02,-2.59
2016-08-25,0.75,0.76,0.75,381016.0,0.75,0.0,-0.33
2016-08-24,0.75,0.77,0.75,2352742.0,0.75,0.0,-0.53
2016-08-23,0.76,0.77,0.76,1662230.0,0.76,-0.01,-1.81
2016-08-22,0.77,0.78,0.77,586381.0,0.77,-0.02,-2.4
2016-08-19,0.79,0.79,0.78,2097311.0,0.79,0.01,0.96
2016-08-18,0.78,0.78,0.78,356301.0,0.78,0.0,0.26
2016-08-17,0.78,0.78,0.77,305277.0,0.78,0.01,0.71
2016-08-16,0.78,0.78,0.77,299006.0,0.78,-0.01,-0.83
2016-08-15,0.78,0.79,0.78,429146.0,0.78,0.01,1.36
2016-08-12,0.77,0.78,0.77,303872.0,0.77,0.0,0.06
2016-08-11,0.77,0.78,0.77,207547.0,0.77,-0.01,-1.72
2016-08-10,0.78,0.79,0.77,88206.0,0.78,0.02,2.15
2016-08-09,0.77,0.77,0.77,181652.0,0.77,0.0,-0.26
2016-08-08,0.77,0.79,0.77,480544.0,0.77,0.0,-0.45
2016-08-05,0.77,0.78,0.76,4334094.0,0.77,0.02,2.25
2016-08-04,0.76,0.78,0.76,546670.0,0.76,-0.01,-1.3
2016-08-03,0.77,0.76,0.75,3927047.0,0.77,0.02,2.33
2016-08-02,0.75,0.76,0.75,832861.0,0.75,-0.02,-2.22
2016-08-01,0.77,0.77,0.76,143076.0,0.77,0.0,0.2
2016-07-29,0.76,0.77,0.75,1063208.0,0.76,0.0,-0.65
2016-07-27,0.78,0.78,0.77,256553.0,0.78,0.0,-0.38
2016-07-26,0.78,0.8,0.78,196925.0,0.78,-0.02,-2.5
2016-07-25,0.8,0.81,0.8,157907.0,0.8,0.01,1.27
2016-07-22,0.79,0.78,0.77,151192.0,0.79,0.02,1.94
2016-07-21,0.77,0.78,0.76,956231.0,0.77,0.0,0.65
2016-07-20,0.77,0.79,0.77,369735.0,0.77,-0.01,-1.35
2016-07-19,0.78,0.79,0.78,391788.0,0.78,-0.02,-2.07
2016-07-18,0.8,0.8,0.79,648004.0,0.8,-0.01,-0.75
2016-07-15,0.8,0.82,0.8,495224.0,0.8,-0.02,-2.08
2016-07-14,0.82,0.83,0.82,843725.0,0.82,-0.01,-1.27
2016-07-13,0.83,0.84,0.82,291509.0,0.83,0.03,4.08
2016-07-12,0.8,0.81,0.79,311237.0,0.8,0.0,-0.5
2016-07-11,0.8,0.82,0.8,74732.0,0.8,-0.01,-1.72
2016-07-08,0.82,0.81,0.8,441787.0,0.82,0.02,2.0
2016-07-07,0.8,0.82,0.8,1329680.0,0.8,0.01,1.46
2016-07-06,0.79,0.8,0.78,1079729.0,0.79,0.0,0.19
2016-07-05,0.79,0.8,0.78,791030.0,0.79,-0.02,-2.18
2016-07-04,0.8,0.83,0.8,900993.0,0.8,0.0,-0.19
2016-07-01,0.8,0.82,0.8,3575881.0,0.8,-0.02,-2.54
2016-06-30,0.83,0.84,0.62,1686567.0,0.83,-0.01,-1.55
2016-06-29,0.84,0.86,0.84,2130404.0,0.84,-0.02,-1.87
2016-06-28,0.86,0.87,0.86,345669.0,0.86,0.0,0.0
2016-06-27,0.86,0.87,0.86,861397.0,0.86,0.0,-0.35
2016-06-24,0.86,0.86,0.85,299893.0,0.86,-0.02,-1.94
2016-06-23,0.88,0.88,0.87,1104015.0,0.88,-0.01,-0.85
2016-06-22,0.88,0.89,0.88,491105.0,0.88,-0.01,-1.18
2016-06-21,0.89,0.91,0.89,605635.0,0.89,-0.02,-2.51
2016-06-17,0.92,0.92,0.91,112150.0,0.91,0.01,0.99
2016-06-16,0.91,0.92,0.9,158064.0,0.91,-0.01,-1.25
2016-06-15,0.92,0.94,0.92,413127.0,0.92,-0.01,-0.76
2016-06-13,0.93,0.93,0.93,39227.0,0.95,-0.02,-2.11
2016-06-10,0.96,0.97,0.96,338528.0,0.96,-0.01,-1.24
2016-06-09,0.97,0.98,0.97,142473.0,0.97,-0.02,-2.02
2016-06-08,0.99,0.99,0.97,885471.0,0.99,0.02,1.96
2016-06-06,0.97,0.97,0.95,630550.0,0.96,0.01,0.62
2016-06-03,0.94,0.94,0.92,569245.0,0.94,0.02,2.51
2016-06-02,0.92,0.91,0.9,105441.0,0.92,0.02,1.78
2016-06-01,0.9,0.9,0.88,103390.0,0.9,0.01,0.78
2016-05-31,0.89,0.92,0.89,191501.0,0.89,-0.03,-3.15
2016-05-27,0.92,0.91,0.91,1450739.0,0.92,0.02,2.22
2016-05-26,0.9,0.9,0.89,670101.0,0.9,0.02,1.92
2016-05-25,0.88,0.89,0.89,167827.0,0.88,-0.01,-0.67
2016-05-23,0.89,0.88,0.88,6627.0,0.88,0.01,0.91
2016-05-20,0.88,0.91,0.89,836915.0,0.88,0.0,-0.45
2016-05-19,0.89,0.9,0.89,8500.0,0.89,-0.03,-3.0
2016-05-18,0.92,0.92,0.91,68733.0,0.92,0.0,-0.27
2016-05-17,0.92,0.92,0.9,214414.0,0.92,0.02,2.46
2016-05-16,0.9,0.91,0.9,222151.0,0.9,-0.01,-1.16
2016-05-13,0.91,0.91,0.89,504615.0,0.91,0.02,2.55
2016-05-12,0.88,0.89,0.88,101310.0,0.88,0.01,0.8
2016-05-11,0.88,0.88,0.87,1027799.0,0.88,0.01,1.04
2016-05-10,0.87,0.87,0.87,252184.0,0.87,0.0,-0.34
2016-05-09,0.87,0.89,0.87,26169.0,0.87,-0.02,-2.08
2016-05-06,0.89,0.89,0.88,460870.0,0.89,0.01,0.91
2016-05-05,0.88,0.9,0.88,45197.0,0.88,-0.02,-1.95
2016-05-04,0.9,0.9,0.89,114368.0,0.9,0.0,-0.17
2016-05-03,0.9,0.94,0.9,434137.0,0.9,-0.02,-2.44
2016-04-29,0.92,0.93,0.92,129694.0,0.92,-0.02,-2.12
2016-04-28,0.94,0.94,0.92,14246.0,0.94,0.02,2.5
2016-04-27,0.92,0.92,0.92,9846.0,0.92,0.0,0.0
2016-04-26,0.92,0.92,0.91,31233.0,0.92,0.0,0.33
2016-04-25,0.92,0.92,0.9,3169626.0,0.92,-0.01,-1.13
2016-04-22,0.93,0.94,0.93,76003.0,0.93,-0.04,-3.69
2016-04-21,0.96,0.99,0.95,1501359.0,0.96,0.01,0.89
2016-04-20,0.95,0.95,0.94,94505.0,0.95,0.01,1.22
2016-04-19,0.94,0.94,0.91,555111.0,0.94,0.03,3.51
2016-04-18,0.91,0.91,0.9,171550.0,0.91,0.02,2.65
2016-04-15,0.89,0.89,0.88,440805.0,0.89,0.01,0.62
2016-04-14,0.88,0.9,0.88,71914.0,0.88,-0.01,-0.79
2016-04-13,0.89,0.89,0.88,155631.0,0.89,0.01,0.97
2016-04-12,0.88,0.87,0.86,254614.0,0.88,0.01,1.67
2016-04-11,0.87,0.88,0.87,194101.0,0.87,-0.02,-2.59
2016-04-08,0.89,0.89,0.89,25289.0,0.89,0.0,0.0
2016-04-07,0.89,0.9,0.89,5359.0,0.89,-0.01,-0.78
2016-04-06,0.9,0.91,0.9,3146386.0,0.9,-0.02,-2.4
2016-04-01,0.91,0.91,0.91,197568.0,0.91,0.02,2.47
2016-03-31,0.89,0.9,0.89,91545.0,0.89,-0.01,-0.89
2016-03-30,0.91,0.92,0.91,957129.0,0.91,0.0,0.0
2016-03-29,0.92,0.91,0.91,48200.0,0.92,0.03,3.2
2016-03-22,0.9,0.91,0.9,20651.0,0.9,0.0,-0.5
2016-03-21,0.9,0.0,0.0,6207.0,0.9,0.0,0.0
2016-03-18,0.9,0.91,0.9,123956.0,0.89,0.02,2.14
2016-03-17,0.89,0.9,0.89,27719.0,0.9,-0.01,-0.78
2016-03-16,0.91,0.92,0.91,129204.0,0.91,0.0,0.0
2016-03-14,0.92,0.92,0.92,20623.0,0.93,0.0,-0.32
2016-03-11,0.919,,,277013.0,0.919,,
2016-03-10,0.909,,,69306.0,0.909,,
2016-03-09,0.897,,,4615149.0,0.897,,
2016-03-08,0.898,,,80239.0,0.898,,
2016-03-07,0.904,,,138852.0,0.904,,
2016-03-04,0.888,,,214314.0,0.888,,
2016-03-03,0.876,,,10137.0,0.876,,
2016-03-02,0.87,,,478561.0,0.87,,
2016-03-01,0.8635,,,327071.0,0.8635,,
2016-02-29,0.875,,,507698.0,0.875,,
2016-02-26,0.875,,,329388.0,0.875,,
2016-02-25,0.875,,,80000.0,0.875,,
2016-02-24,0.8685,,,94898.0,0.8685,,
2016-02-23,0.888,,,58973.0,0.888,,
2016-02-22,0.901,,,34878.0,0.901,,
2016-02-19,0.905,,,11377.0,0.905,,
2016-02-18,0.909,,,114972.0,0.909,,
2016-02-17,0.9135,,,134484.0,0.9135,,
2016-02-16,0.9005,,,222733.0,0.9005,,
2016-02-15,0.8945,,,,0.8945,,
2016-02-12,0.898,,,7715.0,0.898,,
2016-02-11,0.898,,,15478.0,0.898,,
2016-02-10,0.897,,,33000.0,0.897,,
2016-02-09,0.894,,,1077475.0,0.894,,
2016-02-08,0.906,,,24373.0,0.906,,
2016-02-05,0.91,,,104181.0,0.91,,
2016-02-04,0.924,,,10038.0,0.924,,
2016-02-03,0.9385,,,27420.0,0.9385,,
2016-02-02,0.937,,,156345.0,0.937,,
2016-02-01,0.923,,,12604.0,0.923,,
2016-01-29,0.926,,,154645.0,0.926,,
2016-01-28,0.925,,,123826.0,0.925,,
2016-01-27,0.9255,,,66252.0,0.9255,,
2016-01-26,0.952,,,132214.0,0.952,,
2016-01-25,0.9335,,,1218000.0,0.9335,,
2016-01-22,0.929,,,358735.0,0.929,,
2016-01-21,0.922,,,23996.0,0.922,,
2016-01-20,0.919,,,41666.0,0.919,,
2016-01-19,0.931,,,634792.0,0.931,,
2016-01-18,0.924,,,8114.0,0.924,,
2016-01-15,0.9185,,,34560.0,0.9185,,
2016-01-14,0.915,,,16240.0,0.915,,
2016-01-13,0.94,,,380415.0,0.94,,
2016-01-12,0.9095,,,2960780.0,0.9095,,
2016-01-11,0.919,,,266026.0,0.919,,
2016-01-08,0.9355,,,77088.0,0.9355,,
2016-01-07,0.911,,,158849.0,0.911,,
2016-01-06,0.902,,,422250.0,0.902,,
2016-01-05,0.9,,,420422.0,0.9,,
2016-01-04,0.898,,,1727702.0,0.898,,
2015-12-31,0.9165,,,219610.0,0.9165,,
2015-12-30,0.919,,,32288.0,0.919,,
2015-12-29,0.9135,,,211895.0,0.9135,,
2015-12-24,0.9205,,,66171.0,0.9205,,
2015-12-23,0.923,,,104250.0,0.923,,
2015-12-22,0.93,,,42865.0,0.93,,
2015-12-21,0.9435,,,476439.0,0.9435,,
2015-12-18,0.9725,,,105900.0,0.9725,,
2015-12-17,0.9235,,,1627702.0,0.9235,,
2015-12-16,0.9535,,,7646.0,0.9535,,
2015-12-15,0.962,,,1919.0,0.962,,
2015-12-14,0.97,,,510000.0,0.97,,
2015-12-11,0.959,,,74681.0,0.959,,
2015-12-10,0.969,,,112000.0,0.969,,
2015-12-09,0.955,,,353013.0,0.955,,
2015-12-08,0.9405,,,51161.0,0.9405,,
2015-12-07,0.9545,,,6395.0,0.9545,,
2015-12-04,0.939,,,78935.0,0.939,,
2015-12-03,0.9435,,,138158.0,0.9435,,
2015-12-02,0.916,,,290860.0,0.916,,
2015-12-01,0.9245,,,59890.0,0.9245,,
2015-11-30,0.9305,,,59674.0,0.9305,,
2015-11-27,0.9375,,,2592280.0,0.9375,,
2015-11-26,0.9535,,,393139.0,0.9535,,
2015-11-25,0.9555,,,217169.0,0.9555,,
2015-11-24,0.962,,,40678.0,0.962,,
2015-11-23,0.969,,,202138.0,0.969,,
2015-11-20,0.9675,,,101531.0,0.9675,,
2015-11-19,0.9535,,,227307.0,0.9535,,
2015-11-18,0.949,,,92169.0,0.949,,
2015-11-17,0.955,,,205184.0,0.955,,
2015-11-16,0.972,,,221536.0,0.972,,
2015-11-13,0.9705,,,15408.0,0.9705,,
2015-11-12,0.973,,,96158.0,0.973,,
2015-11-11,0.9705,,,1000.0,0.9705,,
2015-11-10,0.975,,,107962.0,0.975,,
2015-11-09,1.007,,,35451.0,1.007,,
2015-11-06,1.0305,,,9010.0,1.0305,,
2015-11-05,1.037,,,51672.0,1.037,,
2015-11-04,1.02,,,64547.0,1.02,,
2015-11-03,1.011,,,54145.0,1.011,,
2015-11-02,0.999,,,58232.0,0.999,,
2015-10-30,1.0295,,,5308356.0,1.0295,,
2015-10-29,1.0145,,,16900.0,1.0145,,
2015-10-28,0.9925,,,13000.0,0.9925,,
2015-10-27,1.0075,,,15175.0,1.0075,,
2015-10-26,1.001,,,28210.0,1.001,,
2015-10-23,0.957,,,51400.0,0.957,,
2015-10-22,0.972,,,49250.0,0.972,,
2015-10-21,0.976,,,231592.0,0.976,,
2015-10-20,0.958,,,1647.0,0.958,,
2015-10-19,0.9625,,,120874.0,0.9625,,
2015-10-16,0.97,,,3172889.0,0.97,,
2015-10-15,0.9995,,,46100.0,0.9995,,
2015-10-14,1.003,,,295.0,1.003,,
2015-10-13,1.014,,,598601.0,1.014,,
2015-10-12,0.997,,,26842.0,0.997,,
2015-10-09,1.015,,,312324.0,1.015,,
2015-10-08,1.0075,,,56561.0,1.0075,,
2015-10-07,1.0195,,,85400.0,1.0195,,
2015-10-06,1.0325,,,24769.0,1.0325,,
2015-10-05,1.005,,,181643.0,1.005,,
2015-10-02,1.017,,,95657.0,1.017,,
2015-10-01,1.0265,,,426993.0,1.0265,,
2015-09-30,0.9835,,,122741.0,0.9835,,
2015-09-29,0.9995,,,39500.0,0.9995,,
2015-09-28,0.9865,,,817204.0,0.9865,,
2015-09-25,0.9995,,,76477.0,0.9995,,
2015-09-24,0.9905,,,551590.0,0.9905,,
2015-09-23,0.9995,,,99526.0,0.9995,,
2015-09-22,0.974,,,230431.0,0.974,,
2015-09-21,0.972,,,359674.0,0.972,,
2015-09-18,0.9595,,,,0.9595,,
2015-09-17,0.949,,,,0.949,,
2015-09-16,0.9605,,,79906.0,0.9605,,
2015-09-15,0.9715,,,4600.0,0.9715,,
2015-09-14,0.983,,,617340.0,0.983,,
2015-09-11,0.9295,,,134621.0,0.9295,,
2015-09-10,0.942,,,50000.0,0.942,,
2015-09-09,0.9325,,,2666673.0,0.9325,,
2015-09-08,0.932,,,83904.0,0.932,,
2015-09-07,0.9255,,,26316.0,0.9255,,
2015-09-04,0.921,,,427820.0,0.921,,
2015-09-03,0.926,,,705919.0,0.926,,
2015-09-02,0.942,,,187661.0,0.942,,
2015-09-01,0.9685,,,269281.0,0.9685,,
2015-08-28,0.959,,,126593.0,0.959,,
2015-08-27,0.98,,,342713.0,0.98,,
2015-08-26,0.991,,,30530.0,0.991,,
2015-08-25,0.99,,,269389.0,0.99,,
2015-08-24,0.9834,,,181618.0,0.9834,,
2015-08-21,0.991,,,315007.0,0.991,,
2015-08-20,1.005,,,324793.0,1.005,,
2015-08-19,0.977,,,282452.0,0.977,,
2015-08-18,0.985,,,538900.0,0.985,,
2015-08-17,0.9965,,,192987.0,0.9965,,
2015-08-14,1.013,,,197914.0,1.013,,
2015-08-13,0.995,,,434172.0,0.995,,
2015-08-12,1.0215,,,1733600.0,1.0215,,
2015-08-11,1.013,,,363353.0,1.013,,
2015-08-10,1.044,,,5403617.0,1.044,,
2015-08-07,1.008,,,210453.0,1.008,,
2015-08-06,1.021,,,263204.0,1.021,,
2015-08-05,1.004,,,138397.0,1.004,,
2015-08-04,0.995,,,241872.0,0.995,,
2015-08-03,0.987,,,226960.0,0.987,,
2015-07-31,1.002,,,103910.0,1.002,,
2015-07-30,1.001,,,358027.0,1.001,,
2015-07-29,0.996,,,120074.0,0.996,,
2015-07-28,1.011,,,345951.0,1.011,,
2015-07-27,1.008,,,418165.0,1.008,,
2015-07-24,1.018,,,423414.0,1.018,,
2015-07-23,1.031,,,7750781.0,1.031,,
2015-07-22,1.043,,,373526.0,1.043,,
2015-07-21,1.062,,,132991.0,1.062,,
2015-07-20,1.078,,,62770.0,1.078,,
2015-07-17,1.099,,,,1.099,,
2015-07-16,1.131,,,783760.0,1.131,,
2015-07-15,1.124,,,1048748.0,1.124,,
2015-07-14,1.138,,,52003.0,1.138,,
2015-07-13,1.142,,,2094353.0,1.142,,
2015-07-10,1.155,,,201094.0,1.155,,
2015-07-09,1.156,,,100151.0,1.156,,
2015-07-08,1.164,,,343949.0,1.164,,
2015-07-07,1.1625,,,260660.0,1.1625,,
2015-07-06,1.18,,,377684.0,1.18,,
2015-07-03,1.1755,,,211777.0,1.1755,,
2015-07-02,1.17,,,371308.0,1.17,,
2015-07-01,1.1695,,,2141551.0,1.1695,,
2015-06-30,1.161,,,1005237.0,1.161,,
2015-06-29,1.175,,,2870651.0,1.175,,
2015-06-26,1.122,,,7596390.0,1.122,,
2015-06-25,1.0595,,,897082.0,1.0595,,
2015-06-24,1.054,,,246698.0,1.054,,
2015-06-23,1.027,,,369284.0,1.027,,
2015-06-22,1.003,,,445663.0,1.003,,
2015-06-19,0.977,,,112172.0,0.977,,
2015-06-18,0.997,,,55003.0,0.997,,
2015-06-17,0.997,,,12494.0,0.997,,
2015-06-16,0.9895,,,356739.0,0.9895,,
2015-06-15,0.987,,,370288.0,0.987,,
2015-06-12,1.026,,,309709.0,1.026,,
2015-06-11,1.027,,,171009.0,1.027,,
2015-06-10,1.057,,,202996.0,1.057,,
2015-06-09,1.0735,,,129469.0,1.0735,,
2015-06-08,1.07,,,135092.0,1.07,,
2015-06-05,1.0615,,,1345517.0,1.0615,,
2015-06-04,1.047,,,500079.0,1.047,,
2015-06-03,1.058,,,529827.0,1.058,,
2015-06-02,1.01,,,66000.0,1.01,,
2015-06-01,0.9855,,,764801.0,0.9855,,
2015-05-29,0.973,,,87144.0,0.973,,
2015-05-28,0.9935,,,62553.0,0.9935,,
2015-05-27,0.988,,,2111741.0,0.988,,
2015-05-26,1.007,,,981764.0,1.007,,
2015-05-22,1.037,,,139295.0,1.037,,
2015-05-21,1.0565,,,2085149.0,1.0565,,
2015-05-20,1.031,,,391600.0,1.031,,
2015-05-19,1.026,,,623483.0,1.026,,
2015-05-18,1.0645,,,1374807.0,1.0645,,
2015-05-15,1.0365,,,191924.0,1.0365,,
2015-05-14,1.016,,,254686.0,1.016,,
2015-05-13,0.959,,,169422.0,0.959,,
2015-05-12,0.9835,,,71195.0,0.9835,,
2015-05-11,0.97,,,55461.0,0.97,,
2015-05-08,0.968,,,312858.0,0.968,,
2015-05-07,0.9575,,,171349.0,0.9575,,
2015-05-06,0.969,,,196208.0,0.969,,
2015-05-05,0.938,,,703556.0,0.938,,
2015-05-01,0.9525,,,65954.0,0.9525,,
2015-04-30,0.9655,,,125157.0,0.9655,,
2015-04-29,0.972,,,2125298.0,0.972,,
2015-04-28,0.948,,,247804.0,0.948,,
2015-04-27,0.9675,,,643312.0,0.9675,,
2015-04-24,0.9965,,,14730.0,0.9965,,
2015-04-23,1.022,,,21974.0,1.022,,
2015-04-22,1.0085,,,42223.0,1.0085,,
2015-04-21,1.0165,,,80606.0,1.0165,,
2015-04-20,0.9985,,,41922.0,0.9985,,
2015-04-17,0.998,,,182615.0,0.998,,
2015-04-16,0.992,,,180229.0,0.992,,
2015-04-15,1.0035,,,44963.0,1.0035,,
2015-04-14,1.006,,,54000.0,1.006,,
2015-04-13,1.0165,,,40144.0,1.0165,,
2015-04-10,1.06,,,194835.0,1.06,,
2015-04-09,1.039,,,42384.0,1.039,,
2015-04-08,1.061,,,31991.0,1.061,,
2015-04-07,1.066,,,54570.0,1.066,,
2015-04-02,1.08,,,66534.0,1.08,,
2015-04-01,1.022,,,255658.0,1.022,,
2015-03-31,1.0655,,,37820.0,1.0655,,
2015-03-30,1.06,,,1200052.0,1.06,,
2015-03-27,1.023,,,310902.0,1.023,,
2015-03-26,1.0165,,,1501597.0,1.0165,,
2015-03-25,1.0475,,,142516.0,1.0475,,
2015-03-24,1.061,,,638900.0,1.061,,
2015-03-23,1.079,,,2096030.0,1.079,,
2015-03-20,1.0675,,,322074.0,1.0675,,
2015-03-19,1.024,,,173736.0,1.024,,
2015-03-18,1.0155,,,307409.0,1.0155,,
2015-03-17,1.0255,,,2252125.0,1.0255,,
2015-03-16,1.029,,,68371.0,1.029,,
2015-03-13,1.009,,,519313.0,1.009,,
2015-03-12,1.027,,,426951.0,1.027,,
2015-03-11,1.008,,,294987.0,1.008,,
2015-03-10,0.9995,,,167700.0,0.9995,,
2015-03-09,0.9955,,,167273.0,0.9955,,
2015-03-06,0.972,,,4202327.0,0.972,,
2015-03-05,0.98,,,741480.0,0.98,,
2015-03-04,1.0025,,,17206.0,1.0025,,
2015-03-03,1.003,,,356685.0,1.003,,
2015-03-02,1.022,,,132057.0,1.022,,
2015-02-27,1.0255,,,381333.0,1.0255,,
2015-02-26,0.9915,,,522164.0,0.9915,,
2015-02-25,1.0055,,,6934000.0,1.0055,,
2015-02-24,1.018,,,615602.0,1.018,,
2015-02-23,1.018,,,65901.0,1.018,,
2015-02-20,1.033,,,354702.0,1.033,,
2015-02-19,1.06,,,96794.0,1.06,,
2015-02-18,1.0575,,,1510803.0,1.0575,,
2015-02-17,1.0705,,,523233.0,1.0705,,
2015-02-16,1.074,,,47222.0,1.074,,
2015-02-13,1.0615,,,1382.0,1.0615,,
2015-02-12,1.0495,,,378434.0,1.0495,,
2015-02-11,1.053,,,407968.0,1.053,,
2015-02-10,1.0655,,,228819.0,1.0655,,
2015-02-09,1.0615,,,442968.0,1.0615,,
2015-02-06,1.059,,,757433.0,1.059,,
2015-02-05,1.052,,,794488.0,1.052,,
2015-02-04,1.0385,,,2097280.0,1.0385,,
2015-02-03,1.0205,,,860003.0,1.0205,,
2015-02-02,1.007,,,448055.0,1.007,,
2015-01-30,1.0095,,,319410.0,1.0095,,
2015-01-29,1.027,,,178345.0,1.027,,
2015-01-28,1.024,,,1098681.0,1.024,,
2015-01-27,1.0515,,,277540.0,1.0515,,
2015-01-26,1.06,,,1527368.0,1.06,,
2015-01-23,1.0785,,,119748.0,1.0785,,
2015-01-22,1.081,,,466615.0,1.081,,
2015-01-21,1.0875,,,99357.0,1.0875,,
2015-01-20,1.06,,,573012.0,1.06,,
2015-01-19,1.07,,,119244.0,1.07,,
2015-01-16,1.083,,,907289.0,1.083,,
2015-01-15,1.0785,,,635120.0,1.0785,,
2015-01-14,1.0865,,,9025242.0,1.0865,,
2015-01-13,1.121,,,548058.0,1.121,,
2015-01-12,1.14,,,3500000.0,1.14,,
2015-01-09,1.15,,,983382.0,1.15,,
2015-01-08,1.154,,,73178.0,1.154,,
2015-01-07,1.175,,,187663.0,1.175,,
2015-01-06,1.2175,,,102786.0,1.2175,,
2015-01-05,1.2,,,165950.0,1.2,,
2015-01-02,1.172,,,341480.0,1.172,,
2014-12-31,1.2145,,,,1.2145,,
2014-12-30,1.229,,,35491.0,1.229,,
2014-12-29,1.237,,,61152.0,1.237,,
2014-12-24,1.2855,,,279.0,1.2855,,
2014-12-23,1.2805,,,128412.0,1.2805,,
2014-12-22,1.29,,,1212651.0,1.29,,
2014-12-19,1.295,,,498614.0,1.295,,
2014-12-18,1.332,,,4683023.0,1.332,,
2014-12-17,1.28,,,1511853.0,1.28,,
2014-12-16,1.277,,,43712.0,1.277,,
2014-12-15,1.227,,,121009.0,1.227,,
2014-12-12,1.227,,,4023012.0,1.227,,
2014-12-11,1.179,,,4164.0,1.179,,
2014-12-10,1.175,,,615105.0,1.175,,
2014-12-09,1.1825,,,25427.0,1.1825,,
2014-12-08,1.221,,,185154.0,1.221,,
2014-12-05,1.199,,,100152.0,1.199,,
2014-12-04,1.1905,,,93182.0,1.1905,,
2014-12-03,1.1915,,,273019.0,1.1915,,
2014-12-02,1.233,,,3285088.0,1.233,,
2014-12-01,1.175,,,1517841.0,1.175,,
2014-11-28,1.1725,,,154564.0,1.1725,,
2014-11-27,1.1385,,,21000.0,1.1385,,
2014-11-26,1.1325,,,19168.0,1.1325,,
2014-11-25,1.124,,,82309.0,1.124,,
2014-11-24,1.119,,,42089.0,1.119,,
2014-11-21,1.1285,,,6409.0,1.1285,,
2014-11-20,1.111,,,64032.0,1.111,,
2014-11-19,1.0985,,,79206.0,1.0985,,
2014-11-18,1.1105,,,29855.0,1.1105,,
2014-11-17,1.1205,,,24365.0,1.1205,,
2014-11-14,1.141,,,69744.0,1.141,,
2014-11-13,1.119,,,148567.0,1.119,,
2014-11-12,1.1025,,,129498.0,1.1025,,
2014-11-11,1.06,,,741153.0,1.06,,
2014-11-10,1.0605,,,247582.0,1.0605,,
2014-11-07,1.05,,,160900.0,1.05,,
2014-11-06,1.077,,,107886.0,1.077,,
2014-11-05,1.0715,,,363842.0,1.0715,,
2014-11-04,1.0915,,,3660.0,1.0915,,
2014-11-03,1.0985,,,63550.0,1.0985,,
2014-10-31,1.078,,,425173.0,1.078,,
2014-10-30,1.1125,,,557084.0,1.1125,,
2014-10-29,1.0955,,,41752.0,1.0955,,
2014-10-28,1.0855,,,84916.0,1.0855,,
2014-10-27,1.068,,,166433.0,1.068,,
2014-10-24,1.082,,,165871.0,1.082,,
2014-10-23,1.0815,,,3110482.0,1.0815,,
2014-10-22,1.081,,,250544.0,1.081,,
2014-10-21,1.0685,,,127035.0,1.0685,,
2014-10-20,1.051,,,103853.0,1.051,,
2014-10-17,1.069,,,163994.0,1.069,,
2014-10-16,1.043,,,5390212.0,1.043,,
2014-10-15,1.037,,,1006707.0,1.037,,
2014-10-14,1.029,,,352150.0,1.029,,
2014-10-13,1.03,,,26455.0,1.03,,
2014-10-10,1.021,,,910.0,1.021,,
2014-10-08,1.045,,,571956.0,1.045,,
2014-10-07,1.0088,,,4132184.0,1.0088,,
2014-10-06,1.003,,,63216.0,1.003,,
2014-10-03,0.9925,,,193070.0,0.9925,,
2014-10-02,0.996,,,124745.0,0.996,,
2014-10-01,0.971,,,378341.0,0.971,,
2014-09-30,0.972,,,653201.0,0.972,,
2014-09-29,0.977,,,488062.0,0.977,,
2014-09-26,0.975,,,1139593.0,0.975,,
2014-09-25,0.974,,,654372.0,0.974,,
2014-09-24,0.992,,,955856.0,0.992,,
2014-09-23,0.973,,,689030.0,0.973,,
2014-09-22,0.968,,,699527.0,0.968,,
2014-09-19,0.98,,,660423.0,0.98,,
2014-09-18,1.009,,,134103.0,1.009,,
2014-09-17,1.017,,,104969.0,1.017,,
2014-09-16,1.018,,,464535.0,1.018,,
2014-09-15,1.0275,,,482759.0,1.0275,,
2014-09-12,1.032,,,477570.0,1.032,,
2014-09-11,1.051,,,736999.0,1.051,,
2014-09-10,1.071,,,469950.0,1.071,,
2014-09-09,1.083,,,613116.0,1.083,,
2014-09-08,1.087,,,217306.0,1.087,,
2014-09-05,1.098,,,125153.0,1.098,,
2014-09-04,1.088,,,1381978.0,1.088,,
2014-09-03,1.105,,,222006.0,1.105,,
2014-09-02,1.136,,,462114.0,1.136,,
2014-09-01,1.1605,,,187726.0,1.1605,,
2014-08-29,1.166,,,17722.0,1.166,,
2014-08-28,1.185,,,808104.0,1.185,,
2014-08-27,1.1415,,,408892.0,1.1415,,
2014-08-26,1.127,,,547420.0,1.127,,
2014-08-22,1.161,,,427036.0,1.161,,
2014-08-21,1.141,,,40248.0,1.141,,
2014-08-20,1.125,,,10200.0,1.125,,
2014-08-19,1.1435,,,249492.0,1.1435,,
2014-08-18,1.143,,,445243.0,1.143,,
2014-08-15,1.132,,,198351.0,1.132,,
2014-08-14,1.131,,,3524.0,1.131,,
2014-08-13,1.129,,,439014.0,1.129,,
2014-08-12,1.134,,,84231.0,1.134,,
2014-08-11,1.1545,,,21493.0,1.1545,,
2014-08-08,1.166,,,48925.0,1.166,,
2014-08-07,1.197,,,2136526.0,1.197,,
2014-08-06,1.196,,,2060439.0,1.196,,
2014-08-05,1.15,,,51147.0,1.15,,
2014-08-04,1.162,,,751145.0,1.162,,
2014-08-01,1.1435,,,10900.0,1.1435,,
2014-07-31,1.12,,,470437.0,1.12,,
2014-07-30,1.1155,,,332377.0,1.1155,,
2014-07-29,1.1035,,,66270.0,1.1035,,
2014-07-28,1.1345,,,526785.0,1.1345,,
2014-07-25,1.1345,,,512706.0,1.1345,,
2014-07-24,1.13,,,241834.0,1.13,,
2014-07-23,1.1145,,,539043.0,1.1145,,
2014-07-22,1.1155,,,1508998.0,1.1155,,
2014-07-21,1.1155,,,515402.0,1.1155,,
2014-07-18,1.1325,,,716768.0,1.1325,,
2014-07-17,1.1285,,,5019335.0,1.1285,,
2014-07-16,1.1395,,,111881.0,1.1395,,
2014-07-15,1.1295,,,327237.0,1.1295,,
2014-07-14,1.126,,,1704155.0,1.126,,
2014-07-11,1.1475,,,957679.0,1.1475,,
2014-07-10,1.1655,,,654067.0,1.1655,,
2014-07-09,1.1675,,,199154.0,1.1675,,
2014-07-08,1.184,,,1022058.0,1.184,,
2014-07-07,1.1935,,,49922.0,1.1935,,
2014-07-04,1.233,,,119230.0,1.233,,
2014-07-03,1.229,,,540174.0,1.229,,
2014-07-02,1.2125,,,469250.0,1.2125,,
2014-07-01,1.2085,,,1197423.0,1.2085,,
2014-06-30,1.244,,,1305688.0,1.244,,
2014-06-27,1.262,,,100991.0,1.262,,
2014-06-26,1.236,,,737862.0,1.236,,
2014-06-25,1.2355,,,573713.0,1.2355,,
2014-06-24,1.2315,,,353110.0,1.2315,,
2014-06-23,1.249,,,837289.0,1.249,,
2014-06-20,1.2695,,,140656.0,1.2695,,
2014-06-19,1.264,,,140405.0,1.264,,
2014-06-18,1.272,,,1322140.0,1.272,,
2014-06-17,1.2555,,,760335.0,1.2555,,
2014-06-16,1.262,,,189852.0,1.262,,
2014-06-13,1.2775,,,58826.0,1.2775,,
2014-06-12,1.27,,,229284.0,1.27,,
2014-06-11,1.304,,,415748.0,1.304,,
2014-06-10,1.304,,,128512.0,1.304,,
2014-06-09,1.3185,,,137852.0,1.3185,,
2014-06-06,1.324,,,32426.0,1.324,,
2014-06-05,1.3165,,,37200.0,1.3165,,
2014-06-04,1.3345,,,33560.0,1.3345,,
2014-06-03,1.328,,,268469.0,1.328,,
2014-06-02,1.3385,,,260208.0,1.3385,,
2014-05-30,1.3625,,,8483.0,1.3625,,
2014-05-29,1.3675,,,28384.0,1.3675,,
2014-05-28,1.371,,,204135.0,1.371,,
2014-05-27,1.392,,,280818.0,1.392,,
2014-05-23,1.415,,,57170.0,1.415,,
2014-05-22,1.4185,,,454627.0,1.4185,,
2014-05-21,1.4405,,,124429.0,1.4405,,
2014-05-20,1.456,,,67988.0,1.456,,
2014-05-19,1.4405,,,82658.0,1.4405,,
2014-05-16,1.459,,,251864.0,1.459,,
2014-05-15,1.471,,,105863.0,1.471,,
2014-05-14,1.4965,,,297177.0,1.4965,,
2014-05-13,1.5275,,,5058.0,1.5275,,
2014-05-12,1.5345,,,105420.0,1.5345,,
2014-05-09,1.58,,,44597.0,1.58,,
2014-05-08,1.583,,,207116.0,1.583,,
2014-05-07,1.593,,,129906.0,1.593,,
2014-05-06,1.595,,,768725.0,1.595,,
2014-05-02,1.548,,,7550.0,1.548,,
2014-05-01,1.5305,,,94429.0,1.5305,,
2014-04-30,1.5525,,,81225.0,1.5525,,
2014-04-29,1.548,,,46919.0,1.548,,
2014-04-28,1.5235,,,64042.0,1.5235,,
2014-04-25,1.5295,,,32421.0,1.5295,,
2014-04-24,1.5155,,,158060.0,1.5155,,
2014-04-23,1.4745,,,58013.0,1.4745,,
2014-04-22,1.454,,,59340.0,1.454,,
2014-04-17,1.5185,,,14605.0,1.5185,,
2014-04-16,1.5365,,,320314.0,1.5365,,
2014-04-15,1.4955,,,27225.0,1.4955,,
2014-04-14,1.5,,,149963.0,1.5,,
2014-04-11,1.4515,,,187916.0,1.4515,,
2014-04-10,1.442,,,106240.0,1.442,,
2014-04-09,1.481,,,30380.0,1.481,,
2014-04-08,1.473,,,14500.0,1.473,,
2014-04-07,1.4715,,,6069.0,1.4715,,
2014-04-04,1.453,,,18387.0,1.453,,
2014-04-03,1.4725,,,28924.0,1.4725,,
2014-04-02,1.4705,,,905427.0,1.4705,,
2014-04-01,1.51,,,49494.0,1.51,,
2014-03-31,1.514,,,91524.0,1.514,,
2014-03-28,1.523,,,108480.0,1.523,,
2014-03-27,1.5475,,,212637.0,1.5475,,
2014-03-26,1.5305,,,154987.0,1.5305,,
2014-03-25,1.5565,,,88943.0,1.5565,,
2014-03-24,1.566,,,1043191.0,1.566,,
2014-03-21,1.5305,,,268756.0,1.5305,,
2014-03-20,1.5385,,,1461840.0,1.5385,,
2014-03-19,1.5685,,,1982473.0,1.5685,,
2014-03-18,1.5095,,,2251187.0,1.5095,,
2014-03-17,1.491,,,365517.0,1.491,,
2014-03-14,1.4955,,,174295.0,1.4955,,
2014-03-13,1.4815,,,372223.0,1.4815,,
2014-03-12,1.491,,,216136.0,1.491,,
2014-03-11,1.4355,,,72933.0,1.4355,,
2014-03-10,1.431,,,1044997.0,1.431,,
2014-03-07,1.434,,,460553.0,1.434,,
2014-03-06,1.412,,,232858.0,1.412,,
2014-03-05,1.4085,,,695273.0,1.4085,,
2014-03-04,1.386,,,132643.0,1.386,,
2014-03-03,1.401,,,382109.0,1.401,,
2014-02-28,1.314,,,167513.0,1.314,,
2014-02-27,1.3255,,,28346.0,1.3255,,
2014-02-26,1.344,,,42500.0,1.344,,
2014-02-25,1.345,,,233703.0,1.345,,
2014-02-24,1.33,,,139411.0,1.33,,
2014-02-21,1.339,,,1008354.0,1.339,,
2014-02-20,1.337,,,26697.0,1.337,,
2014-02-19,1.332,,,19902.0,1.332,,
2014-02-18,1.315,,,10000.0,1.315,,
2014-02-17,1.303,,,12000.0,1.303,,
2014-02-14,1.3099,,,13189.0,1.3099,,
2014-02-13,1.294,,,412467.0,1.294,,
2014-02-12,1.285,,,4163.0,1.285,,
2014-02-11,1.29,,,489613.0,1.29,,
2014-02-10,1.2765,,,15866.0,1.2765,,
2014-02-07,1.276,,,31725.0,1.276,,
2014-02-06,1.278,,,29787.0,1.278,,
2014-02-05,1.28,,,117754.0,1.28,,
2014-02-03,1.2209,,,7471.0,1.2209,,
2014-01-31,1.215,,,36398.0,1.215,,
2014-01-30,1.215,,,5687.0,1.215,,
2014-01-29,1.242,,,1290.0,1.242,,
2014-01-28,1.248,,,132883.0,1.248,,
2014-01-27,1.25,,,8778.0,1.25,,
2014-01-24,1.2459,,,5150.0,1.2459,,
2014-01-23,1.245,,,3922.0,1.245,,
2014-01-22,1.234,,,87261.0,1.234,,
2014-01-21,1.24,,,10727.0,1.24,,
2014-01-20,1.236,,,8482.0,1.236,,
2014-01-16,1.2489,,,518.0,1.2489,,
2014-01-15,1.262,,,918.0,1.262,,
2014-01-14,1.256,,,303.0,1.256,,
2014-01-13,1.261,,,20781.0,1.261,,
2014-01-10,1.2841,,,5555.0,1.2841,,
2014-01-09,1.281,,,358.0,1.281,,
2014-01-08,1.326,,,1241.0,1.326,,
2014-01-07,1.319,,,119753.0,1.319,,
2014-01-06,1.34,,,37203.0,1.34,,
2014-01-03,1.3123,,,1509711.0,1.3123,,
2014-01-02,1.341,,,56918.0,1.341,,
2013-12-31,1.3209,,,10066.0,1.3209,,
2013-12-30,1.332,,,4000.0,1.332,,
2013-12-27,1.327,,,12702.0,1.327,,
2013-12-23,1.338,,,2538.0,1.338,,
2013-12-20,1.335,,,4400.0,1.335,,
2013-12-19,1.353,,,20371.0,1.353,,
2013-12-18,1.3521,,,1825.0,1.3521,,
2013-12-17,1.369,,,16236.0,1.369,,
2013-12-16,1.369,,,4749.0,1.369,,
2013-12-13,1.3815,,,15170304.0,1.3815,,
2013-12-12,1.3878,,,6000.0,1.3878,,
2013-12-11,1.408,,,315304.0,1.408,,
2013-12-10,1.4141,,,29937.0,1.4141,,
2013-12-09,1.431,,,17372.0,1.431,,
2013-12-06,1.4295,,,2363.0,1.4295,,
2013-12-05,1.43,,,1091.0,1.43,,
2013-12-04,1.461,,,3174.0,1.461,,
2013-12-02,1.453,,,160001.0,1.453,,
2013-11-27,1.456,,,13409.0,1.456,,
2013-11-25,1.451,,,330.0,1.451,,
2013-11-22,1.4435,,,145432.0,1.4435,,
2013-11-21,1.447,,,18100.0,1.447,,
2013-11-20,1.45,,,140000.0,1.45,,
2013-11-19,1.442,,,2358.0,1.442,,
2013-11-18,1.439,,,152928.0,1.439,,
2013-11-15,1.441,,,22337.0,1.441,,
2013-11-14,1.453,,,1000.0,1.453,,
2013-11-13,1.4415,,,12980.0,1.4415,,
2013-11-12,1.452,,,2183.0,1.452,,
2013-11-11,1.463,,,22097.0,1.463,,
2013-11-08,1.456,,,1277.0,1.456,,
2013-11-05,1.485,,,5951.0,1.485,,
2013-11-04,1.496,,,15488.0,1.496,,
2013-11-01,1.4995,,,10599.0,1.4995,,
2013-10-31,1.505,,,9084.0,1.505,,
2013-10-30,1.5155,,,25555.0,1.5155,,
2013-10-29,1.5225,,,195.0,1.5225,,
2013-10-28,1.536,,,10152.0,1.536,,
2013-10-25,1.562,,,244.0,1.562,,
2013-10-24,1.573,,,10276.0,1.573,,
2013-10-23,1.583,,,1529.0,1.583,,
2013-10-22,1.562,,,50.0,1.562,,
2013-10-21,1.576,,,34082.0,1.576,,
2013-10-18,1.557,,,8418.0,1.557,,
2013-10-16,1.53,,,1342.0,1.53,,
2013-10-15,1.542,,,20515.0,1.542,,
2013-10-14,1.554,,,10276.0,1.554,,
2013-10-11,1.548,,,10533.0,1.548,,
2013-10-10,1.554,,,1149.0,1.554,,
2013-10-08,1.558,,,10413.0,1.558,,
2013-10-07,1.554,,,6521420.0,1.554,,
2013-10-04,1.543,,,571999.0,1.543,,
2013-10-03,1.5475,,,9685.0,1.5475,,
2013-10-02,1.537,,,15750.0,1.537,,
2013-10-01,1.5215,,,7760.0,1.5215,,
2013-09-30,1.5265,,,253800.0,1.5265,,
2013-09-27,1.531,,,977307.0,1.531,,
2013-09-26,1.499,,,14640.0,1.499,,
2013-09-25,1.486,,,16074.0,1.486,,
2013-09-23,1.448,,,10732.0,1.448,,
2013-09-20,1.4455,,,659087.0,1.4455,,
2013-09-19,1.465,,,5688.0,1.465,,
2013-09-16,1.438,,,4243.0,1.438,,
2013-09-13,1.448,,,11323.0,1.448,,
2013-09-12,1.438,,,3116.0,1.438,,
2013-09-11,1.444,,,10000.0,1.444,,
2013-09-06,1.434,,,12775.0,1.434,,
2013-09-05,1.429,,,29832.0,1.429,,
2013-09-04,1.448,,,20635.0,1.448,,
2013-09-03,1.4505,,,109086.0,1.4505,,
2013-08-30,1.4705,,,1.0,1.4705,,
2013-08-29,1.465,,,55273.0,1.465,,
2013-08-28,1.4915,,,57439.0,1.4915,,
2013-08-27,1.493,,,5192.0,1.493,,
2013-08-22,1.443,,,3543.0,1.443,,
2013-08-21,1.454,,,1093.0,1.454,,
2013-08-20,1.456,,,753.0,1.456,,
2013-08-19,1.459,,,300.0,1.459,,
2013-08-16,1.446,,,40841.0,1.446,,
2013-08-15,1.433,,,29839.0,1.433,,
2013-08-14,1.432,,,13728.0,1.432,,
2013-08-13,1.4505,,,67034.0,1.4505,,
2013-08-12,1.45,,,10153.0,1.45,,
2013-08-09,1.471,,,1338.0,1.471,,
2013-08-08,1.48,,,2090.0,1.48,,
2013-08-07,1.486,,,194.0,1.486,,
2013-08-06,1.471,,,3133.0,1.471,,
2013-08-05,1.521,,,1296.0,1.521,,
2013-08-02,1.518,,,15035.0,1.518,,
2013-08-01,1.491,,,6665.0,1.491,,
2013-07-31,1.508,,,3000.0,1.508,,
2013-07-30,1.506,,,222021.0,1.506,,
2013-07-29,1.4945,,,16195.0,1.4945,,
2013-07-26,1.489,,,4511.0,1.489,,
2013-07-25,1.491,,,3065.0,1.491,,
2013-07-24,1.501,,,2630.0,1.501,,
2013-07-23,1.5,,,500.0,1.5,,
2013-07-22,1.53,,,34051.0,1.53,,
2013-07-19,1.519,,,16000.0,1.519,,
2013-07-16,1.545,,,504419.0,1.545,,
2013-07-15,1.543,,,362.0,1.543,,
2013-07-12,1.571,,,73773.0,1.571,,
2013-07-11,1.57,,,17268.0,1.57,,
2013-07-10,1.546,,,34122.0,1.546,,
2013-07-09,1.56,,,26230.0,1.56,,
2013-07-08,1.529,,,52128.0,1.529,,
2013-07-05,1.527,,,62556.0,1.527,,
2013-07-04,1.535,,,82597.0,1.535,,
2013-07-03,1.523,,,178118.0,1.523,,
2013-07-02,1.5,,,13392.0,1.5,,
2013-07-01,1.5,,,40927.0,1.5,,
2013-06-28,1.531,,,201020.0,1.531,,
2013-06-27,1.562,,,11600.0,1.562,,
2013-06-26,1.577,,,16000.0,1.577,,
2013-06-25,1.583,,,10137.0,1.583,,
2013-06-24,1.575,,,1242176.0,1.575,,
2013-06-21,1.626,,,94990.0,1.626,,
2013-06-20,1.609,,,24400.0,1.609,,
2013-06-19,1.626,,,118328.0,1.626,,
2013-06-18,1.583,,,117717.0,1.583,,
2013-06-17,1.585,,,1298639.0,1.585,,
2013-06-14,1.576,,,33112.0,1.576,,
2013-06-13,1.571,,,9430.0,1.571,,
2013-06-12,1.598,,,105946.0,1.598,,
2013-06-11,1.615,,,542481.0,1.615,,
2013-06-10,1.59,,,10832.0,1.59,,
2013-06-07,1.6155,,,1.0,1.6155,,
2013-06-06,1.607,,,65509.0,1.607,,
2013-06-05,1.641,,,11299.0,1.641,,
2013-06-04,1.639,,,17623.0,1.639,,
2013-06-03,1.617,,,104354.0,1.617,,
2013-05-31,1.6145,,,6201.0,1.6145,,
2013-05-30,1.6,,,34733.0,1.6,,
2013-05-29,1.626,,,38200.0,1.626,,
2013-05-28,1.62,,,65841.0,1.62,,
2013-05-24,1.639,,,57170.0,1.639,,
2013-05-23,1.632,,,3409.0,1.632,,
2013-05-22,1.597,,,81720.0,1.597,,
2013-05-21,1.572,,,307347.0,1.572,,
2013-05-20,1.576,,,368404.0,1.576,,
2013-05-17,1.599,,,19810.0,1.599,,
2013-05-16,1.588,,,142551.0,1.588,,
2013-05-15,1.633,,,165531.0,1.633,,
2013-05-14,1.66,,,248215.0,1.66,,
2013-05-13,1.66,,,391192.0,1.66,,
2013-05-10,1.668,,,132125.0,1.668,,
2013-05-09,1.675,,,147486.0,1.675,,
2013-05-08,1.632,,,67408.0,1.632,,
2013-05-07,1.635,,,224322.0,1.635,,
2013-05-03,1.682,,,329384.0,1.682,,
2013-05-02,1.678,,,129320.0,1.678,,
2013-05-01,1.665,,,18700.0,1.665,,
2013-04-30,1.644,,,67552.0,1.644,,
2013-04-29,1.638,,,79339.0,1.638,,
2013-04-26,1.616,,,212304.0,1.616,,
2013-04-23,1.615,,,74236.0,1.615,,
2013-04-22,1.61,,,25863.0,1.61,,
2013-04-19,1.639,,,28001.0,1.639,,
2013-04-18,1.65,,,92896.0,1.65,,
2013-04-17,1.634,,,1729.0,1.634,,
2013-04-16,1.626,,,297475.0,1.626,,
2013-04-15,1.631,,,68995.0,1.631,,
2013-04-12,1.654,,,196595.0,1.654,,
2013-04-11,1.636,,,37253.0,1.636,,
2013-04-10,1.65,,,68346.0,1.65,,
2013-04-09,1.662,,,26252.0,1.662,,
2013-04-08,1.6725,,,65124.0,1.6725,,
2013-04-05,1.6205,,,55698.0,1.6205,,
2013-04-04,1.6375,,,603727.0,1.6375,,
2013-04-03,1.6115,,,263309.0,1.6115,,
2013-04-02,1.5675,,,313594.0,1.5675,,
2013-03-28,1.63,,,218167.0,1.63,,
2013-03-27,1.732,,,60471.0,1.732,,
2013-03-26,1.7025,,,307184.0,1.7025,,
2013-03-25,1.7105,,,58251.0,1.7105,,
2013-03-22,1.6935,,,29987.0,1.6935,,
2013-03-21,1.713,,,575862.0,1.713,,
2013-03-20,1.7075,,,122608.0,1.7075,,
2013-03-19,1.6875,,,128840.0,1.6875,,
2013-03-18,1.657,,,150552.0,1.657,,
2013-03-15,1.6955,,,393838.0,1.6955,,
2013-03-14,1.6935,,,176392.0,1.6935,,
2013-03-13,1.6575,,,399651.0,1.6575,,
2013-03-12,1.6485,,,339392.0,1.6485,,
2013-03-11,1.6525,,,239244.0,1.6525,,
2013-03-08,1.627,,,263657.0,1.627,,
2013-03-07,1.6095,,,36927.0,1.6095,,
2013-03-06,1.6235,,,197721.0,1.6235,,
2013-03-05,1.656,,,14901.0,1.656,,
2013-03-04,1.65,,,68865.0,1.65,,
2013-03-01,1.68,,,1.0,1.68,,
2013-02-28,1.681,,,6313.0,1.681,,
2013-02-27,1.6865,,,15014.0,1.6865,,
2013-02-26,1.6595,,,73443.0,1.6595,,
2013-02-25,1.6705,,,168281.0,1.6705,,
2013-02-22,1.712,,,65078.0,1.712,,
2013-02-21,1.7005,,,37963.0,1.7005,,
2013-02-20,1.728,,,83760.0,1.728,,
2013-02-19,1.7255,,,171196.0,1.7255,,
2013-02-18,1.761,,,17642.0,1.761,,
2013-02-15,1.755,,,169194.0,1.755,,
2013-02-14,1.7275,,,1020365.0,1.7275,,
2013-02-13,1.739,,,43681.0,1.739,,
2013-02-12,1.7345,,,1619856.0,1.7345,,
2013-02-11,1.78,,,136544.0,1.78,,
2013-02-08,1.8105,,,18467.0,1.8105,,
2013-02-07,1.7885,,,610529.0,1.7885,,
2013-02-06,1.781,,,7721.0,1.781,,
2013-02-05,1.7865,,,20218.0,1.7865,,
2013-02-04,1.8165,,,23560.0,1.8165,,
2013-02-01,1.865,,,36998.0,1.865,,
2013-01-31,1.8385,,,1304.0,1.8385,,
2013-01-30,1.8535,,,28453.0,1.8535,,
2013-01-29,1.8565,,,45446.0,1.8565,,
2013-01-28,1.8345,,,78730.0,1.8345,,
2013-01-25,1.8435,,,52953.0,1.8435,,
2013-01-24,1.819,,,111586.0,1.819,,
2013-01-23,1.8545,,,1171330.0,1.8545,,
2013-01-22,1.847,,,243412.0,1.847,,
2013-01-21,1.8955,,,152562.0,1.8955,,
2013-01-18,1.849,,,51701.0,1.849,,
2013-01-17,1.8615,,,349484.0,1.8615,,
2013-01-16,1.8455,,,170622.0,1.8455,,
2013-01-15,1.856,,,92363.0,1.856,,
2013-01-14,1.825,,,812823.0,1.825,,
2013-01-11,1.7645,,,42893.0,1.7645,,
2013-01-10,1.779,,,104296.0,1.779,,
2013-01-09,1.7715,,,126801.0,1.7715,,
2013-01-08,1.7935,,,55288.0,1.7935,,
2013-01-07,1.7865,,,328332.0,1.7865,,
2013-01-04,1.782,,,165595.0,1.782,,
2013-01-03,1.792,,,147876.0,1.792,,
2013-01-02,1.8305,,,56901.0,1.8305,,
2012-12-31,1.827,,,20001.0,1.827,,
2012-12-28,1.8415,,,2061.0,1.8415,,
2012-12-27,1.8215,,,18995.0,1.8215,,
2012-12-24,1.8805,,,24277.0,1.8805,,
2012-12-21,1.8855,,,21274.0,1.8855,,
2012-12-20,1.873,,,328401.0,1.873,,
2012-12-19,1.9255,,,150731.0,1.9255,,
2012-12-18,1.9265,,,135552.0,1.9265,,
2012-12-17,1.912,,,304811.0,1.912,,
2012-12-14,1.9325,,,12781.0,1.9325,,
2012-12-13,1.9215,,,154361.0,1.9215,,
2012-12-12,1.9355,,,3079501.0,1.9355,,
2012-12-11,1.9555,,,388540.0,1.9555,,
2012-12-10,2.0115,,,75410.0,2.0115,,
2012-12-07,2.0295,,,33121.0,2.0295,,
2012-12-06,2.027,,,145921.0,2.027,,
2012-12-05,2.044,,,20001.0,2.044,,
2012-12-04,2.0275,,,100503.0,2.0275,,
2012-12-03,2.0605,,,49330.0,2.0605,,
2012-11-30,2.059,,,23001.0,2.059,,
2012-11-29,2.102,,,1.0,2.102,,
2012-11-28,2.1205,,,32849.0,2.1205,,
2012-11-27,2.0885,,,253431.0,2.0885,,
2012-11-26,2.053,,,97312.0,2.053,,
2012-11-23,2.0485,,,501.0,2.0485,,
2012-11-22,2.0395,,,304611.0,2.0395,,
2012-11-21,2.0475,,,52139.0,2.0475,,
2012-11-20,2.046,,,57111.0,2.046,,
2012-11-19,2.043,,,1755.0,2.043,,
2012-11-16,2.0095,,,40601.0,2.0095,,
2012-11-15,2.0555,,,81154.0,2.0555,,
2012-11-14,2.0545,,,486109.0,2.0545,,
2012-11-13,2.041,,,135727.0,2.041,,
2012-11-12,2.075,,,35412.0,2.075,,
2012-11-09,2.175,,,465585.0,2.175,,
2012-11-08,2.177,,,68452.0,2.177,,
2012-11-07,2.1515,,,1831501.0,2.1515,,
2012-11-06,2.1085,,,10881.0,2.1085,,
2012-11-05,2.1085,,,627658.0,2.1085,,
2012-11-02,2.0995,,,164145.0,2.0995,,
2012-11-01,2.11,,,32496.0,2.11,,
2012-10-31,2.1,,,13001.0,2.1,,
2012-10-30,2.07,,,27301.0,2.07,,
2012-10-29,2.075,,,105601.0,2.075,,
2012-10-26,2.109,,,28560.0,2.109,,
2012-10-25,2.12,,,74903.0,2.12,,
2012-10-24,2.1435,,,5001.0,2.1435,,
2012-10-23,2.0805,,,25001.0,2.0805,,
2012-10-22,2.1225,,,1.0,2.1225,,
2012-10-19,2.1255,,,4549.0,2.1255,,
2012-10-18,2.0995,,,2499.0,2.0995,,
2012-10-17,2.0615,,,55793.0,2.0615,,
2012-10-16,2.0525,,,22401.0,2.0525,,
2012-10-15,2.0465,,,194771.0,2.0465,,
2012-10-12,2.0805,,,117707.0,2.0805,,
2012-10-11,2.152,,,131269.0,2.152,,
2012-10-10,2.101,,,40127.0,2.101,,
2012-10-09,2.1,,,17027.0,2.1,,
2012-10-08,2.0855,,,1.0,2.0855,,
2012-10-05,2.0845,,,77481.0,2.0845,,
2012-10-04,2.1085,,,34901.0,2.1085,,
2012-10-03,2.079,,,86831.0,2.079,,
2012-10-02,2.097,,,3079.0,2.097,,
2012-10-01,2.135,,,298331.0,2.135,,
2012-09-28,2.163,,,315425.0,2.163,,
2012-09-27,2.0835,,,76125.0,2.0835,,
2012-09-26,2.1085,,,352332.0,2.1085,,
2012-09-25,2.1445,,,30001.0,2.1445,,
2012-09-24,2.1435,,,7711.0,2.1435,,
2012-09-21,2.1635,,,27501.0,2.1635,,
2012-09-20,2.1445,,,543279.0,2.1445,,
2012-09-19,2.1075,,,269304.0,2.1075,,
2012-09-18,2.11,,,257961.0,2.11,,
2012-09-17,2.156,,,58258.0,2.156,,
2012-09-14,2.244,,,173914.0,2.244,,
2012-09-13,2.1615,,,51993.0,2.1615,,
2012-09-12,2.1135,,,59721.0,2.1135,,
2012-09-11,2.1395,,,84001.0,2.1395,,
2012-09-10,2.1925,,,144901.0,2.1925,,
2012-09-07,2.1715,,,530265.0,2.1715,,
2012-09-06,2.131,,,55041.0,2.131,,
2012-09-05,2.1165,,,365346.0,2.1165,,
2012-09-04,2.1745,,,512877.0,2.1745,,
2012-09-03,2.151,,,53339.0,2.151,,
2012-08-31,2.134,,,212301.0,2.134,,
2012-08-30,2.181,,,87743.0,2.181,,
2012-08-29,2.1735,,,115616.0,2.1735,,
2012-08-28,2.1415,,,738943.0,2.1415,,
2012-08-24,2.1495,,,294356.0,2.1495,,
2012-08-23,2.219,,,35217.0,2.219,,
2012-08-22,2.2105,,,71821.0,2.2105,,
2012-08-21,2.218,,,150193.0,2.218,,
2012-08-20,2.1745,,,382766.0,2.1745,,
2012-08-17,2.172,,,6446.0,2.172,,
2012-08-16,2.1345,,,486456.0,2.1345,,
2012-08-15,2.087,,,135375.0,2.087,,
2012-08-14,2.088,,,463972.0,2.088,,
2012-08-13,2.1425,,,121710.0,2.1425,,
2012-08-10,2.1825,,,78033.0,2.1825,,
2012-08-09,2.247,,,67251.0,2.247,,
2012-08-08,2.154,,,72504.0,2.154,,
2012-08-07,2.1925,,,35840.0,2.1925,,
2012-08-06,2.1855,,,48701.0,2.1855,,
2012-08-03,2.2245,,,341401.0,2.2245,,
2012-08-02,2.12,,,148067.0,2.12,,
2012-08-01,2.1395,,,273209.0,2.1395,,
2012-07-31,2.207,,,123191.0,2.207,,
2012-07-30,2.2525,,,112958.0,2.2525,,
2012-07-27,2.2335,,,131741.0,2.2335,,
2012-07-26,2.2005,,,281844.0,2.2005,,
2012-07-25,2.221,,,116565.0,2.221,,
2012-07-24,2.1485,,,264320.0,2.1485,,
2012-07-23,2.289,,,490170.0,2.289,,
2012-07-20,2.287,,,877814.0,2.287,,
2012-07-19,2.264,,,1105779.0,2.264,,
2012-07-18,2.1635,,,283451.0,2.1635,,
2012-07-17,2.1795,,,359622.0,2.1795,,
2012-07-16,2.1515,,,278425.0,2.1515,,
2012-07-13,2.0945,,,534820.0,2.0945,,
2012-07-12,2.0855,,,258956.0,2.0855,,
2012-07-11,2.062,,,616140.0,2.062,,
2012-07-10,2.029,,,358463.0,2.029,,
2012-07-09,2.049,,,1419466.0,2.049,,
2012-07-06,2.012,,,430844.0,2.012,,
2012-07-05,2.006,,,900925.0,2.006,,
2012-07-04,1.9475,,,127758.0,1.9475,,
2012-07-03,1.945,,,242876.0,1.945,,
2012-07-02,1.864,,,719669.0,1.864,,
2012-06-29,1.846,,,395731.0,1.846,,
2012-06-28,1.848,,,312666.0,1.848,,
2012-06-27,1.8565,,,1224860.0,1.8565,,
2012-06-26,1.823,,,1484478.0,1.823,,
2012-06-25,1.8075,,,1408061.0,1.8075,,
2012-06-22,1.716,,,413201.0,1.716,,
2012-06-21,1.701,,,106622.0,1.701,,
2012-06-20,1.648,,,209279.0,1.648,,
2012-06-19,1.6385,,,6851.0,1.6385,,
2012-06-18,1.59,,,22244.0,1.59,,
2012-06-15,1.568,,,33332.0,1.568,,
2012-06-14,1.581,,,21901.0,1.581,,
2012-06-13,1.564,,,75797.0,1.564,,
2012-06-12,1.5695,,,509597.0,1.5695,,
2012-06-11,1.6045,,,29201.0,1.6045,,
2012-06-08,1.604,,,796391.0,1.604,,
2012-06-07,1.606,,,993873.0,1.606,,
2012-06-06,1.579,,,208381.0,1.579,,
2012-06-01,1.617,,,18201.0,1.617,,
2012-05-31,1.65,,,56727.0,1.65,,
2012-05-30,1.6505,,,257362.0,1.6505,,
2012-05-29,1.6795,,,461395.0,1.6795,,
2012-05-28,1.729,,,34308.0,1.729,,
2012-05-25,1.721,,,272305.0,1.721,,
2012-05-24,1.701,,,27201.0,1.701,,
2012-05-23,1.6955,,,160522.0,1.6955,,
2012-05-22,1.7635,,,235533.0,1.7635,,
2012-05-21,1.7885,,,2319323.0,1.7885,,
2012-05-18,1.731,,,3991001.0,1.731,,
2012-05-17,1.6445,,,378806.0,1.6445,,
2012-05-16,1.5755,,,545813.0,1.5755,,
2012-05-15,1.535,,,215801.0,1.535,,
2012-05-14,1.518,,,42170.0,1.518,,
2012-05-11,1.5235,,,387483.0,1.5235,,
2012-05-10,1.522,,,23874.0,1.522,,
2012-05-09,1.532,,,625763.0,1.532,,
2012-05-08,1.563,,,90245.0,1.563,,
2012-05-04,1.534,,,206411.0,1.534,,
2012-05-03,1.563,,,40353.0,1.563,,
2012-05-02,1.595,,,285001.0,1.595,,
2012-05-01,1.6425,,,1811.0,1.6425,,
2012-04-30,1.6455,,,65001.0,1.6455,,
2012-04-27,1.65,,,655589.0,1.65,,
2012-04-26,1.609,,,41774.0,1.609,,
2012-04-25,1.5885,,,865298.0,1.5885,,
2012-04-24,1.632,,,90774.0,1.632,,
2012-04-23,1.592,,,23903.0,1.592,,
2012-04-20,1.589,,,128641.0,1.589,,
2012-04-19,1.591,,,287901.0,1.591,,
2012-04-18,1.5585,,,443408.0,1.5585,,
2012-04-17,1.595,,,51501.0,1.595,,
2012-04-16,1.587,,,68989.0,1.587,,
2012-04-13,1.5905,,,143032.0,1.5905,,
2012-04-12,1.6425,,,143801.0,1.6425,,
2012-04-11,1.6045,,,60381.0,1.6045,,
2012-04-10,1.6545,,,374656.0,1.6545,,
2012-04-05,1.641,,,201.0,1.641,,
2012-04-04,1.6535,,,426701.0,1.6535,,
2012-04-03,1.681,,,18814.0,1.681,,
2012-04-02,1.6735,,,483575.0,1.6735,,
2012-03-30,1.657,,,1434501.0,1.657,,
2012-03-29,1.5925,,,151493.0,1.5925,,
2012-03-28,1.629,,,106501.0,1.629,,
2012-03-27,1.6895,,,266703.0,1.6895,,
2012-03-26,1.713,,,33118.0,1.713,,
2012-03-23,1.667,,,206798.0,1.667,,
2012-03-22,1.6245,,,356918.0,1.6245,,
2012-03-21,1.643,,,71401.0,1.643,,
2012-03-20,1.656,,,49588.0,1.656,,
2012-03-19,1.684,,,501.0,1.684,,
2012-03-16,1.713,,,22716.0,1.713,,
2012-03-15,1.6875,,,277203.0,1.6875,,
2012-03-13,1.66,,,16004.0,1.66,,
2012-03-12,1.667,,,52018.0,1.667,,
2012-03-09,1.645,,,1133285.0,1.645,,
2012-03-08,1.635,,,1000111.0,1.635,,
2012-03-07,1.654,,,43191.0,1.654,,
2012-03-06,1.703,,,29601.0,1.703,,
2012-03-05,1.7265,,,2077708.0,1.7265,,
2012-03-02,1.7115,,,132745.0,1.7115,,
2012-03-01,1.713,,,24874.0,1.713,,
2012-02-29,1.704,,,178805.0,1.704,,
2012-02-28,1.7,,,159696.0,1.7,,
2012-02-27,1.6545,,,70516.0,1.6545,,
2012-02-24,1.628,,,31097.0,1.628,,
2012-02-23,1.6375,,,417686.0,1.6375,,
2012-02-22,1.635,,,212512.0,1.635,,
2012-02-21,1.622,,,106200.0,1.622,,
2012-02-20,1.67,,,48401.0,1.67,,
2012-02-17,1.6445,,,59451.0,1.6445,,
2012-02-16,1.6365,,,414144.0,1.6365,,
2012-02-15,1.646,,,259601.0,1.646,,
2012-02-14,1.639,,,145959.0,1.639,,
2012-02-13,1.653,,,313387.0,1.653,,
2012-02-10,1.6595,,,510828.0,1.6595,,
2012-02-09,1.7065,,,603851.0,1.7065,,
2012-02-08,1.7145,,,160916.0,1.7145,,
2012-02-07,1.714,,,105853.0,1.714,,
2012-02-06,1.7295,,,169292.0,1.7295,,
2012-02-03,1.71,,,1107668.0,1.71,,
2012-02-02,1.747,,,304651.0,1.747,,
2012-02-01,1.7505,,,1074819.0,1.7505,,
2012-01-31,1.7235,,,1046126.0,1.7235,,
2012-01-30,1.672,,,187566.0,1.672,,
2012-01-27,1.694,,,1425711.0,1.694,,
2012-01-26,1.708,,,329598.0,1.708,,
2012-01-25,1.642,,,971329.0,1.642,,
2012-01-24,1.64,,,570986.0,1.64,,
2012-01-20,1.566,,,109101.0,1.566,,
2012-01-19,1.55,,,682364.0,1.55,,
2012-01-18,1.5425,,,31421.0,1.5425,,
2012-01-17,1.569,,,140001.0,1.569,,
2012-01-16,1.5675,,,129901.0,1.5675,,
2012-01-13,1.576,,,262511.0,1.576,,
2012-01-12,1.564,,,221562.0,1.564,,
2012-01-11,1.647,,,93798.0,1.647,,
2012-01-10,1.659,,,122251.0,1.659,,
2012-01-09,1.669,,,34227.0,1.669,,
2012-01-06,1.637,,,42823.0,1.637,,
2012-01-05,1.6535,,,220797.0,1.6535,,
2012-01-04,1.6865,,,338501.0,1.6865,,
2012-01-03,1.7245,,,1534661.0,1.7245,,
2011-12-30,1.6915,,,21001.0,1.6915,,
2011-12-29,1.688,,,1501413.0,1.688,,
2011-12-28,1.6825,,,679968.0,1.6825,,
2011-12-23,1.6235,,,42789.0,1.6235,,
2011-12-22,1.6245,,,81172.0,1.6245,,
2011-12-21,1.5775,,,16154.0,1.5775,,
2011-12-20,1.5725,,,123082.0,1.5725,,
2011-12-19,1.546,,,3004.0,1.546,,
2011-12-16,1.5215,,,305428.0,1.5215,,
2011-12-15,1.5155,,,1045630.0,1.5155,,
2011-12-14,1.5205,,,75728.0,1.5205,,
2011-12-13,1.5665,,,619315.0,1.5665,,
2011-12-12,1.5515,,,71370.0,1.5515,,
2011-12-09,1.531,,,48169.0,1.531,,
2011-12-08,1.5515,,,230595.0,1.5515,,
2011-12-07,1.5765,,,143643.0,1.5765,,
2011-12-06,1.58,,,55160.0,1.58,,
2011-12-05,1.6245,,,212401.0,1.6245,,
2011-12-02,1.632,,,137981.0,1.632,,
2011-12-01,1.5885,,,20261.0,1.5885,,
2011-11-30,1.6075,,,577237.0,1.6075,,
2011-11-29,1.5805,,,66731.0,1.5805,,
2011-11-28,1.5575,,,59595.0,1.5575,,
2011-11-25,1.533,,,123361.0,1.533,,
2011-11-24,1.5435,,,285017.0,1.5435,,
2011-11-23,1.537,,,161049.0,1.537,,
2011-11-22,1.5735,,,237887.0,1.5735,,
2011-11-21,1.5715,,,34162.0,1.5715,,
2011-11-18,1.575,,,1345577.0,1.575,,
2011-11-17,1.622,,,543649.0,1.622,,
2011-11-16,1.6905,,,93050.0,1.6905,,
2011-11-15,1.6625,,,47859.0,1.6625,,
2011-11-14,1.656,,,250460.0,1.656,,
2011-11-11,1.6675,,,51196.0,1.6675,,
2011-11-10,1.739,,,11490.0,1.739,,
2011-11-09,1.7525,,,361251.0,1.7525,,
2011-11-08,1.746,,,10028.0,1.746,,
2011-11-07,1.709,,,679767.0,1.709,,
2011-11-04,1.712,,,84627.0,1.712,,
2011-11-03,1.7275,,,6254.0,1.7275,,
2011-11-02,1.691,,,67907.0,1.691,,
2011-11-01,1.6815,,,358780.0,1.6815,,
2011-10-31,1.694,,,223131.0,1.694,,
2011-10-28,1.759,,,71057.0,1.759,,
2011-10-27,1.694,,,250306.0,1.694,,
2011-10-26,1.6735,,,43345.0,1.6735,,
2011-10-25,1.7245,,,66901.0,1.7245,,
2011-10-24,1.735,,,139855.0,1.735,,
2011-10-21,1.7395,,,341.0,1.7395,,
2011-10-20,1.6835,,,441261.0,1.6835,,
2011-10-19,1.7065,,,60788.0,1.7065,,
2011-10-18,1.694,,,226158.0,1.694,,
2011-10-17,1.694,,,464995.0,1.694,,
2011-10-14,1.681,,,332483.0,1.681,,
2011-10-13,1.649,,,120083.0,1.649,,
2011-10-12,1.695,,,140886.0,1.695,,
2011-10-11,1.7145,,,144460.0,1.7145,,
2011-10-10,1.6755,,,89440.0,1.6755,,
2011-10-07,1.6645,,,677812.0,1.6645,,
2011-10-06,1.68,,,1123792.0,1.68,,
2011-10-05,1.675,,,544758.0,1.675,,
2011-10-04,1.6315,,,415374.0,1.6315,,
2011-10-03,1.668,,,593319.0,1.668,,
2011-09-30,1.6675,,,1112330.0,1.6675,,
2011-09-29,1.7635,,,933586.0,1.7635,,
2011-09-28,1.771,,,56530.0,1.771,,
2011-09-27,1.7915,,,718225.0,1.7915,,
2011-09-26,1.7725,,,1077107.0,1.7725,,
2011-09-23,1.715,,,182872.0,1.715,,
2011-09-22,1.766,,,1025858.0,1.766,,
2011-09-21,1.8335,,,218919.0,1.8335,,
2011-09-20,1.841,,,93473.0,1.841,,
2011-09-19,1.821,,,194670.0,1.821,,
2011-09-16,1.879,,,145539.0,1.879,,
2011-09-15,1.8655,,,499119.0,1.8655,,
2011-09-14,1.919,,,163593.0,1.919,,
2011-09-13,1.9255,,,218777.0,1.9255,,
2011-09-12,1.956,,,121391.0,1.956,,
2011-09-09,1.986,,,416598.0,1.986,,
2011-09-08,2.012,,,37601.0,2.012,,
2011-09-07,2.046,,,266219.0,2.046,,
2011-09-06,2.037,,,698310.0,2.037,,
2011-09-05,2.0755,,,120377.0,2.0755,,
2011-09-02,2.0995,,,409316.0,2.0995,,
2011-09-01,2.1085,,,564778.0,2.1085,,
2011-08-31,2.1295,,,173313.0,2.1295,,
2011-08-30,2.1315,,,1411875.0,2.1315,,
2011-08-26,2.15,,,146099.0,2.15,,
2011-08-25,2.119,,,384643.0,2.119,,
2011-08-24,2.1395,,,1347571.0,2.1395,,
2011-08-23,2.114,,,335811.0,2.114,,
2011-08-22,2.0885,,,612917.0,2.0885,,
2011-08-19,2.0355,,,109311.0,2.0355,,
2011-08-18,1.999,,,1184956.0,1.999,,
2011-08-17,2.0595,,,1191430.0,2.0595,,
2011-08-16,2.026,,,83394.0,2.026,,
2011-08-15,2.014,,,1143590.0,2.014,,
2011-08-12,2.0065,,,197101.0,2.0065,,
2011-08-11,1.983,,,1239275.0,1.983,,
2011-08-10,1.937,,,436775.0,1.937,,
2011-08-09,1.9295,,,192616.0,1.9295,,
2011-08-08,1.875,,,1003869.0,1.875,,
2011-08-05,1.9205,,,594322.0,1.9205,,
2011-08-04,1.988,,,1010449.0,1.988,,
2011-08-03,2.024,,,549061.0,2.024,,
2011-08-02,1.9165,,,1100637.0,1.9165,,
2011-08-01,1.961,,,373927.0,1.961,,
2011-07-29,1.9465,,,214426.0,1.9465,,
2011-07-28,2.026,,,485569.0,2.026,,
2011-07-27,2.007,,,420852.0,2.007,,
2011-07-26,1.945,,,266428.0,1.945,,
2011-07-25,1.941,,,83959.0,1.941,,
2011-07-22,1.939,,,214491.0,1.939,,
2011-07-21,1.958,,,102601.0,1.958,,
2011-07-20,2.0055,,,236690.0,2.0055,,
2011-07-19,2.032,,,358862.0,2.032,,
2011-07-18,1.945,,,440779.0,1.945,,
2011-07-15,2.0355,,,584110.0,2.0355,,
2011-07-14,1.994,,,931395.0,1.994,,
2011-07-13,2.009,,,1634114.0,2.009,,
2011-07-12,1.831,,,763973.0,1.831,,
2011-07-11,1.817,,,1484330.0,1.817,,
2011-07-08,1.86,,,533066.0,1.86,,
2011-07-07,1.799,,,411255.0,1.799,,
2011-07-06,1.7925,,,1564453.0,1.7925,,
2011-07-05,1.8,,,1104716.0,1.8,,
2011-07-04,1.7835,,,252937.0,1.7835,,
2011-07-01,1.7565,,,2004578.0,1.7565,,
2011-06-30,1.781,,,2568071.0,1.781,,
2011-06-29,1.9345,,,1336835.0,1.9345,,
2011-06-28,1.9055,,,1659194.0,1.9055,,
2011-06-27,1.845,,,1482952.0,1.845,,
2011-06-24,1.9065,,,532544.0,1.9065,,
2011-06-23,1.868,,,607907.0,1.868,,
2011-06-22,1.942,,,699709.0,1.942,,
2011-06-21,2.0275,,,565293.0,2.0275,,
2011-06-20,2.0,,,753399.0,2.0,,
2011-06-17,2.0335,,,1019733.0,2.0335,,
2011-06-16,2.1015,,,736414.0,2.1015,,
2011-06-15,2.129,,,878913.0,2.129,,
2011-06-14,2.207,,,126000.0,2.207,,
2011-06-13,2.232,,,1057273.0,2.232,,
2011-06-10,2.242,,,390495.0,2.242,,
2011-06-09,2.2435,,,279217.0,2.2435,,
2011-06-08,2.2505,,,2808806.0,2.2505,,
2011-06-07,2.223,,,928395.0,2.223,,
2011-06-06,2.289,,,1120234.0,2.289,,
2011-06-03,2.2955,,,2611212.0,2.2955,,
2011-06-02,2.31,,,47350.0,2.31,,
2011-06-01,2.321,,,925417.0,2.321,,
2011-05-31,2.384,,,584111.0,2.384,,
2011-05-27,2.481,,,174341.0,2.481,,
2011-05-26,2.483,,,99038.0,2.483,,
2011-05-25,2.3935,,,372661.0,2.3935,,
2011-05-24,2.389,,,388053.0,2.389,,
2011-05-23,2.3865,,,718038.0,2.3865,,
2011-05-20,2.443,,,1198231.0,2.443,,
2011-05-19,2.4515,,,2162962.0,2.4515,,
2011-05-18,2.4015,,,5585378.0,2.4015,,
2011-05-17,2.2444,,,160340.0,2.2444,,
2011-05-16,2.222,,,977766.0,2.222,,
2011-05-13,2.223,,,237343.0,2.223,,
2011-05-12,2.2114,,,3353691.0,2.2114,,
2011-05-11,2.347,,,2661731.0,2.347,,
2011-05-10,2.433,,,1390713.0,2.433,,
2011-05-09,2.3664,,,1999174.0,2.3664,,
2011-05-06,2.299,,,1751709.0,2.299,,
2011-05-05,2.2715,,,1386690.0,2.2715,,
2011-05-04,2.328,,,1610176.0,2.328,,
2011-05-03,2.3959,,,666799.0,2.3959,,
2011-04-28,2.38,,,807224.0,2.38,,
2011-04-27,2.4895,,,590865.0,2.4895,,
2011-04-26,2.5855,,,610645.0,2.5855,,
2011-04-21,2.496,,,363175.0,2.496,,
2011-04-20,2.5104,,,1545319.0,2.5104,,
2011-04-19,2.483,,,683415.0,2.483,,
2011-04-18,2.4385,,,540577.0,2.4385,,
2011-04-15,2.339,,,864116.0,2.339,,
2011-04-14,2.327,,,269063.0,2.327,,
2011-04-13,2.393,,,2269813.0,2.393,,
2011-04-12,2.3935,,,377190.0,2.3935,,
2011-04-11,2.5099,,,385432.0,2.5099,,
2011-04-08,2.4335,,,893944.0,2.4335,,
2011-04-07,2.4244,,,1085461.0,2.4244,,
2011-04-06,2.457,,,1569717.0,2.457,,
2011-04-05,2.4745,,,3807475.0,2.4745,,
2011-04-04,2.449,,,1153054.0,2.449,,
2011-04-01,2.389,,,2400942.0,2.389,,
2011-03-31,2.274,,,1172971.0,2.274,,
2011-03-30,2.306,,,565028.0,2.306,,
2011-03-29,2.3175,,,257130.0,2.3175,,
2011-03-28,2.2995,,,416915.0,2.2995,,
2011-03-25,2.3035,,,930789.0,2.3035,,
2011-03-24,2.3265,,,3351286.0,2.3265,,
2011-03-23,2.252,,,1995816.0,2.252,,
2011-03-22,2.2635,,,536163.0,2.2635,,
2011-03-21,2.2855,,,991888.0,2.2855,,
2011-03-18,2.3115,,,2081139.0,2.3115,,
2011-03-17,2.247,,,594368.0,2.247,,
2011-03-16,2.0995,,,5007923.0,2.0995,,
2011-03-15,2.152,,,628518.0,2.152,,
2011-03-14,2.267,,,717584.0,2.267,,
2011-03-11,2.291,,,2955546.0,2.291,,
2011-03-10,2.347,,,1068617.0,2.347,,
2011-03-09,2.424,,,302211.0,2.424,,
2011-03-08,2.51,,,2370835.0,2.51,,
2011-03-07,2.5575,,,3727299.0,2.5575,,
2011-03-04,2.595,,,661843.0,2.595,,
2011-03-03,2.591,,,333930.0,2.591,,
2011-03-02,2.572,,,1853758.0,2.572,,
2011-03-01,2.536,,,149693.0,2.536,,
2011-02-28,2.528,,,782004.0,2.528,,
2011-02-25,2.562,,,529714.0,2.562,,
2011-02-24,2.461,,,1800576.0,2.461,,
2011-02-23,2.5165,,,3273063.0,2.5165,,
2011-02-22,2.563,,,4777113.0,2.563,,
2011-02-21,2.7,,,919264.0,2.7,,
2011-02-18,2.771,,,780720.0,2.771,,
2011-02-17,2.751,,,673320.0,2.751,,
2011-02-16,2.718,,,503630.0,2.718,,
2011-02-15,2.777,,,466964.0,2.777,,
2011-02-14,2.873,,,963062.0,2.873,,
2011-02-11,2.815,,,601385.0,2.815,,
2011-02-10,2.8859,,,2566147.0,2.8859,,
2011-02-09,2.878,,,429945.0,2.878,,
2011-02-08,2.853,,,129289.0,2.853,,
2011-02-07,2.821,,,578072.0,2.821,,
2011-02-04,2.792,,,389088.0,2.792,,
2011-02-03,2.823,,,630700.0,2.823,,
2011-02-02,2.785,,,363711.0,2.785,,
2011-02-01,2.738,,,178273.0,2.738,,
2011-01-31,2.754,,,91618.0,2.754,,
2011-01-28,2.724,,,462930.0,2.724,,
2011-01-27,2.776,,,562957.0,2.776,,
2011-01-26,2.792,,,2025481.0,2.792,,
2011-01-25,2.722,,,488890.0,2.722,,
2011-01-24,2.713,,,2016913.0,2.713,,
2011-01-21,2.684,,,266016.0,2.684,,
2011-01-20,2.563,,,724276.0,2.563,,
2011-01-19,2.631,,,479672.0,2.631,,
2011-01-18,2.584,,,1546248.0,2.584,,
2011-01-17,2.546,,,133745.0,2.546,,
2011-01-14,2.5169,,,2142552.0,2.5169,,
2011-01-13,2.533,,,292831.0,2.533,,
2011-01-12,2.54,,,349454.0,2.54,,
2011-01-11,2.516,,,193181.0,2.516,,
2011-01-10,2.544,,,147948.0,2.544,,
2011-01-07,2.57,,,164238.0,2.57,,
2011-01-06,2.609,,,100647.0,2.609,,
2011-01-05,2.599,,,127797.0,2.599,,
2011-01-04,2.625,,,1202887.0,2.625,,
2010-12-31,2.567,,,17990.0,2.567,,
2010-12-30,2.558,,,637880.0,2.558,,
2010-12-29,2.601,,,176576.0,2.601,,
2010-12-24,2.535,,,4491.0,2.535,,
2010-12-23,2.564,,,307005.0,2.564,,
2010-12-22,2.505,,,61550.0,2.505,,
2010-12-21,2.513,,,407643.0,2.513,,
2010-12-20,2.532,,,77818.0,2.532,,
2010-12-17,2.454,,,144163.0,2.454,,
2010-12-16,2.481,,,68700.0,2.481,,
2010-12-15,2.522,,,235165.0,2.522,,
2010-12-14,2.492,,,334902.0,2.492,,
2010-12-13,2.544,,,113418.0,2.544,,
2010-12-10,2.56,,,197594.0,2.56,,
2010-12-09,2.565,,,150065.0,2.565,,
2010-12-08,2.57,,,1332373.0,2.57,,
2010-12-07,2.585,,,1410143.0,2.585,,
2010-12-06,2.57,,,2490501.0,2.57,,
2010-12-03,2.543,,,1583538.0,2.543,,
2010-12-02,2.469,,,1076858.0,2.469,,
2010-12-01,2.398,,,1222404.0,2.398,,
2010-11-30,2.266,,,303800.0,2.266,,
2010-11-29,2.263,,,329750.0,2.263,,
2010-11-26,2.255,,,342473.0,2.255,,
2010-11-25,2.24,,,149742.0,2.24,,
2010-11-24,2.255,,,162340.0,2.255,,
2010-11-23,2.218,,,72464.0,2.218,,
2010-11-22,2.258,,,187061.0,2.258,,
2010-11-19,2.255,,,508559.0,2.255,,
2010-11-18,2.244,,,214809.0,2.244,,
2010-11-17,2.219,,,738137.0,2.219,,
2010-11-16,2.234,,,268562.0,2.234,,
2010-11-15,2.342,,,88211.0,2.342,,
2010-11-12,2.386,,,110604.0,2.386,,
2010-11-11,2.447,,,446973.0,2.447,,
2010-11-10,2.461,,,134252.0,2.461,,
2010-11-09,2.562,,,1005588.0,2.562,,
2010-11-08,2.519,,,425790.0,2.519,,
2010-11-05,2.487,,,467208.0,2.487,,
2010-11-04,2.464,,,2226761.0,2.464,,
2010-11-03,2.394,,,496502.0,2.394,,
2010-11-02,2.396,,,118096.0,2.396,,
2010-11-01,2.45,,,223488.0,2.45,,
2010-10-29,2.499,,,294373.0,2.499,,
2010-10-28,2.487,,,379908.0,2.487,,
2010-10-27,2.431,,,212467.0,2.431,,
2010-10-26,2.379,,,101050.0,2.379,,
2010-10-25,2.343,,,193465.0,2.343,,
2010-10-22,2.307,,,142156.0,2.307,,
2010-10-21,2.334,,,159790.0,2.334,,
2010-10-20,2.337,,,133811.0,2.337,,
2010-10-19,2.341,,,258232.0,2.341,,
2010-10-18,2.399,,,164269.0,2.399,,
2010-10-15,2.425,,,327309.0,2.425,,
2010-10-14,2.435,,,345482.0,2.435,,
2010-10-12,2.458,,,447262.0,2.458,,
2010-10-11,2.452,,,615937.0,2.452,,
2010-10-08,2.48,,,323269.0,2.48,,
2010-10-07,2.312,,,231522.0,2.312,,
2010-10-06,2.293,,,454677.0,2.293,,
2010-10-05,2.292,,,100124.0,2.292,,
2010-10-04,2.255,,,960458.0,2.255,,
2010-10-01,2.298,,,478378.0,2.298,,
2010-09-30,2.284,,,680191.0,2.284,,
2010-09-29,2.307,,,1767000.0,2.307,,
2010-09-28,2.398,,,144861.0,2.398,,
2010-09-27,2.454,,,300080.0,2.454,,
2010-09-24,2.438,,,81795.0,2.438,,
2010-09-23,2.451,,,197915.0,2.451,,
2010-09-22,2.505,,,264757.0,2.505,,
2010-09-21,2.518,,,429064.0,2.518,,
2010-09-20,2.56,,,564306.0,2.56,,
2010-09-17,2.518,,,828775.0,2.518,,
2010-09-16,2.482,,,381602.0,2.482,,
2010-09-15,2.547,,,236961.0,2.547,,
2010-09-14,2.565,,,700077.0,2.565,,
2010-09-13,2.587,,,1019587.0,2.587,,
2010-09-10,2.52,,,569585.0,2.52,,
2010-09-09,2.514,,,174105.0,2.514,,
2010-09-08,2.513,,,256185.0,2.513,,
2010-09-07,2.54,,,578654.0,2.54,,
2010-09-06,2.568,,,672605.0,2.568,,
2010-09-03,2.535,,,414224.0,2.535,,
2010-09-02,2.484,,,880564.0,2.484,,
2010-09-01,2.424,,,132013.0,2.424,,
2010-08-31,2.446,,,462894.0,2.446,,
2010-08-27,2.414,,,300612.0,2.414,,
2010-08-26,2.401,,,63946.0,2.401,,
2010-08-25,2.372,,,219176.0,2.372,,
2010-08-24,2.479,,,555445.0,2.479,,
2010-08-23,2.51,,,711141.0,2.51,,
2010-08-20,2.448,,,977392.0,2.448,,
2010-08-19,2.487,,,1074337.0,2.487,,
2010-08-18,2.398,,,5740784.0,2.398,,
2010-08-17,2.428,,,293075.0,2.428,,
2010-08-16,2.516,,,453666.0,2.516,,
2010-08-13,2.589,,,98980.0,2.589,,
2010-08-12,2.604,,,2476832.0,2.604,,
2010-08-11,2.509,,,583273.0,2.509,,
2010-08-10,2.569,,,1310988.0,2.569,,
2010-08-09,2.598,,,2842797.0,2.598,,
2010-08-06,2.713,,,4851479.0,2.713,,
2010-08-05,2.826,,,5077611.0,2.826,,
2010-08-04,2.577,,,2058623.0,2.577,,
2010-08-03,2.455,,,1035808.0,2.455,,
2010-08-02,2.529,,,6490665.0,2.529,,
2010-07-30,2.358,,,1350056.0,2.358,,
2010-07-29,2.263,,,423049.0,2.263,,
2010-07-28,2.217,,,311313.0,2.217,,
2010-07-27,2.147,,,286250.0,2.147,,
2010-07-26,2.12,,,210668.0,2.12,,
2010-07-23,2.16,,,159627.0,2.16,,
2010-07-22,2.1625,,,422418.0,2.1625,,
2010-07-21,2.1275,,,1625919.0,2.1275,,
2010-07-20,2.085,,,384702.0,2.085,,
2010-07-19,2.095,,,384410.0,2.095,,
2010-07-16,2.1025,,,1790992.0,2.1025,,
2010-07-15,2.1225,,,1485259.0,2.1225,,
2010-07-14,2.0175,,,546708.0,2.0175,,
2010-07-13,1.95,,,309543.0,1.95,,
2010-07-12,1.935,,,407683.0,1.935,,
2010-07-09,1.935,,,842266.0,1.935,,
2010-07-08,1.9275,,,256147.0,1.9275,,
2010-07-07,1.885,,,592128.0,1.885,,
2010-07-06,1.875,,,86962.0,1.875,,
2010-07-05,1.82,,,114973.0,1.82,,
2010-07-02,1.83,,,909947.0,1.83,,
2010-07-01,1.755,,,426861.0,1.755,,
2010-06-30,1.725,,,28700.0,1.725,,
2010-06-29,1.6625,,,483980.0,1.6625,,
2010-06-28,1.6675,,,36297.0,1.6675,,
2010-06-25,1.71,,,131448.0,1.71,,
2010-06-24,1.735,,,37550.0,1.735,,
2010-06-23,1.74,,,20324.0,1.74,,
2010-06-22,1.71,,,62703.0,1.71,,
2010-06-21,1.7175,,,1652765.0,1.7175,,
2010-06-18,1.75,,,76301.0,1.75,,
2010-06-17,1.7225,,,78348.0,1.7225,,
2010-06-16,1.735,,,201951.0,1.735,,
2010-06-15,1.6825,,,156199.0,1.6825,,
2010-06-14,1.6975,,,187688.0,1.6975,,
2010-06-11,1.61,,,238412.0,1.61,,
2010-06-10,1.625,,,153037.0,1.625,,
2010-06-09,1.6325,,,42173.0,1.6325,,
2010-06-08,1.635,,,34457.0,1.635,,
2010-06-07,1.6375,,,249345.0,1.6375,,
2010-06-04,1.6525,,,68123.0,1.6525,,
2010-06-03,1.6625,,,283338.0,1.6625,,
2010-06-02,1.6925,,,168120.0,1.6925,,
2010-06-01,1.7075,,,233647.0,1.7075,,
2010-05-28,1.78,,,117234.0,1.78,,
2010-05-27,1.765,,,331299.0,1.765,,
2010-05-26,1.7275,,,79455.0,1.7275,,
2010-05-25,1.74,,,495669.0,1.74,,
2010-05-24,1.78,,,129328.0,1.78,,
2010-05-21,1.78,,,165038.0,1.78,,
2010-05-20,1.75,,,104123.0,1.75,,
2010-05-19,1.7675,,,262630.0,1.7675,,
2010-05-18,1.765,,,116100.0,1.765,,
2010-05-17,1.7675,,,793080.0,1.7675,,
2010-05-14,1.78,,,74636.0,1.78,,
2010-05-13,1.825,,,227600.0,1.825,,
2010-05-12,1.8775,,,24489.0,1.8775,,
2010-05-11,1.87,,,196675.0,1.87,,
2010-05-10,1.8725,,,515528.0,1.8725,,
2010-05-07,1.9025,,,1372226.0,1.9025,,
2010-05-06,1.9125,,,1617150.0,1.9125,,
2010-05-05,1.9225,,,358012.0,1.9225,,
2010-05-04,1.8925,,,1795500.0,1.8925,,
2010-04-30,1.88,,,50253.0,1.88,,
2010-04-29,1.89,,,229510.0,1.89,,
2010-04-28,1.85,,,301545.0,1.85,,
2010-04-27,1.8275,,,244740.0,1.8275,,
2010-04-26,1.895,,,122484.0,1.895,,
2010-04-23,1.9175,,,284541.0,1.9175,,
2010-04-22,1.89,,,206930.0,1.89,,
2010-04-21,1.8725,,,173615.0,1.8725,,
2010-04-20,1.8675,,,193926.0,1.8675,,
2010-04-19,1.845,,,715611.0,1.845,,
2010-04-16,1.865,,,3647207.0,1.865,,
2010-04-15,1.8575,,,78127.0,1.8575,,
2010-04-14,1.8275,,,91132.0,1.8275,,
2010-04-13,1.8375,,,197002.0,1.8375,,
2010-04-12,1.8075,,,456859.0,1.8075,,
2010-04-09,1.795,,,148791.0,1.795,,
2010-04-08,1.815,,,818312.0,1.815,,
2010-04-07,1.7725,,,973278.0,1.7725,,
2010-04-06,1.81,,,110421.0,1.81,,
2010-04-01,1.75,,,410915.0,1.75,,
2010-03-31,1.7725,,,238508.0,1.7725,,
2010-03-30,1.815,,,248001.0,1.815,,
2010-03-29,1.81,,,216580.0,1.81,,
2010-03-26,1.795,,,317495.0,1.795,,
2010-03-25,1.8125,,,233850.0,1.8125,,
2010-03-24,1.8425,,,248952.0,1.8425,,
2010-03-23,1.8675,,,273367.0,1.8675,,
2010-03-22,1.895,,,6000.0,1.895,,
2010-03-19,1.88,,,385682.0,1.88,,
2010-03-18,1.8825,,,86474.0,1.8825,,
2010-03-17,1.915,,,1058111.0,1.915,,
2010-03-16,1.88,,,508850.0,1.88,,
2010-03-15,1.855,,,192259.0,1.855,,
2010-03-12,1.8625,,,291868.0,1.8625,,
2010-03-11,1.8475,,,1002425.0,1.8475,,
2010-03-10,1.8825,,,459894.0,1.8825,,
2010-03-09,1.9,,,683849.0,1.9,,
2010-03-08,1.92,,,937450.0,1.92,,
2010-03-05,1.9325,,,77550.0,1.9325,,
2010-03-04,1.9425,,,261878.0,1.9425,,
2010-03-03,1.975,,,524634.0,1.975,,
2010-03-02,1.94,,,137945.0,1.94,,
2010-03-01,1.975,,,241167.0,1.975,,
2010-02-26,2.0075,,,864251.0,2.0075,,
2010-02-25,1.9425,,,883453.0,1.9425,,
2010-02-24,1.97,,,267692.0,1.97,,
2010-02-23,1.9875,,,423294.0,1.9875,,
2010-02-22,1.945,,,178272.0,1.945,,
2010-02-19,1.935,,,116060.0,1.935,,
2010-02-18,1.945,,,68302.0,1.945,,
2010-02-17,1.9775,,,462460.0,1.9775,,
2010-02-16,2.0125,,,664066.0,2.0125,,
2010-02-15,1.9425,,,115060.0,1.9425,,
2010-02-12,1.9325,,,31288.0,1.9325,,
2010-02-11,1.95,,,239486.0,1.95,,
2010-02-10,1.9425,,,218654.0,1.9425,,
2010-02-09,1.9125,,,569552.0,1.9125,,
2010-02-08,1.945,,,126460.0,1.945,,
2010-02-05,1.88,,,400938.0,1.88,,
2010-02-04,1.8875,,,457171.0,1.8875,,
2010-02-03,1.9075,,,414978.0,1.9075,,
2010-02-02,1.945,,,1486090.0,1.945,,
2010-02-01,1.93,,,585744.0,1.93,,
2010-01-29,1.9225,,,63590.0,1.9225,,
2010-01-28,1.9425,,,476364.0,1.9425,,
2010-01-27,1.955,,,732926.0,1.955,,
2010-01-26,1.9675,,,772613.0,1.9675,,
2010-01-25,1.99,,,578641.0,1.99,,
2010-01-22,1.9975,,,616069.0,1.9975,,
2010-01-21,1.985,,,278580.0,1.985,,
2010-01-20,1.96,,,457402.0,1.96,,
2010-01-19,2.0075,,,1022027.0,2.0075,,
2010-01-18,2.06,,,158308.0,2.06,,
2010-01-15,2.06,,,392085.0,2.06,,
2010-01-14,2.1175,,,173502.0,2.1175,,
2010-01-13,2.1175,,,456804.0,2.1175,,
2010-01-12,2.1475,,,310758.0,2.1475,,
2010-01-11,2.2575,,,770067.0,2.2575,,
2010-01-08,2.225,,,222053.0,2.225,,
2010-01-07,2.235,,,302739.0,2.235,,
2010-01-06,2.235,,,259703.0,2.235,,
2010-01-05,2.23,,,1107466.0,2.23,,
2010-01-04,2.23,,,505233.0,2.23,,
2009-12-31,2.1925,,,192172.0,2.1925,,
2009-12-30,2.19,,,95377.0,2.19,,
2009-12-29,2.165,,,952266.0,2.165,,
2009-12-24,2.105,,,207530.0,2.105,,
2009-12-23,2.0975,,,2736320.0,2.0975,,
2009-12-22,2.0725,,,173979.0,2.0725,,
2009-12-21,2.0925,,,84329.0,2.0925,,
2009-12-18,2.1,,,403655.0,2.1,,
2009-12-17,2.105,,,872613.0,2.105,,
2009-12-16,2.1425,,,560500.0,2.1425,,
2009-12-15,2.165,,,24147.0,2.165,,
2009-12-14,2.1875,,,209242.0,2.1875,,
2009-12-11,2.1325,,,131000.0,2.1325,,
2009-12-10,2.1525,,,313620.0,2.1525,,
2009-12-09,2.16,,,210588.0,2.16,,
2009-12-08,2.165,,,247040.0,2.165,,
2009-12-07,2.2274,,,343024.0,2.2274,,
2009-12-04,2.2325,,,314999.0,2.2325,,
2009-12-03,2.305,,,172799.0,2.305,,
2009-12-02,2.31,,,94275.0,2.31,,
2009-12-01,2.385,,,303420.0,2.385,,
2009-11-30,2.3074,,,620041.0,2.3074,,
2009-11-27,2.2675,,,320757.0,2.2675,,
2009-11-26,2.29,,,58624.0,2.29,,
2009-11-25,2.285,,,478928.0,2.285,,
2009-11-24,2.235,,,249564.0,2.235,,
2009-11-23,2.375,,,499383.0,2.375,,
2009-11-20,2.315,,,857188.0,2.315,,
2009-11-19,2.315,,,589112.0,2.315,,
2009-11-18,2.385,,,661817.0,2.385,,
2009-11-17,2.35,,,1195682.0,2.35,,
2009-11-16,2.3075,,,856436.0,2.3075,,
2009-11-13,2.235,,,250696.0,2.235,,
2009-11-12,2.2225,,,1161251.0,2.2225,,
2009-11-11,2.2,,,623691.0,2.2,,
2009-11-10,2.11,,,370681.0,2.11,,
2009-11-09,2.1125,,,359823.0,2.1125,,
2009-11-06,2.1075,,,208101.0,2.1075,,
2009-11-05,2.1475,,,415589.0,2.1475,,
2009-11-04,2.135,,,704481.0,2.135,,
2009-11-03,2.13,,,4385637.0,2.13,,
2009-11-02,2.0875,,,313335.0,2.0875,,
2009-10-30,2.0625,,,219329.0,2.0625,,
2009-10-29,2.1199,,,914742.0,2.1199,,
2009-10-28,2.0675,,,1644813.0,2.0675,,
2009-10-27,2.1325,,,1221787.0,2.1325,,
2009-10-26,2.2049,,,1789156.0,2.2049,,
2009-10-23,2.3475,,,1525568.0,2.3475,,
2009-10-22,2.2675,,,408969.0,2.2675,,
2009-10-21,2.2075,,,2504995.0,2.2075,,
2009-10-20,2.1475,,,504101.0,2.1475,,
2009-10-19,2.1375,,,654709.0,2.1375,,
2009-10-16,2.065,,,1496086.0,2.065,,
2009-10-15,2.08,,,1691552.0,2.08,,
2009-10-14,2.175,,,1988515.0,2.175,,
2009-10-13,2.0625,,,1296828.0,2.0625,,
2009-10-12,2.0125,,,244958.0,2.0125,,
2009-10-09,1.9525,,,183147.0,1.9525,,
2009-10-08,1.975,,,738340.0,1.975,,
2009-10-07,1.9,,,749130.0,1.9,,
2009-10-06,1.9325,,,1580857.0,1.9325,,
2009-10-05,1.845,,,1763252.0,1.845,,
2009-10-02,1.8475,,,1507386.0,1.8475,,
2009-10-01,1.865,,,765561.0,1.865,,
2009-09-30,1.845,,,3132803.0,1.845,,
2009-09-29,1.885,,,113638.0,1.885,,
2009-09-28,1.9125,,,1314254.0,1.9125,,
2009-09-25,1.9475,,,696055.0,1.9475,,
2009-09-24,1.9125,,,300839.0,1.9125,,
2009-09-23,1.9125,,,1048210.0,1.9125,,
2009-09-22,1.9075,,,187091.0,1.9075,,
2009-09-21,1.9125,,,1323841.0,1.9125,,
2009-09-18,1.925,,,3828106.0,1.925,,
2009-09-17,1.935,,,1222789.0,1.935,,
2009-09-16,1.925,,,819290.0,1.925,,
2009-09-15,1.9475,,,1141147.0,1.9475,,
2009-09-14,1.9,,,666447.0,1.9,,
2009-09-11,1.8925,,,2289857.0,1.8925,,
2009-09-10,1.91,,,706493.0,1.91,,
2009-09-09,1.915,,,1445439.0,1.915,,
2009-09-08,1.9475,,,1790409.0,1.9475,,
2009-09-07,1.975,,,426698.0,1.975,,
2009-09-04,1.9724,,,1496264.0,1.9724,,
2009-09-03,1.995,,,5082517.0,1.995,,
2009-09-02,2.0225,,,678967.0,2.0225,,
2009-09-01,2.03,,,1581735.0,2.03,,
2009-08-28,2.0875,,,1061110.0,2.0875,,
2009-08-27,2.0675,,,374484.0,2.0675,,
2009-08-26,2.105,,,3019945.0,2.105,,
2009-08-25,2.1375,,,367750.0,2.1375,,
2009-08-24,2.0599,,,564410.0,2.0599,,
2009-08-21,2.0575,,,2131695.0,2.0575,,
2009-08-20,2.0625,,,459447.0,2.0625,,
2009-08-19,2.085,,,363223.0,2.085,,
2009-08-18,2.0825,,,1311027.0,2.0825,,
2009-08-17,2.065,,,1293109.0,2.065,,
2009-08-14,2.125,,,1482618.0,2.125,,
2009-08-13,2.13,,,1989674.0,2.13,,
2009-08-12,2.1125,,,1508001.0,2.1125,,
2009-08-11,2.15,,,1863925.0,2.15,,
2009-08-10,2.19,,,1779536.0,2.19,,
2009-08-07,2.1925,,,1201706.0,2.1925,,
2009-08-06,2.245,,,1245658.0,2.245,,
2009-08-05,2.365,,,1181719.0,2.365,,
2009-08-04,2.4175,,,772200.0,2.4175,,
2009-08-03,2.4025,,,2499045.0,2.4025,,
2009-07-31,2.2999,,,1101480.0,2.2999,,
2009-07-30,2.2875,,,1316009.0,2.2875,,
2009-07-29,2.2425,,,888435.0,2.2425,,
2009-07-28,2.285,,,803929.0,2.285,,
2009-07-27,2.295,,,1086860.0,2.295,,
2009-07-24,2.3,,,230252.0,2.3,,
2009-07-23,2.31,,,701006.0,2.31,,
2009-07-22,2.265,,,981400.0,2.265,,
2009-07-21,2.37,,,116595.0,2.37,,
2009-07-20,2.3825,,,219100.0,2.3825,,
2009-07-17,2.355,,,260365.0,2.355,,
2009-07-16,2.3775,,,288964.0,2.3775,,
2009-07-15,2.39,,,451302.0,2.39,,
2009-07-14,2.3475,,,336762.0,2.3475,,
2009-07-13,2.3225,,,103218.0,2.3225,,
2009-07-10,2.27,,,,2.27,,
2009-07-09,2.3,,,498366.0,2.3,,
2009-07-08,2.27,,,18660.0,2.27,,
2009-07-07,2.2875,,,575563.0,2.2875,,
2009-07-06,2.3125,,,634811.0,2.3125,,
2009-07-03,2.3475,,,224252.0,2.3475,,
2009-07-02,2.345,,,777631.0,2.345,,
2009-07-01,2.3375,,,761678.0,2.3375,,
2009-06-30,2.38,,,1363706.0,2.38,,
2009-06-29,2.46,,,650300.0,2.46,,
2009-06-26,2.47,,,240858.0,2.47,,
2009-06-25,2.48,,,1353471.0,2.48,,
2009-06-24,2.52,,,589650.0,2.52,,
2009-06-23,2.5325,,,124876.0,2.5325,,
2009-06-22,2.5375,,,1007802.0,2.5375,,
2009-06-19,2.5975,,,267000.0,2.5975,,
2009-06-18,2.5975,,,59996.0,2.5975,,
2009-06-17,2.6325,,,58878.0,2.6325,,
2009-06-16,2.64,,,67880.0,2.64,,
2009-06-15,2.6625,,,101757.0,2.6625,,
2009-06-12,2.6775,,,372300.0,2.6775,,
2009-06-11,2.78,,,145340.0,2.78,,
2009-06-10,2.78,,,335820.0,2.78,,
2009-06-09,2.815,,,60301.0,2.815,,
2009-06-08,2.8,,,184120.0,2.8,,
2009-06-05,2.875,,,67501.0,2.875,,
2009-06-04,2.9325,,,178745.0,2.9325,,
2009-06-03,2.965,,,603970.0,2.965,,
2009-06-02,3.0675,,,332230.0,3.0675,,
2009-06-01,3.0575,,,134233.0,3.0575,,
2009-05-29,2.97,,,186780.0,2.97,,
2009-05-28,2.97,,,318554.0,2.97,,
2009-05-27,2.8475,,,426659.0,2.8475,,
2009-05-26,2.8275,,,184323.0,2.8275,,
2009-05-22,2.7975,,,668088.0,2.7975,,
2009-05-21,2.7375,,,272203.0,2.7375,,
2009-05-20,2.7625,,,51218.0,2.7625,,
2009-05-19,2.7225,,,218077.0,2.7225,,
2009-05-18,2.6825,,,7700.0,2.6825,,
2009-05-15,2.695,,,419592.0,2.695,,
2009-05-14,2.71,,,118826.0,2.71,,
2009-05-13,2.72,,,2577.0,2.72,,
2009-05-12,2.715,,,251538.0,2.715,,
2009-05-11,2.725,,,298450.0,2.725,,
2009-05-08,2.71,,,416808.0,2.71,,
2009-05-07,2.6275,,,138127.0,2.6275,,
2009-05-06,2.55,,,64200.0,2.55,,
2009-05-05,2.565,,,83965.0,2.565,,
2009-05-01,2.55,,,140842.0,2.55,,
2009-04-30,2.485,,,215311.0,2.485,,
2009-04-29,2.445,,,65594.0,2.445,,
2009-04-28,2.4125,,,101000.0,2.4125,,
2009-04-27,2.455,,,12798.0,2.455,,
2009-04-24,2.5025,,,61760.0,2.5025,,
2009-04-23,2.5,,,220000.0,2.5,,
2009-04-22,2.42,,,730.0,2.42,,
2009-04-21,2.41,,,2682.0,2.41,,
2009-04-20,2.3925,,,40059.0,2.3925,,
2009-04-17,2.4875,,,4310.0,2.4875,,
2009-04-16,2.4375,,,,2.4375,,
2009-04-15,2.465,,,71700.0,2.465,,
2009-04-14,2.4925,,,14276.0,2.4925,,
2009-04-09,2.4875,,,2000.0,2.4875,,
2009-04-08,2.5425,,,,2.5425,,
2009-04-07,2.625,,,343999.0,2.625,,
2009-04-06,2.64,,,64540.0,2.64,,
2009-04-03,2.625,,,66000.0,2.625,,
2009-04-02,2.5825,,,107500.0,2.5825,,
2009-04-01,2.45,,,71660.0,2.45,,
2009-03-31,2.42,,,63680.0,2.42,,
2009-03-30,2.3825,,,7971.0,2.3825,,
2009-03-27,2.4025,,,120800.0,2.4025,,
2009-03-26,2.4075,,,20682.0,2.4075,,
2009-03-25,2.4625,,,51800.0,2.4625,,
2009-03-24,2.525,,,13450.0,2.525,,
2009-03-23,2.6225,,,81300.0,2.6225,,
2009-03-20,2.565,,,157800.0,2.565,,
2009-03-19,2.6175,,,10800.0,2.6175,,
2009-03-18,2.565,,,15700.0,2.565,,
2009-03-17,2.6,,,151530.0,2.6,,
2009-03-16,2.55,,,103243.0,2.55,,
2009-03-13,2.445,,,474700.0,2.445,,
2009-03-12,2.44,,,9400.0,2.44,,
2009-03-11,2.455,,,27911.0,2.455,,
2009-03-10,2.5275,,,8391.0,2.5275,,
2009-03-09,2.4775,,,10350.0,2.4775,,
2009-03-06,2.4625,,,7806.0,2.4625,,
2009-03-05,2.43,,,10000.0,2.43,,
2009-03-04,2.45,,,35000.0,2.45,,
2009-03-03,2.365,,,148300.0,2.365,,
2009-03-02,2.3925,,,7288.0,2.3925,,
2009-02-27,2.46,,,27439.0,2.46,,
2009-02-26,2.5425,,,370980.0,2.5425,,
2009-02-25,2.5025,,,14000.0,2.5025,,
2009-02-24,2.4425,,,7415.0,2.4425,,
2009-02-23,2.475,,,,2.475,,
2009-02-20,2.4475,,,44400.0,2.4475,,
2009-02-19,2.51,,,32629.0,2.51,,
2009-02-18,2.485,,,7495.0,2.485,,
2009-02-17,2.52,,,172636.0,2.52,,
2009-02-16,2.6,,,69350.0,2.6,,
2009-02-13,2.6175,,,112785.0,2.6175,,
2009-02-12,2.6475,,,14809.0,2.6475,,
2009-02-11,2.6575,,,344404.0,2.6575,,
2009-02-10,2.6825,,,464584.0,2.6825,,
2009-02-09,2.765,,,206180.0,2.765,,
2009-02-06,2.7275,,,145169.0,2.7275,,
2009-02-05,2.705,,,1910.0,2.705,,
2009-02-04,2.6175,,,114041.0,2.6175,,
2009-02-03,2.7025,,,10000.0,2.7025,,
2009-02-02,2.6875,,,134850.0,2.6875,,
2009-01-30,2.81,,,121362.0,2.81,,
2009-01-29,2.795,,,104960.0,2.795,,
2009-01-28,2.8475,,,1342201.0,2.8475,,
2009-01-27,2.855,,,381729.0,2.855,,
2009-01-26,2.9325,,,114350.0,2.9325,,
2009-01-23,2.8475,,,487142.0,2.8475,,
2009-01-22,2.725,,,938463.0,2.725,,
2009-01-21,2.69,,,57710.0,2.69,,
2009-01-20,2.75,,,211800.0,2.75,,
2009-01-19,2.805,,,12000.0,2.805,,
2009-01-16,2.815,,,7816.0,2.815,,
2009-01-15,2.78,,,207023.0,2.78,,
2009-01-14,2.8,,,113299.0,2.8,,
2009-01-13,2.8325,,,113200.0,2.8325,,
2009-01-12,2.795,,,85883.0,2.795,,
2009-01-09,3.0175,,,369000.0,3.0175,,
2009-01-08,2.9525,,,495995.0,2.9525,,
2009-01-07,3.0325,,,361220.0,3.0325,,
2009-01-06,3.0475,,,2145555.0,3.0475,,
2009-01-05,2.9025,,,27010.0,2.9025,,
2009-01-02,2.9625,,,5267.0,2.9625,,
2008-12-31,2.87,,,5500.0,2.87,,
2008-12-30,2.885,,,26110.0,2.885,,
2008-12-29,2.9625,,,66929.0,2.9625,,
2008-12-24,2.7925,,,18771.0,2.7925,,
2008-12-23,2.7075,,,822328.0,2.7075,,
2008-12-22,2.7225,,,326367.0,2.7225,,
2008-12-19,2.71,,,6852.0,2.71,,
2008-12-18,2.7,,,111300.0,2.7,,
2008-12-17,2.625,,,60823.0,2.625,,
2008-12-16,2.5775,,,10094.0,2.5775,,
2008-12-15,2.545,,,101880.0,2.545,,
2008-12-12,2.4175,,,72064.0,2.4175,,
2008-12-11,2.4675,,,3790.0,2.4675,,
2008-12-10,2.42,,,51700.0,2.42,,
2008-12-09,2.39,,,103620.0,2.39,,
2008-12-08,2.39,,,35400.0,2.39,,
2008-12-05,2.305,,,217200.0,2.305,,
2008-12-04,2.4025,,,147502.0,2.4025,,
2008-12-03,2.5725,,,6132.0,2.5725,,
2008-12-02,2.5525,,,64575.0,2.5525,,
2008-12-01,2.5325,,,33683.0,2.5325,,
2008-11-28,2.6825,,,,2.6825,,
2008-11-27,2.665,,,25470.0,2.665,,
2008-11-26,2.67,,,1810.0,2.67,,
2008-11-25,2.67,,,6200.0,2.67,,
2008-11-24,2.725,,,58100.0,2.725,,
2008-11-21,2.535,,,13839.0,2.535,,
2008-11-20,2.5475,,,700.0,2.5475,,
2008-11-19,2.6525,,,,2.6525,,
2008-11-18,2.73,,,1270.0,2.73,,
2008-11-17,2.7375,,,298274.0,2.7375,,
2008-11-14,2.7475,,,131800.0,2.7475,,
2008-11-13,2.7825,,,1451.0,2.7825,,
2008-11-12,2.65,,,108400.0,2.65,,
2008-11-11,2.5725,,,14214.0,2.5725,,
2008-11-10,2.5775,,,117900.0,2.5775,,
2008-11-07,2.62,,,,2.62,,
2008-11-06,2.6125,,,108420.0,2.6125,,
2008-11-05,2.7225,,,216200.0,2.7225,,
2008-11-04,2.8925,,,43224.0,2.8925,,
2008-11-03,2.865,,,67170.0,2.865,,
2008-10-31,2.67,,,25920.0,2.67,,
2008-10-29,2.9475,,,210800.0,2.9475,,
2008-10-28,2.6225,,,102680.0,2.6225,,
2008-10-27,2.6525,,,55000.0,2.6525,,
2008-10-24,2.6175,,,513318.0,2.6175,,
2008-10-23,2.685,,,61600.0,2.685,,
2008-10-22,2.675,,,150246.0,2.675,,
2008-10-21,2.775,,,10741.0,2.775,,
2008-10-20,2.8175,,,1000.0,2.8175,,
2008-10-17,2.81,,,30540.0,2.81,,
2008-10-16,2.7425,,,122225.0,2.7425,,
2008-10-15,2.8175,,,42110.0,2.8175,,
2008-10-14,2.965,,,51400.0,2.965,,
2008-10-13,2.945,,,27375.0,2.945,,
2008-10-10,2.79,,,217310.0,2.79,,
2008-10-09,3.03,,,2415.0,3.03,,
2008-10-08,3.0425,,,52230.0,3.0425,,
2008-10-07,3.04,,,41679.0,3.04,,
2008-10-06,3.07,,,74672.0,3.07,,
2008-10-03,3.2425,,,45888.0,3.2425,,
2008-10-02,3.225,,,110510.0,3.225,,
2008-10-01,3.365,,,492450.0,3.365,,
2008-09-30,3.35,,,123017.0,3.35,,
2008-09-29,3.29,,,17383.0,3.29,,
2008-09-26,3.64,,,23223.0,3.64,,
2008-09-25,3.6475,,,122193.0,3.6475,,
2008-09-24,3.6875,,,48986.0,3.6875,,
2008-09-23,3.56,,,618077.0,3.56,,
2008-09-22,3.3525,,,31800.0,3.3525,,
2008-09-16,3.1,,,5185.0,3.1,,
2008-09-15,3.6325,,,323686.0,3.6325,,
2008-09-12,3.63,,,108809.0,3.63,,
2008-09-11,3.68,,,195257.0,3.68,,
2008-09-10,3.62,,,246119.0,3.62,,
2008-09-09,3.655,,,4501292.0,3.655,,
2008-09-08,3.7675,,,120402.0,3.7675,,
2008-09-05,3.765,,,474120.0,3.765,,
2008-09-04,3.8975,,,116636.0,3.8975,,
2008-09-03,3.85,,,81061.0,3.85,,
2008-09-02,3.84,,,3460134.0,3.84,,
2008-09-01,3.93,,,122398.0,3.93,,
2008-08-29,4.07,,,71466.0,4.07,,
2008-08-28,4.0875,,,242659.0,4.0875,,
2008-08-27,4.165,,,417149.0,4.165,,
2008-08-26,4.295,,,356278.0,4.295,,
2008-08-22,4.5349,,,361320.0,4.5349,,
2008-08-21,4.71,,,386908.0,4.71,,
2008-08-20,4.46,,,117648.0,4.46,,
2008-08-19,4.5,,,150881.0,4.5,,
2008-08-18,4.45,,,586794.0,4.45,,
2008-08-15,4.2675,,,123309.0,4.2675,,
2008-08-14,4.4475,,,739445.0,4.4475,,
2008-08-13,4.245,,,160241.0,4.245,,
2008-08-12,4.0575,,,1098390.0,4.0575,,
2008-08-11,4.0875,,,126079.0,4.0875,,
2008-08-08,4.1,,,116491.0,4.1,,
2008-08-07,4.1725,,,161768.0,4.1725,,
2008-08-06,3.9275,,,316421.0,3.9275,,
2008-08-05,3.965,,,999273.0,3.965,,
2008-08-04,3.9325,,,210668.0,3.9325,,
2008-08-01,4.1399,,,13434.0,4.1399,,
2008-07-31,4.1375,,,165680.0,4.1375,,
2008-07-30,4.07,,,723559.0,4.07,,
2008-07-29,4.065,,,202215.0,4.065,,
2008-07-28,4.215,,,347855.0,4.215,,
2008-07-25,4.125,,,154445.0,4.125,,
2008-07-24,4.0875,,,143806.0,4.0875,,
2008-07-23,4.0375,,,114087.0,4.0375,,
2008-07-22,4.1325,,,89355.0,4.1325,,
2008-07-21,4.1125,,,811985.0,4.1125,,
2008-07-18,4.235,,,364998.0,4.235,,
2008-07-17,4.28,,,178784.0,4.28,,
2008-07-16,4.1775,,,4556613.0,4.1775,,
2008-07-15,4.2025,,,2794484.0,4.2025,,
2008-07-14,4.2625,,,2264925.0,4.2625,,
2008-07-11,4.225,,,332912.0,4.225,,
2008-07-10,4.2475,,,16003.0,4.2475,,
2008-07-09,4.2725,,,367359.0,4.2725,,
2008-07-08,4.285,,,114028.0,4.285,,
2008-07-07,4.315,,,166158.0,4.315,,
2008-07-04,4.5675,,,58080.0,4.5675,,
2008-07-03,4.5925,,,257273.0,4.5925,,
2008-07-02,4.51,,,1366146.0,4.51,,
2008-07-01,4.5175,,,287093.0,4.5175,,
2008-06-30,4.485,,,423780.0,4.485,,
2008-06-27,4.82,,,781672.0,4.82,,
2008-06-26,4.895,,,3311092.0,4.895,,
2008-06-25,4.6425,,,132049.0,4.6425,,
2008-06-24,4.5925,,,219356.0,4.5925,,
2008-06-23,4.5175,,,445175.0,4.5175,,
2008-06-20,4.5825,,,2062585.0,4.5825,,
2008-06-19,4.685,,,2023926.0,4.685,,
2008-06-18,4.7225,,,742133.0,4.7225,,
2008-06-17,4.695,,,313808.0,4.695,,
2008-06-16,4.73,,,916199.0,4.73,,
2008-06-13,4.5,,,79255.0,4.5,,
2008-06-12,4.4775,,,1267026.0,4.4775,,
2008-06-11,4.46,,,818450.0,4.46,,
2008-06-10,4.1925,,,417964.0,4.1925,,
2008-06-09,4.285,,,3878650.0,4.285,,
2008-06-06,4.3475,,,1459269.0,4.3475,,
2008-06-05,4.09,,,481889.0,4.09,,
2008-06-04,3.9725,,,189361.0,3.9725,,
2008-06-03,4.085,,,441168.0,4.085,,
2008-06-02,4.1875,,,650644.0,4.1875,,
2008-05-30,3.9925,,,239082.0,3.9925,,
2008-05-29,3.9349,,,286705.0,3.9349,,
2008-05-28,3.9525,,,254659.0,3.9525,,
2008-05-27,4.0025,,,160869.0,4.0025,,
2008-05-23,3.9325,,,410195.0,3.9325,,
2008-05-22,4.0275,,,322638.0,4.0275,,
2008-05-21,4.1174,,,281939.0,4.1174,,
2008-05-20,4.215,,,5777312.0,4.215,,
2008-05-19,4.155,,,379322.0,4.155,,
2008-05-16,4.13,,,3488686.0,4.13,,
2008-05-15,4.0875,,,228239.0,4.0875,,
2008-05-14,4.1374,,,367670.0,4.1374,,
2008-05-13,4.26,,,204069.0,4.26,,
2008-05-12,4.2475,,,830066.0,4.2475,,
2008-05-09,4.235,,,5069514.0,4.235,,
2008-05-08,4.3899,,,427324.0,4.3899,,
2008-05-07,4.2675,,,91900.0,4.2675,,
2008-05-06,4.3625,,,55736.0,4.3625,,
2008-05-02,4.235,,,28952.0,4.235,,
2008-05-01,4.175,,,66333.0,4.175,,
2008-04-30,4.2399,,,451829.0,4.2399,,
2008-04-29,4.3375,,,441859.0,4.3375,,
2008-04-28,4.3375,,,343702.0,4.3375,,
2008-04-25,4.405,,,474436.0,4.405,,
2008-04-24,4.3449,,,341265.0,4.3449,,
2008-04-23,4.4775,,,253132.0,4.4775,,
2008-04-22,4.56,,,716851.0,4.56,,
2008-04-21,4.5025,,,493130.0,4.5025,,
2008-04-18,4.7849,,,394807.0,4.7849,,
2008-04-17,4.955,,,786780.0,4.955,,
2008-04-16,4.8175,,,405978.0,4.8175,,
2008-04-15,4.905,,,66257.0,4.905,,
2008-04-14,4.85,,,134426.0,4.85,,
2008-04-11,4.8725,,,237920.0,4.8725,,
2008-04-10,4.9724,,,290006.0,4.9724,,
2008-04-09,4.8375,,,373186.0,4.8375,,
2008-04-08,4.94,,,125515.0,4.94,,
2008-04-07,5.1075,,,353130.0,5.1075,,
2008-04-04,5.08,,,782753.0,5.08,,
2008-04-03,5.0149,,,254907.0,5.0149,,
2008-04-02,4.9099,,,448730.0,4.9099,,
2008-04-01,4.935,,,311637.0,4.935,,
2008-03-31,5.0175,,,478403.0,5.0175,,
2008-03-28,5.2275,,,380028.0,5.2275,,
2008-03-27,5.455,,,127712.0,5.455,,
2008-03-26,5.5749,,,236362.0,5.5749,,
2008-03-25,5.685,,,1005126.0,5.685,,
2008-03-20,5.475,,,410967.0,5.475,,
2008-03-19,5.7399,,,697449.0,5.7399,,
2008-03-18,6.1374,,,223449.0,6.1374,,
2008-03-17,6.15,,,322702.0,6.15,,
2008-03-14,6.3425,,,402166.0,6.3425,,
2008-03-13,6.835,,,1091563.0,6.835,,
2008-03-12,6.9475,,,346551.0,6.9475,,
2008-03-11,6.6999,,,632584.0,6.6999,,
2008-03-10,6.1149,,,2119766.0,6.1149,,
2008-03-07,6.005,,,228596.0,6.005,,
2008-03-06,5.9875,,,320140.0,5.9875,,
2008-03-05,6.0574,,,608482.0,6.0574,,
2008-03-04,5.9,,,614734.0,5.9,,
2008-03-03,6.0324,,,910256.0,6.0324,,
2008-02-29,5.9149,,,1115266.0,5.9149,,
2008-02-28,6.435,,,1298418.0,6.435,,
2008-02-27,6.5999,,,1954656.0,6.5999,,
2008-02-26,6.48,,,2101579.0,6.48,,
2008-02-25,6.175,,,390589.0,6.175,,
2008-02-22,5.5725,,,603895.0,5.5725,,
2008-02-21,5.5549,,,244659.0,5.5549,,
2008-02-20,5.505,,,308419.0,5.505,,
2008-02-19,5.6675,,,189928.0,5.6675,,
2008-02-18,5.6,,,168747.0,5.6,,
2008-02-15,5.5225,,,589354.0,5.5225,,
2008-02-14,5.6025,,,363597.0,5.6025,,
2008-02-13,5.3775,,,599977.0,5.3775,,
2008-02-12,5.61,,,430799.0,5.61,,
2008-02-11,6.0275,,,605048.0,6.0275,,
2008-02-08,6.375,,,616504.0,6.375,,
2008-02-07,5.85,,,901724.0,5.85,,
2008-02-06,5.815,,,818217.0,5.815,,
2008-02-05,5.5075,,,617607.0,5.5075,,
2008-02-04,5.27,,,185566.0,5.27,,
2008-02-01,5.2275,,,27249.0,5.2275,,
2008-01-31,5.0324,,,22423.0,5.0324,,
2008-01-30,5.1,,,146942.0,5.1,,
2008-01-29,5.315,,,248216.0,5.315,,
2008-01-28,5.2399,,,570939.0,5.2399,,
2008-01-25,5.1399,,,229342.0,5.1399,,
2008-01-24,5.01,,,156433.0,5.01,,
2008-01-23,5.0875,,,194699.0,5.0875,,
2008-01-22,5.255,,,123817.0,5.255,,
2008-01-21,5.3125,,,278441.0,5.3125,,
2008-01-18,5.1075,,,203184.0,5.1075,,
2008-01-17,5.27,,,444792.0,5.27,,
2008-01-16,4.9699,,,526738.0,4.9699,,
2008-01-15,5.1625,,,876618.0,5.1625,,
2008-01-14,5.1774,,,197519.0,5.1774,,
2008-01-11,4.905,,,423494.0,4.905,,
2008-01-10,4.9125,,,414458.0,4.9125,,
2008-01-09,4.9775,,,111912.0,4.9775,,
2008-01-08,5.07,,,463161.0,5.07,,
2008-01-07,4.9775,,,216473.0,4.9775,,
2008-01-04,5.0875,,,297623.0,5.0875,,
2008-01-03,5.1574,,,140319.0,5.1574,,
2008-01-02,5.0725,,,54471.0,5.0725,,
2007-12-31,4.8249,,,95715.0,4.8249,,
2007-12-28,5.0225,,,195602.0,5.0225,,
2007-12-27,5.0749,,,276542.0,5.0749,,
2007-12-24,5.1625,,,29986.0,5.1625,,
2007-12-21,5.1925,,,17896.0,5.1925,,
2007-12-20,5.2725,,,23074.0,5.2725,,
2007-12-19,5.3274,,,64729.0,5.3274,,
2007-12-18,5.2725,,,58605.0,5.2725,,
2007-12-17,5.4074,,,244727.0,5.4074,,
2007-12-14,5.21,,,481312.0,5.21,,
2007-12-13,5.1174,,,112619.0,5.1174,,
2007-12-12,5.1199,,,75145.0,5.1199,,
2007-12-11,5.0375,,,47961.0,5.0375,,
2007-12-10,5.1525,,,212439.0,5.1525,,
2007-12-07,5.0375,,,52350.0,5.0375,,
2007-12-05,4.82,,,106522.0,4.82,,
2007-12-04,4.8975,,,12789.0,4.8975,,
2007-12-03,4.7775,,,188416.0,4.7775,,
2007-11-30,4.7775,,,266027.0,4.7775,,
2007-11-29,4.8674,,,91708.0,4.8674,,
2007-11-28,4.8125,,,299117.0,4.8125,,
2007-11-27,4.5974,,,6507.0,4.5974,,
2007-11-26,4.6574,,,80740.0,4.6574,,
2007-11-23,4.565,,,114234.0,4.565,,
2007-11-22,4.5425,,,576874.0,4.5425,,
2007-11-21,4.5149,,,112284.0,4.5149,,
2007-11-20,4.31,,,45218.0,4.31,,
2007-11-19,4.33,,,230300.0,4.33,,
2007-11-16,4.2275,,,6209.0,4.2275,,
2007-11-15,4.2925,,,98532.0,4.2925,,
2007-11-14,4.2199,,,57338.0,4.2199,,
2007-11-13,4.23,,,14902.0,4.23,,
2007-11-12,4.3125,,,49286.0,4.3125,,
2007-11-09,4.1675,,,41502.0,4.1675,,
2007-11-08,4.4,,,249051.0,4.4,,
2007-11-07,3.95,,,36954.0,3.95,,
2007-11-06,4.4899,,,60048.0,4.4899,,
2007-11-05,4.4074,,,135789.0,4.4074,,
2007-11-02,4.4099,,,118480.0,4.4099,,
2007-11-01,4.52,,,384466.0,4.52,,
2007-10-31,4.5574,,,58016.0,4.5574,,
2007-10-30,4.5675,,,84051.0,4.5675,,
2007-10-29,4.6475,,,172432.0,4.6475,,
2007-10-26,4.525,,,109671.0,4.525,,
2007-10-25,4.5475,,,137838.0,4.5475,,
2007-10-24,4.5725,,,21531.0,4.5725,,
2007-10-23,4.815,,,84519.0,4.815,,
2007-10-22,4.7725,,,106875.0,4.7725,,
2007-10-19,4.6999,,,148825.0,4.6999,,
2007-10-18,4.6475,,,51358.0,4.6475,,
2007-10-17,4.67,,,74010.0,4.67,,
2007-10-16,4.5925,,,624705.0,4.5925,,
2007-10-15,4.7975,,,83416.0,4.7975,,
2007-10-12,4.8175,,,33157.0,4.8175,,
2007-10-11,4.85,,,102895.0,4.85,,
2007-10-10,4.7649,,,240653.0,4.7649,,
2007-10-09,4.86,,,228829.0,4.86,,
2007-10-08,4.8125,,,201751.0,4.8125,,
2007-10-05,5.0774,,,51548.0,5.0774,,
2007-10-04,5.1799,,,70820.0,5.1799,,
2007-10-03,5.15,,,194225.0,5.15,,
2007-10-02,5.235,,,93294.0,5.235,,
2007-10-01,5.36,,,739609.0,5.36,,
2007-09-28,5.2624,,,179690.0,5.2624,,
2007-09-27,5.2649,,,264415.0,5.2649,,
2007-09-26,5.0549,,,113444.0,5.0549,,
2007-09-25,5.0149,,,162432.0,5.0149,,
2007-09-24,4.9724,,,224656.0,4.9724,,
2007-09-21,4.7925,,,137690.0,4.7925,,
2007-09-20,4.8175,,,146446.0,4.8175,,
2007-09-19,4.71,,,226093.0,4.71,,
2007-09-18,4.9025,,,433708.0,4.9025,,
2007-09-17,4.855,,,208469.0,4.855,,
2007-09-14,4.7224,,,53541.0,4.7224,,
2007-09-13,4.7224,,,81682.0,4.7224,,
2007-09-12,5.0149,,,126591.0,5.0149,,
2007-09-11,4.8425,,,115087.0,4.8425,,
2007-09-10,4.8474,,,245834.0,4.8474,,
2007-09-07,4.6025,,,13274.0,4.6025,,
2007-09-06,4.6475,,,59754.0,4.6475,,
2007-09-05,4.7024,,,406726.0,4.7024,,
2007-09-04,4.5275,,,102271.0,4.5275,,
2007-09-03,4.3525,,,49104.0,4.3525,,
2007-08-31,4.38,,,91205.0,4.38,,
2007-08-30,4.3924,,,108709.0,4.3924,,
2007-08-29,4.1675,,,34163.0,4.1675,,
2007-08-28,4.1125,,,333683.0,4.1125,,
2007-08-24,4.1275,,,189988.0,4.1275,,
2007-08-23,4.0999,,,74541.0,4.0999,,
2007-08-22,3.35,,,37562.0,3.35,,
2007-08-21,3.9224,,,27420.0,3.9224,,
2007-08-20,3.8175,,,7661.0,3.8175,,
2007-08-17,2.8,,,380759.0,2.8,,
2007-08-16,3.8699,,,59686.0,3.8699,,
2007-08-15,3.96,,,269984.0,3.96,,
2007-08-14,3.44,,,18190.0,3.44,,
2007-08-13,3.8125,,,196449.0,3.8125,,
2007-08-10,3.88,,,8077.0,3.88,,
2007-08-09,2.85,,,26037.0,2.85,,
2007-08-08,3.8425,,,98491.0,3.8425,,
2007-08-07,3.8175,,,106791.0,3.8175,,
2007-08-06,3.77,,,29963.0,3.77,,
2007-08-03,3.74,,,48065.0,3.74,,
2007-08-02,3.73,,,66308.0,3.73,,
2007-08-01,3.605,,,1171.0,3.605,,
2007-07-31,3.645,,,196433.0,3.645,,
2007-07-30,3.6724,,,55943.0,3.6724,,
2007-07-27,3.3,,,101450.0,3.3,,
2007-07-26,3.34,,,118669.0,3.34,,
2007-07-25,2.85,,,33066.0,2.85,,
2007-07-24,3.65,,,98473.0,3.65,,
2007-07-23,3.555,,,7091.0,3.555,,
2007-07-20,2.8,,,15770.0,2.8,,
2007-07-19,3.2425,,,37985.0,3.2425,,
2007-07-18,3.2425,,,49087.0,3.2425,,
2007-07-17,3.5275,,,23336.0,3.5275,,
2007-07-16,3.4849,,,13565.0,3.4849,,
2007-07-13,3.5725,,,11230.0,3.5725,,
2007-07-12,3.2425,,,10776.0,3.2425,,
2007-07-11,3.5325,,,17523.0,3.5325,,
2007-07-10,3.475,,,62646.0,3.475,,
2007-07-09,3.465,,,123537.0,3.465,,
2007-07-06,3.465,,,29763.0,3.465,,
2007-07-05,3.465,,,8284.0,3.465,,
2007-07-04,3.3425,,,50441.0,3.3425,,
2007-07-03,3.3425,,,21600.0,3.3425,,
2007-07-02,3.375,,,34615.0,3.375,,
2007-06-29,3.25,,,52395.0,3.25,,
2007-06-28,3.5775,,,4804.0,3.5775,,
2007-06-27,3.6,,,55070.0,3.6,,
2007-06-26,3.5725,,,8366.0,3.5725,,
2007-06-25,3.475,,,45353.0,3.475,,
2007-06-22,3.475,,,18939.0,3.475,,
2007-06-21,3.59,,,112804.0,3.59,,
2007-06-20,3.55,,,27151.0,3.55,,
2007-06-19,3.49,,,31081.0,3.49,,
2007-06-18,3.25,,,223458.0,3.25,,
2007-06-15,3.555,,,247067.0,3.555,,
2007-06-14,3.5825,,,161647.0,3.5825,,
2007-06-13,3.3325,,,88187.0,3.3325,,
2007-06-12,3.35,,,113825.0,3.35,,
2007-06-11,3.2725,,,34322.0,3.2725,,
2007-06-08,3.1,,,167699.0,3.1,,
2007-06-07,3.0925,,,18373.0,3.0925,,
2007-06-06,3.0474,,,6900.0,3.0474,,
2007-06-05,3.1325,,,31940.0,3.1325,,
2007-06-04,3.0875,,,61700.0,3.0875,,
2007-06-01,3.1125,,,16588.0,3.1125,,
2007-05-31,3.0425,,,60053.0,3.0425,,
2007-05-30,2.9275,,,8396.0,2.9275,,
2007-05-29,2.8925,,,43341.0,2.8925,,
2007-05-25,2.9125,,,12626.0,2.9125,,
2007-05-23,2.7875,,,102480.0,2.7875,,
2007-05-22,2.7825,,,21566.0,2.7825,,
2007-05-21,2.785,,,21327.0,2.785,,
2007-05-18,2.85,,,10076.0,2.85,,
2007-05-17,2.885,,,62175.0,2.885,,
2007-05-16,2.9324,,,4305.0,2.9324,,
2007-05-15,2.865,,,30795.0,2.865,,
2007-05-14,2.92,,,55543.0,2.92,,
2007-05-11,2.885,,,11995.0,2.885,,
2007-05-10,2.8275,,,,2.8275,,
2007-05-09,2.84,,,107275.0,2.84,,
2007-05-08,2.8325,,,79560.0,2.8325,,
2007-05-04,2.8975,,,7393.0,2.8975,,
2007-05-03,2.9224,,,23500.0,2.9224,,
2007-05-02,2.8925,,,35176.0,2.8925,,
2007-05-01,2.8875,,,,2.8875,,
2007-04-30,2.9725,,,23525.0,2.9725,,
2007-04-27,2.9975,,,158398.0,2.9975,,
2007-04-26,3.045,,,29928.0,3.045,,
2007-04-25,3.015,,,,3.015,,
2007-04-24,2.9125,,,46978.0,2.9125,,
2007-04-23,2.96,,,33634.0,2.96,,
2007-04-20,2.9675,,,24673.0,2.9675,,
2007-04-19,2.9625,,,11425.0,2.9625,,
2007-04-18,2.8875,,,7000.0,2.8875,,
2007-04-17,2.865,,,26095.0,2.865,,
2007-04-16,2.85,,,24350.0,2.85,,
2007-04-13,2.855,,,46165.0,2.855,,
2007-04-12,2.7325,,,2146.0,2.7325,,
2007-04-11,2.7675,,,19438.0,2.7675,,
2007-04-10,2.75,,,48787.0,2.75,,
2007-04-05,2.66,,,,2.66,,
2007-04-04,2.6,,,25681.0,2.6,,
2007-04-03,2.565,,,27342.0,2.565,,
2007-04-02,2.5225,,,5107.0,2.5225,,
2007-03-30,2.64,,,20306.0,2.64,,
2007-03-29,2.7475,,,17216.0,2.7475,,
2007-03-28,2.73,,,14163.0,2.73,,
2007-03-27,2.755,,,6692.0,2.755,,
2007-03-26,2.7725,,,26006.0,2.7725,,
2007-03-23,2.795,,,23442.0,2.795,,
2007-03-22,2.8175,,,888.0,2.8175,,
2007-03-21,2.795,,,1076.0,2.795,,
2007-03-20,2.7825,,,39251.0,2.7825,,
2007-03-19,2.7425,,,9328.0,2.7425,,
2007-03-16,2.785,,,6400.0,2.785,,
2007-03-15,2.77,,,,2.77,,
2007-03-14,2.7525,,,31018.0,2.7525,,
2007-03-13,2.8,,,58900.0,2.8,,
2007-03-12,2.8575,,,,2.8575,,
2007-03-09,2.8675,,,465.0,2.8675,,
2007-03-08,2.8699,,,53600.0,2.8699,,
2007-03-07,2.8625,,,30000.0,2.8625,,
2007-03-06,2.8699,,,38184.0,2.8699,,
2007-03-05,2.835,,,38028.0,2.835,,
2007-03-02,2.865,,,10500.0,2.865,,
2007-03-01,2.845,,,76500.0,2.845,,
2007-02-28,2.89,,,122901.0,2.89,,
2007-02-27,3.06,,,41307.0,3.06,,
2007-02-26,3.0375,,,118715.0,3.0375,,
2007-02-23,3.0125,,,175160.0,3.0125,,
2007-02-22,2.9775,,,152045.0,2.9775,,
2007-02-21,2.915,,,2064.0,2.915,,
2007-02-20,2.88,,,3209.0,2.88,,
2007-02-19,2.8975,,,44290.0,2.8975,,
2007-02-16,2.82,,,12900.0,2.82,,
2007-02-15,2.8025,,,9926.0,2.8025,,
2007-02-14,2.825,,,7085.0,2.825,,
2007-02-13,2.8325,,,38083.0,2.8325,,
2007-02-12,2.8074,,,32985.0,2.8074,,
2007-02-09,2.8475,,,,2.8475,,
2007-02-08,3.22,,,16000.0,3.22,,
2007-02-07,2.8,,,3000.0,2.8,,
2007-02-06,2.835,,,74132.0,2.835,,
2007-02-05,2.8575,,,5338.0,2.8575,,
2007-02-02,2.8325,,,,2.8325,,
2007-02-01,2.885,,,1460.0,2.885,,
2007-01-31,2.905,,,10023.0,2.905,,
2007-01-30,2.8325,,,3100.0,2.8325,,
2007-01-29,2.8275,,,14935.0,2.8275,,
2007-01-26,2.8675,,,24650.0,2.8675,,
2007-01-25,3.2,,,734.0,3.2,,
2007-01-24,3.21,,,33150.0,3.21,,
2007-01-23,2.9175,,,553.0,2.9175,,
2007-01-22,2.8699,,,16601.0,2.8699,,
2007-01-19,2.91,,,100000.0,2.91,,
2007-01-18,2.955,,,7546.0,2.955,,
2007-01-17,2.93,,,6690.0,2.93,,
2007-01-16,2.96,,,1400.0,2.96,,
2007-01-15,3.025,,,12529.0,3.025,,
2007-01-12,3.0,,,3780.0,3.0,,
2007-01-11,2.865,,,35814.0,2.865,,
2007-01-10,2.785,,,8384.0,2.785,,
2007-01-09,2.845,,,13628.0,2.845,,
2007-01-08,2.865,,,85718.0,2.865,,
2007-01-05,2.865,,,,2.865,,
2007-01-04,2.965,,,,2.965,,
2007-01-03,2.9949,,,720.0,2.9949,,
2007-01-02,3.05,,,3581.0,3.05,,
2006-12-29,3.125,,,,3.125,,
2006-12-28,3.145,,,19614.0,3.145,,
2006-12-27,3.165,,,7905.0,3.165,,
2006-12-22,3.13,,,1276.0,3.13,,
2006-12-21,3.09,,,,3.09,,
2006-12-20,3.025,,,13500.0,3.025,,
2006-12-19,3.005,,,,3.005,,
2006-12-18,2.9849,,,1000.0,2.9849,,
2006-12-15,3.02,,,1000.0,3.02,,
2006-12-14,3.045,,,900.0,3.045,,
2006-12-13,2.97,,,4050.0,2.97,,
2006-12-12,3.035,,,20260.0,3.035,,
2006-12-11,3.015,,,1300.0,3.015,,
2006-12-08,3.035,,,15900.0,3.035,,
2006-12-07,3.035,,,7857.0,3.035,,
2006-12-06,3.105,,,4594.0,3.105,,
2006-12-05,3.175,,,7000.0,3.175,,
2006-12-04,3.165,,,15149.0,3.165,,
2006-12-01,3.205,,,11305.0,3.205,,
2006-11-30,3.205,,,,3.205,,
2006-11-29,3.1199,,,,3.1199,,
2006-11-28,3.1,,,6678.0,3.1,,
2006-11-27,3.195,,,1778.0,3.195,,
2006-11-24,3.175,,,9099.0,3.175,,
2006-11-22,3.085,,,30000.0,3.085,,
2006-11-21,3.055,,,3000.0,3.055,,
2006-11-20,3.105,,,54956.0,3.105,,
2006-11-17,3.015,,,31293.0,3.015,,
2006-11-16,3.095,,,40000.0,3.095,,
2006-11-15,3.125,,,875.0,3.125,,
2006-11-14,3.065,,,2434.0,3.065,,
2006-11-13,3.105,,,21752.0,3.105,,
2006-11-10,3.075,,,7399.0,3.075,,
2006-11-09,3.2,,,15700.0,3.2,,
2006-11-08,3.265,,,2645.0,3.265,,
2006-11-07,3.175,,,19831.0,3.175,,
2006-11-06,3.195,,,29352.0,3.195,,
2006-11-03,3.125,,,3001.0,3.125,,
2006-11-02,3.19,,,3070.0,3.19,,
2006-11-01,3.115,,,,3.115,,
2006-10-31,3.125,,,5142.0,3.125,,
2006-10-30,3.2,,,29424.0,3.2,,
2006-10-27,3.41,,,16359.0,3.41,,
2006-10-26,3.27,,,22915.0,3.27,,
2006-10-25,3.405,,,52031.0,3.405,,
2006-10-24,3.3,,,34718.0,3.3,,
2006-10-23,3.25,,,8992.0,3.25,,
2006-10-20,3.265,,,280.0,3.265,,
2006-10-19,3.295,,,622.0,3.295,,
2006-10-18,3.295,,,119997.0,3.295,,
2006-10-17,3.51,,,17361.0,3.51,,
2006-10-16,3.3699,,,57601.0,3.3699,,
2006-10-13,3.38,,,100.0,3.38,,
2006-10-12,3.35,,,143455.0,3.35,,
2006-10-11,3.42,,,50344.0,3.42,,
2006-10-10,3.24,,,136879.0,3.24,,
2006-10-09,3.17,,,336.0,3.17,,
2006-10-06,3.02,,,85882.0,3.02,,
2006-10-05,3.02,,,64000.0,3.02,,
2006-10-04,2.83,,,68709.0,2.83,,
2006-10-03,2.82,,,328.0,2.82,,
2006-10-02,2.89,,,22622.0,2.89,,
2006-09-29,2.85,,,114154.0,2.85,,
2006-09-28,2.78,,,48744.0,2.78,,
2006-09-27,2.7,,,31400.0,2.7,,
