Nov;17;2016;403.25;398.25;406.25;396.75;1.57;;;;;;;
Nov;16;2016;397.00;400.00;401.00;397.00;-0.50;;;;;;;
Nov;15;2016;399.00;394.75;402.00;393.00;1.27;;;;;;;
Nov;14;2016;394.00;403.50;403.75;392.75;-1.99;;;;;;;
Nov;11;2016;402.00;405.75;407.50;401.25;-0.74;;;;;;;
Nov;10;2016;405.00;408.50;414.25;402.50;-0.67;;;;;;;
Nov;9;2016;407.75;416.00;417.75;404.00;-1.63;;;;;;;
Nov;8;2016;414.50;410.50;419.75;408.38;1.47;;;;;;;
Nov;7;2016;408.50;414.12;415.75;406.75;-1.39;;;;;;;
Nov;4;2016;414.25;411.75;415.25;410.50;0.67;;;;;;;
Nov;3;2016;411.50;417.75;420.00;409.50;-1.67;;;;;;;
Nov;2;2016;418.50;414.38;420.25;412.25;1.09;;;;;;;
Nov;1;2016;414.00;416.00;418.25;411.00;-0.30;;;;;;;
Oct;31;2016;415.25;410.75;416.75;409.25;1.78;;;;;;;
Oct;28;2016;408.00;415.75;417.50;407.62;-1.69;;;;;;;
Oct;27;2016;415.00;412.00;418.75;411.75;0.79;;;;;;;
Oct;26;2016;411.75;403.50;414.12;403.00;1.73;;;;;;;
Oct;25;2016;404.75;403.75;406.50;398.88;0.31;;;;;;;
Oct;24;2016;403.50;413.50;416.88;400.75;-2.65;;;;;;;
Oct;21;2016;414.50;416.75;418.25;413.50;-0.60;;;;;;;
Oct;20;2016;417.00;420.12;422.75;415.50;-0.71;;;;;;;
Oct;19;2016;420.00;420.12;422.50;414.00;0.12;;;;;;;
Oct;18;2016;419.50;425.00;425.50;418.50;-1.12;;;;;;;
Oct;17;2016;424.25;418.75;425.50;416.25;0.83;;;;;;;
Oct;14;2016;420.75;415.50;428.25;415.25;1.02;;;;;;;
Oct;13;2016;416.50;397.75;417.00;397.50;4.78;;;;;;;
Oct;12;2016;397.50;404.88;414.00;396.25;-2.39;;;;;;;
Oct;11;2016;407.25;404.00;408.75;401.50;0.74;;;;;;;
Oct;10;2016;404.25;397.25;405.38;397.25;2.34;;;;;;;
Oct;7;2016;395.00;397.25;401.00;394.50;-0.06;;;;;;;
Oct;6;2016;395.25;407.75;409.50;393.50;-2.53;;;;;;;
Oct;5;2016;405.50;395.50;408.25;392.00;2.46;;;;;;;
Oct;4;2016;395.75;395.75;398.25;393.00;-0.25;;;;;;;
Oct;3;2016;396.75;400.50;401.75;391.75;-1.24;;;;;;;
Sep;30;2016;401.75;398.75;403.88;390.25;0.69;;;;;;;
Sep;29;2016;399.00;402.50;406.75;398.00;-1.09;;;;;;;
Sep;28;2016;403.38;404.75;407.25;402.00;-0.22;;;;;;;
Sep;27;2016;404.25;398.00;405.00;394.25;2.08;;;;;;;
Sep;26;2016;396.00;403.75;407.00;395.50;-2.28;;;;;;;
Sep;23;2016;405.25;404.25;409.50;401.38;-0.12;;;;;;;
Sep;22;2016;405.75;406.00;411.75;404.50;-0.61;;;;;;;
Sep;21;2016;408.25;405.00;409.00;402.50;0.62;;;;;;;
Sep;20;2016;405.75;403.25;410.00;401.50;0.43;;;;;;;
Sep;19;2016;404.00;404.75;409.00;400.00;0.03;;;;;;;
Sep;16;2016;403.88;398.75;404.50;394.25;1.10;;;;;;;
Sep;15;2016;399.50;402.00;406.75;398.25;-0.68;;;;;;;
Sep;14;2016;402.25;400.75;404.25;395.25;0.56;;;;;;;
Sep;13;2016;400.00;408.00;410.88;399.25;-2.14;;;;;;;
Sep;12;2016;408.75;402.50;410.00;400.00;1.43;;;;;;;
Sep;9;2016;403.00;405.50;406.00;397.12;-0.74;;;;;;;
Sep;8;2016;406.00;403.00;406.75;398.50;0.87;;;;;;;
Sep;7;2016;402.50;398.12;405.00;397.50;1.13;;;;;;;
Sep;6;2016;398.00;398.25;402.75;395.00;-0.25;;;;;;;
Sep;2;2016;399.00;394.50;401.50;394.50;1.11;;;;;;;
Sep;1;2016;394.62;391.50;397.25;389.75;1.84;;;;;;;
Aug;31;2016;387.50;392.88;395.75;387.00;-1.27;;;;;;;
Aug;30;2016;392.50;397.00;400.75;391.75;-1.20;;;;;;;
Aug;29;2016;397.25;407.25;407.75;395.50;3.42;;;;;;;
Aug;26;2016;384.12;401.00;402.38;381.25;-4.30;;;;;;;
Aug;25;2016;401.38;404.75;408.00;401.38;-0.77;;;;;;;
Aug;24;2016;404.50;407.88;409.25;403.00;-0.74;;;;;;;
Aug;23;2016;407.50;414.75;415.00;407.00;-1.87;;;;;;;
Aug;22;2016;415.25;427.25;429.12;414.75;-2.87;;;;;;;
Aug;19;2016;427.50;426.62;432.50;422.50;0.06;;;;;;;
Aug;18;2016;427.25;424.50;428.00;420.00;0.23;;;;;;;
Aug;17;2016;426.25;423.38;428.38;419.75;0.65;;;;;;;
Aug;16;2016;423.50;420.88;427.88;414.88;0.21;;;;;;;
Aug;15;2016;422.62;422.00;430.00;417.25;0.00;;;;;;;
Aug;12;2016;422.62;416.12;422.62;406.62;1.59;;;;;;;
Aug;11;2016;416.00;420.50;423.88;413.75;-1.22;;;;;;;
Aug;10;2016;421.12;415.88;427.50;415.50;1.11;;;;;;;
Aug;9;2016;416.50;415.75;419.25;411.75;-0.12;;;;;;;
Aug;8;2016;417.00;419.50;423.50;411.75;0.39;;;;;;;
Aug;5;2016;415.38;404.00;418.50;404.00;2.75;;;;;;;
Aug;4;2016;404.25;411.12;416.12;403.75;-1.40;;;;;;;
Aug;3;2016;410.00;402.75;415.00;401.25;2.31;;;;;;;
Aug;2;2016;400.75;405.75;410.50;399.38;-1.48;;;;;;;
Aug;1;2016;406.75;407.75;415.50;406.75;-0.12;;;;;;;
Jul;29;2016;407.25;411.12;412.75;403.75;-0.46;;;;;;;
Jul;28;2016;409.12;415.38;420.00;408.50;-1.42;;;;;;;
Jul;27;2016;415.00;415.62;421.00;414.25;0.03;;;;;;;
Jul;26;2016;414.88;425.38;429.25;414.25;-3.40;;;;;;;
Jul;25;2016;429.50;428.25;435.25;421.25;0.79;;;;;;;
Jul;22;2016;426.12;418.38;426.88;407.25;1.88;;;;;;;
Jul;21;2016;418.25;413.50;419.75;409.00;1.33;;;;;;;
Jul;20;2016;412.75;418.25;423.75;406.75;-1.37;;;;;;;
Jul;19;2016;418.50;427.50;428.25;416.50;-2.73;;;;;;;
Jul;18;2016;430.25;427.75;431.75;420.62;1.12;;;;;;;
Jul;15;2016;425.50;434.75;439.75;425.50;-1.90;;;;;;;
Jul;14;2016;433.75;442.38;448.00;431.38;-1.64;;;;;;;
Jul;13;2016;441.00;439.38;451.50;437.00;0.80;;;;;;;
Jul;12;2016;437.50;431.00;439.25;424.00;1.57;;;;;;;
Jul;11;2016;430.75;437.00;441.88;426.75;-1.09;;;;;;;
Jul;8;2016;435.50;427.25;439.50;424.00;2.32;;;;;;;
Jul;7;2016;425.62;430.38;438.75;424.50;-0.90;;;;;;;
Jul;6;2016;429.50;432.00;434.00;421.25;-0.46;;;;;;;
Jul;5;2016;431.50;431.25;432.50;416.00;0.20;;;;;;;
Jul;1;2016;430.62;445.38;445.50;428.25;-3.88;;;;;;;
Jun;30;2016;448.00;445.75;453.50;438.00;0.84;;;;;;;
Jun;29;2016;444.25;457.88;460.50;444.00;-3.06;;;;;;;
Jun;28;2016;458.25;458.38;467.25;456.50;-0.22;;;;;;;
Jun;27;2016;459.25;464.00;470.25;458.50;1.32;;;;;;;
Jun;24;2016;453.25;454.50;455.00;442.25;-0.17;;;;;;;
Jun;23;2016;454.00;459.50;461.50;453.50;-1.04;;;;;;;
Jun;22;2016;458.75;460.50;465.00;458.50;0.14;;;;;;;
Jun;21;2016;458.12;473.25;476.50;458.00;-3.30;;;;;;;
Jun;20;2016;473.75;477.00;479.75;473.75;-1.61;;;;;;;
Jun;17;2016;481.50;473.25;482.00;472.75;1.90;;;;;;;
Jun;16;2016;472.50;477.38;479.50;471.25;-1.25;;;;;;;
Jun;15;2016;478.50;482.88;489.75;478.50;-1.29;;;;;;;
Jun;14;2016;484.75;491.25;493.38;481.50;-1.47;;;;;;;
Jun;13;2016;492.00;498.25;503.25;491.50;-0.61;;;;;;;
Jun;10;2016;495.00;509.00;512.50;494.62;-2.89;;;;;;;
Jun;9;2016;509.75;517.88;519.00;506.25;-1.97;;;;;;;
Jun;8;2016;520.00;508.75;523.88;506.25;2.06;;;;;;;
Jun;7;2016;509.50;506.50;513.50;501.00;0.34;;;;;;;
Jun;6;2016;507.75;497.75;514.75;497.75;2.01;;;;;;;
Jun;3;2016;497.75;484.00;498.00;482.50;2.52;;;;;;;
Jun;2;2016;485.50;474.00;487.00;473.00;2.53;;;;;;;
Jun;1;2016;473.50;463.38;474.75;463.38;2.10;;;;;;;
May;31;2016;463.75;480.62;483.88;463.75;-3.69;;;;;;;
May;27;2016;481.50;481.38;484.75;479.00;0.16;;;;;;;
May;26;2016;480.75;465.75;481.50;465.50;3.11;;;;;;;
May;25;2016;466.25;464.00;468.88;463.25;0.38;;;;;;;
May;24;2016;464.50;462.75;470.00;458.25;0.43;;;;;;;
May;23;2016;462.50;467.38;469.12;461.25;-1.23;;;;;;;
May;20;2016;468.25;468.75;474.50;464.25;-0.21;;;;;;;
May;19;2016;469.25;478.50;479.75;462.75;-2.44;;;;;;;
May;18;2016;481.00;481.38;484.50;477.25;-0.10;;;;;;;
May;17;2016;481.50;473.50;484.50;473.25;1.21;;;;;;;
May;16;2016;475.75;473.75;476.75;467.75;0.21;;;;;;;
May;13;2016;474.75;468.25;477.50;465.00;1.44;;;;;;;
May;12;2016;468.00;457.62;468.00;457.62;1.96;;;;;;;
May;11;2016;459.00;461.50;464.75;457.00;-0.70;;;;;;;
May;10;2016;462.25;457.38;468.50;455.50;1.32;;;;;;;
May;9;2016;456.25;464.00;467.00;455.00;-1.78;;;;;;;
May;6;2016;464.50;462.62;470.25;462.25;0.16;;;;;;;
May;5;2016;463.75;468.75;472.50;461.88;-1.96;;;;;;;
May;4;2016;473.00;470.75;476.50;469.12;0.21;;;;;;;
May;3;2016;472.00;487.38;492.75;468.50;-3.10;;;;;;;
May;2;2016;487.12;486.75;490.00;481.50;-0.44;;;;;;;
Apr;29;2016;489.25;483.75;490.75;480.75;0.72;;;;;;;
Apr;28;2016;485.75;483.75;497.00;481.50;0.62;;;;;;;
Apr;27;2016;482.75;486.50;489.50;480.50;-1.13;;;;;;;
Apr;26;2016;488.25;478.12;488.50;474.25;2.41;;;;;;;
Apr;25;2016;476.75;473.75;485.38;469.00;2.03;;;;;;;
Apr;22;2016;467.25;492.88;493.12;465.62;-5.77;;;;;;;
Apr;21;2016;495.88;503.50;510.75;491.00;-1.42;;;;;;;
Apr;20;2016;503.00;485.25;503.75;485.25;3.60;;;;;;;
Apr;19;2016;485.50;473.00;487.75;471.25;2.75;;;;;;;
Apr;18;2016;472.50;461.00;477.00;460.75;2.66;;;;;;;
Apr;15;2016;460.25;459.25;462.25;455.00;0.38;;;;;;;
Apr;14;2016;458.50;462.50;465.50;454.50;-1.24;;;;;;;
Apr;13;2016;464.25;451.75;466.62;450.25;2.37;;;;;;;
Apr;12;2016;453.50;447.62;457.00;446.75;1.45;;;;;;;
Apr;11;2016;447.00;457.88;457.88;446.25;-3.14;;;;;;;
Apr;8;2016;461.50;457.50;462.50;456.50;0.93;;;;;;;
Apr;7;2016;457.25;463.00;465.25;457.12;-1.30;;;;;;;
Apr;6;2016;463.25;473.00;473.00;461.75;-2.16;;;;;;;
Apr;5;2016;473.50;475.00;476.50;470.25;-0.21;;;;;;;
Apr;4;2016;474.50;476.38;479.00;470.50;-0.21;;;;;;;
Apr;1;2016;475.50;473.75;475.50;467.00;0.21;;;;;;;
Mar;31;2016;474.50;464.00;475.00;455.88;2.21;;;;;;;
Mar;30;2016;464.25;476.00;477.50;463.25;-2.67;;;;;;;
Mar;29;2016;477.00;471.50;477.25;471.00;1.06;;;;;;;
Mar;28;2016;472.00;465.25;477.25;464.00;1.83;;;;;;;
Mar;24;2016;463.50;463.13;464.38;458.62;0.03;;;;;;;
Mar;23;2016;463.38;467.38;467.38;462.62;-0.86;;;;;;;
Mar;22;2016;467.38;466.25;470.62;463.38;0.21;;;;;;;
Mar;21;2016;466.38;468.62;472.00;463.88;0.65;;;;;;;
Mar;18;2016;463.38;463.00;463.88;457.88;0.22;;;;;;;
Mar;17;2016;462.38;472.13;475.88;460.12;-1.75;;;;;;;
Mar;16;2016;470.62;476.88;477.12;469.88;-1.36;;;;;;;
Mar;15;2016;477.12;477.75;479.12;473.12;-0.31;;;;;;;
Mar;14;2016;478.62;475.63;479.38;472.88;0.58;;;;;;;
Mar;11;2016;475.88;476.88;478.38;471.62;-0.10;;;;;;;
Mar;10;2016;476.38;467.88;477.38;465.13;1.76;;;;;;;
Mar;9;2016;468.12;464.62;468.38;461.12;0.64;;;;;;;
Mar;8;2016;465.13;461.38;465.62;457.12;0.43;;;;;;;
Mar;7;2016;463.13;465.00;468.38;461.88;0.38;;;;;;;
Mar;4;2016;461.38;459.63;464.38;456.12;0.49;;;;;;;
Mar;3;2016;459.12;449.62;461.88;449.38;2.00;;;;;;;
Mar;2;2016;450.12;447.00;451.38;442.38;0.90;;;;;;;
Mar;1;2016;446.12;453.38;454.63;445.62;-1.49;;;;;;;
Feb;29;2016;452.88;455.12;456.38;450.63;0.17;;;;;;;
Feb;26;2016;452.12;453.88;456.12;449.13;-0.22;;;;;;;
Feb;25;2016;453.12;452.25;455.88;449.62;0.39;;;;;;;
Feb;24;2016;451.38;455.62;456.12;446.62;-0.99;;;;;;;
Feb;23;2016;455.88;463.50;465.88;455.38;-1.72;;;;;;;
Feb;22;2016;463.88;466.38;469.38;458.25;0.43;;;;;;;
Feb;19;2016;461.88;461.88;464.50;460.12;-0.11;;;;;;;
Feb;18;2016;462.38;468.50;468.50;462.12;-1.39;;;;;;;
Feb;17;2016;468.88;464.50;470.00;462.75;0.97;;;;;;;
Feb;16;2016;464.38;460.75;465.00;459.88;1.53;;;;;;;
Feb;12;2016;457.38;458.88;462.00;455.12;-0.22;;;;;;;
Feb;11;2016;458.38;460.38;465.75;457.88;-0.60;;;;;;;
Feb;10;2016;461.12;458.12;462.75;456.62;0.82;;;;;;;
Feb;9;2016;457.38;459.12;460.25;455.12;-0.22;;;;;;;
Feb;8;2016;458.38;466.25;468.88;457.75;-1.77;;;;;;;
Feb;5;2016;466.62;473.50;474.12;465.75;-1.27;;;;;;;
Feb;4;2016;472.62;479.12;482.50;472.62;-1.51;;;;;;;
Feb;3;2016;479.88;475.62;480.12;474.62;0.95;;;;;;;
Feb;2;2016;475.38;475.75;483.00;473.25;-0.05;;;;;;;
Feb;1;2016;475.62;476.25;477.25;471.38;-0.78;;;;;;;
Jan;29;2016;479.38;472.25;479.38;470.88;1.54;;;;;;;
Jan;28;2016;472.12;476.75;476.88;470.62;-0.89;;;;;;;
Jan;27;2016;476.38;484.25;485.75;473.62;-1.80;;;;;;;
Jan;26;2016;485.12;481.62;488.50;478.12;0.83;;;;;;;
Jan;25;2016;481.12;475.75;483.75;475.75;1.21;;;;;;;
Jan;22;2016;475.38;474.75;479.75;472.62;0.00;;;;;;;
Jan;21;2016;475.38;472.38;480.00;470.50;0.80;;;;;;;
Jan;20;2016;471.62;473.00;475.38;467.38;-0.58;;;;;;;
Jan;19;2016;474.38;475.25;478.88;470.62;0.21;;;;;;;
Jan;17;2016;473.38;473.38;473.38;473.38;0.00;;;;;;;
Jan;15;2016;473.38;469.00;474.62;465.12;0.96;;;;;;;
Jan;14;2016;468.88;477.75;477.88;468.12;-1.88;;;;;;;
Jan;13;2016;477.88;480.25;483.75;476.62;-0.73;;;;;;;
Jan;12;2016;481.38;470.00;483.12;463.88;2.61;;;;;;;
Jan;11;2016;469.12;481.00;481.12;466.62;-1.93;;;;;;;
Jan;8;2016;478.38;468.12;479.62;467.62;2.14;;;;;;;
Jan;7;2016;468.38;463.50;468.88;456.38;1.24;;;;;;;
Jan;6;2016;462.62;461.50;465.62;457.00;0.27;;;;;;;
Jan;5;2016;461.38;460.38;464.62;458.62;0.65;;;;;;;
Jan;4;2016;458.38;472.50;472.50;456.12;-2.34;;;;;;;
Dec;31;2015;469.38;469.88;472.25;468.88;-0.05;;;;;;;
Dec;30;2015;469.62;476.38;479.12;469.38;-1.31;;;;;;;
Dec;29;2015;475.88;467.38;476.62;467.38;1.98;;;;;;;
Dec;28;2015;466.62;467.50;472.38;465.88;-0.29;;;;;;;
Dec;27;2015;468.00;468.00;468.00;468.00;0.00;;;;;;;
Dec;24;2015;468.00;468.62;471.62;467.38;-0.35;;;;;;;
Dec;23;2015;469.62;472.62;474.88;468.38;-0.42;;;;;;;
Dec;22;2015;471.62;479.50;482.62;471.62;-1.57;;;;;;;
Dec;21;2015;479.12;485.75;490.88;478.38;-1.44;;;;;;;
Dec;18;2015;486.12;486.12;498.88;481.38;0.46;;;;;;;
Dec;17;2015;483.88;483.50;488.12;472.38;0.10;;;;;;;
Dec;16;2015;483.38;493.12;496.75;483.38;-2.13;;;;;;;
Dec;15;2015;493.88;493.38;497.88;486.38;0.10;;;;;;;
Dec;14;2015;493.38;491.38;496.88;488.62;0.61;;;;;;;
Dec;11;2015;490.38;494.75;497.88;487.62;-1.01;;;;;;;
Dec;10;2015;495.38;488.88;497.88;485.62;1.17;;;;;;;
Dec;9;2015;489.62;481.62;491.12;481.50;1.71;;;;;;;
Dec;8;2015;481.38;481.50;483.62;476.62;-0.31;;;;;;;
Dec;7;2015;482.88;489.38;492.88;482.12;-0.36;;;;;;;
Dec;4;2015;484.62;479.25;484.88;478.38;1.31;;;;;;;
Dec;3;2015;478.38;466.88;483.88;466.12;2.41;;;;;;;
Dec;2;2015;467.12;471.25;473.38;465.62;-0.90;;;;;;;
Dec;1;2015;471.38;474.62;480.12;470.88;-0.89;;;;;;;
Nov;30;2015;475.62;476.62;480.38;475.12;-0.70;;;;;;;
Nov;27;2015;479.00;487.62;487.62;478.12;-1.77;;;;;;;
Nov;25;2015;487.62;488.38;492.38;487.38;-0.10;;;;;;;
Nov;24;2015;488.12;496.75;497.12;487.88;-1.86;;;;;;;
Nov;23;2015;497.38;487.25;499.62;485.88;1.69;;;;;;;
Nov;20;2015;489.12;489.38;494.88;486.38;-0.25;;;;;;;
Nov;19;2015;490.38;483.00;492.75;481.62;1.45;;;;;;;
Nov;18;2015;483.38;487.38;490.25;480.62;-0.90;;;;;;;
Nov;17;2015;487.75;493.50;494.00;484.62;-1.24;;;;;;;
Nov;16;2015;493.88;494.88;498.00;490.50;-0.45;;;;;;;
Nov;13;2015;496.12;496.50;499.75;491.62;-0.30;;;;;;;
Nov;12;2015;497.62;496.00;500.50;492.38;0.50;;;;;;;
Nov;11;2015;495.12;491.88;498.00;490.38;0.76;;;;;;;
Nov;10;2015;491.38;502.38;503.75;488.12;-2.04;;;;;;;
Nov;9;2015;501.62;520.38;521.25;501.38;-4.06;;;;;;;
Nov;6;2015;522.88;524.75;526.00;517.88;-0.57;;;;;;;
Nov;5;2015;525.88;524.50;529.00;520.38;-0.09;;;;;;;
Nov;4;2015;526.38;516.12;530.75;508.38;1.94;;;;;;;
Nov;3;2015;516.38;507.62;516.62;506.00;1.67;;;;;;;
Nov;2;2015;507.88;521.38;522.75;506.88;-2.73;;;;;;;
Oct;30;2015;522.12;515.25;523.75;515.12;1.31;;;;;;;
Oct;29;2015;515.38;505.75;517.25;505.12;1.88;;;;;;;
Oct;28;2015;505.88;507.62;508.75;500.12;-0.64;;;;;;;
Oct;27;2015;509.12;509.88;518.00;506.62;-0.05;;;;;;;
Oct;26;2015;509.38;493.62;512.00;493.62;3.82;;;;;;;
Oct;23;2015;490.62;490.50;494.25;484.88;-0.05;;;;;;;
Oct;22;2015;490.88;494.75;500.50;490.62;-0.76;;;;;;;
Oct;21;2015;494.62;491.88;497.50;490.38;0.82;;;;;;;
Oct;20;2015;490.62;486.38;491.62;483.62;1.08;;;;;;;
Oct;19;2015;485.38;491.38;493.50;484.38;-1.42;;;;;;;
Oct;16;2015;492.38;502.62;505.88;489.88;-1.94;;;;;;;
Oct;15;2015;502.12;507.25;512.75;502.12;-1.23;;;;;;;
Oct;14;2015;508.38;518.38;519.75;507.62;-2.02;;;;;;;
Oct;13;2015;518.88;507.00;521.75;505.12;2.37;;;;;;;
Oct;12;2015;506.88;507.38;510.62;503.38;-0.25;;;;;;;
Oct;9;2015;508.12;511.00;519.50;504.62;-0.59;;;;;;;
Oct;8;2015;511.12;516.00;522.00;509.38;-1.06;;;;;;;
Oct;7;2015;516.62;525.38;531.50;515.12;-1.76;;;;;;;
Oct;6;2015;525.88;514.62;526.62;513.12;1.94;;;;;;;
Oct;5;2015;515.88;512.38;518.00;508.88;0.63;;;;;;;
Oct;2;2015;512.62;516.75;523.00;512.62;-1.04;;;;;;;
Oct;1;2015;518.00;512.38;523.75;511.88;1.12;;;;;;;
Sep;30;2015;512.25;503.38;515.50;498.38;1.66;;;;;;;
Sep;29;2015;503.88;505.88;509.75;500.62;-0.44;;;;;;;
Sep;28;2015;506.12;508.50;515.50;500.38;-0.39;;;;;;;
Sep;25;2015;508.12;497.88;510.50;496.38;2.21;;;;;;;
Sep;24;2015;497.12;506.00;509.00;496.88;-2.07;;;;;;;
Sep;23;2015;507.62;494.25;508.50;493.88;2.47;;;;;;;
Sep;22;2015;495.38;496.38;496.50;488.38;-0.25;;;;;;;
Sep;21;2015;496.62;486.25;499.25;480.62;2.05;;;;;;;
Sep;18;2015;486.62;481.62;489.00;480.12;1.20;;;;;;;
Sep;17;2015;480.88;488.25;489.75;480.88;-1.64;;;;;;;
Sep;16;2015;488.88;494.12;495.00;483.12;-1.21;;;;;;;
Sep;15;2015;494.88;500.62;503.25;492.38;-1.30;;;;;;;
Sep;14;2015;501.38;486.38;501.62;485.88;3.35;;;;;;;
Sep;11;2015;485.12;477.88;485.50;468.62;1.46;;;;;;;
Sep;10;2015;478.12;472.25;479.50;471.50;1.16;;;;;;;
Sep;9;2015;472.62;473.00;481.00;471.12;-0.53;;;;;;;
Sep;8;2015;475.12;469.12;476.62;469.12;1.71;;;;;;;
Sep;4;2015;467.12;465.88;469.62;463.12;0.48;;;;;;;
Sep;3;2015;464.88;479.25;479.38;464.88;-2.97;;;;;;;
Sep;2;2015;479.12;486.12;490.00;476.62;-1.34;;;;;;;
Sep;1;2015;485.62;484.12;491.50;482.12;0.05;;;;;;;
Aug;31;2015;485.38;484.12;485.88;476.62;1.62;;;;;;;
Aug;28;2015;477.62;484.88;487.75;476.12;-1.47;;;;;;;
Aug;27;2015;484.75;490.75;495.38;481.62;-1.27;;;;;;;
Aug;26;2015;491.00;498.38;499.88;488.38;-1.11;;;;;;;
Aug;25;2015;496.50;504.12;511.25;492.62;-1.54;;;;;;;
Aug;24;2015;504.25;498.12;504.38;487.50;0.98;;;;;;;
Aug;21;2015;499.38;504.50;507.12;495.75;-0.94;;;;;;;
Aug;20;2015;504.12;495.75;507.62;495.50;1.59;;;;;;;
Aug;19;2015;496.25;494.88;498.38;491.12;0.15;;;;;;;
Aug;18;2015;495.50;500.00;503.38;493.38;-1.02;;;;;;;
Aug;17;2015;500.62;503.62;508.75;498.50;-1.04;;;;;;;
Aug;14;2015;505.88;503.12;512.00;497.88;0.50;;;;;;;
Aug;13;2015;503.38;492.75;504.62;492.12;1.95;;;;;;;
Aug;12;2015;493.75;507.38;514.62;484.12;-2.64;;;;;;;
Aug;11;2015;507.12;522.88;524.38;504.12;-3.15;;;;;;;
Aug;10;2015;523.62;511.88;529.88;509.38;2.55;;;;;;;
Aug;7;2015;510.62;508.12;513.88;503.88;0.69;;;;;;;
Aug;6;2015;507.12;502.12;514.12;498.38;0.90;;;;;;;
Aug;5;2015;502.62;494.38;504.62;492.12;1.80;;;;;;;
Aug;4;2015;493.75;499.75;506.88;491.38;-1.42;;;;;;;
Aug;3;2015;500.88;497.12;500.88;490.62;0.55;;;;;;;
Jul;31;2015;498.12;497.12;503.38;495.88;0.15;;;;;;;
Jul;30;2015;497.38;496.38;504.38;493.88;0.28;;;;;;;
Jul;29;2015;496.00;511.75;512.38;495.88;-3.15;;;;;;;
Jul;28;2015;512.12;502.88;512.38;501.88;1.99;;;;;;;
Jul;27;2015;502.12;510.62;511.62;501.38;-2.00;;;;;;;
Jul;24;2015;512.38;520.50;523.38;509.62;-1.94;;;;;;;
Jul;23;2015;522.50;516.62;526.62;516.62;1.19;;;;;;;
Jul;22;2015;516.38;524.25;528.12;515.38;-1.43;;;;;;;
Jul;21;2015;523.88;533.50;537.62;523.88;-2.03;;;;;;;
Jul;20;2015;534.75;551.00;551.00;530.62;-3.52;;;;;;;
Jul;17;2015;554.25;560.75;561.25;546.25;-1.49;;;;;;;
Jul;16;2015;562.62;566.88;573.75;561.88;-0.79;;;;;;;
Jul;15;2015;567.12;568.88;569.38;558.88;-0.66;;;;;;;
Jul;14;2015;570.88;575.00;582.38;569.50;-0.80;;;;;;;
Jul;13;2015;575.50;574.25;576.62;567.00;0.07;;;;;;;
Jul;10;2015;575.12;576.62;587.38;570.00;-0.39;;;;;;;
Jul;9;2015;577.38;576.38;586.12;575.38;-0.15;;;;;;;
Jul;8;2015;578.25;583.75;587.62;573.12;-1.05;;;;;;;
Jul;7;2015;584.38;592.88;593.12;578.38;-1.77;;;;;;;
Jul;6;2015;594.88;585.50;599.62;572.38;1.13;;;;;;;
Jul;3;2015;588.25;588.25;588.25;588.25;0.00;;;;;;;
Jul;2;2015;588.25;587.50;600.62;574.12;0.17;;;;;;;
Jul;1;2015;587.25;614.25;615.00;576.12;-4.76;;;;;;;
Jun;30;2015;616.62;583.00;617.12;576.38;5.56;;;;;;;
Jun;29;2015;584.12;565.50;591.38;564.12;4.17;;;;;;;
Jun;26;2015;560.75;532.00;566.12;530.38;5.33;;;;;;;
Jun;25;2015;532.38;517.75;532.62;513.12;2.75;;;;;;;
Jun;24;2015;518.12;521.75;529.88;514.12;-0.86;;;;;;;
Jun;23;2015;522.62;501.88;522.62;501.88;4.16;;;;;;;
Jun;22;2015;501.75;487.88;504.12;487.38;2.63;;;;;;;
Jun;19;2015;488.88;487.75;492.25;483.62;0.20;;;;;;;
Jun;18;2015;487.88;491.38;497.88;487.38;-0.76;;;;;;;
Jun;17;2015;491.62;490.12;499.62;489.62;0.61;;;;;;;
Jun;16;2015;488.62;489.12;494.88;487.12;-0.05;;;;;;;
Jun;15;2015;488.88;503.25;503.25;486.12;-3.05;;;;;;;
Jun;12;2015;504.25;504.00;510.62;500.75;-0.17;;;;;;;
Jun;11;2015;505.12;513.88;515.25;502.75;-1.46;;;;;;;
Jun;10;2015;512.62;532.50;537.38;512.62;-3.78;;;;;;;
Jun;9;2015;532.75;527.25;537.12;524.12;0.97;;;;;;;
Jun;8;2015;527.62;516.38;532.62;516.38;2.06;;;;;;;
Jun;5;2015;517.00;523.50;533.88;516.25;-1.17;;;;;;;
Jun;4;2015;523.12;510.00;524.12;504.12;2.75;;;;;;;
Jun;3;2015;509.12;513.38;525.88;508.38;-0.68;;;;;;;
Jun;2;2015;512.62;495.12;513.12;493.12;3.61;;;;;;;
Jun;1;2015;494.75;478.00;495.38;474.12;3.53;;;;;;;
May;29;2015;477.88;487.12;489.12;474.62;-1.95;;;;;;;
May;28;2015;487.38;488.50;494.62;483.12;-0.18;;;;;;;
May;27;2015;488.25;495.88;496.12;482.38;-0.89;;;;;;;
May;26;2015;492.62;515.75;519.38;492.12;-4.34;;;;;;;
May;22;2015;515.00;521.38;528.88;511.12;-1.06;;;;;;;
May;21;2015;520.50;514.12;527.88;511.12;1.56;;;;;;;
May;20;2015;512.50;510.75;515.62;503.12;0.37;;;;;;;
May;19;2015;510.62;520.12;524.62;503.88;-2.16;;;;;;;
May;18;2015;521.88;510.88;529.88;507.88;2.18;;;;;;;
May;15;2015;510.75;515.00;519.62;506.12;-0.75;;;;;;;
May;14;2015;514.62;481.12;515.00;481.12;6.85;;;;;;;
May;13;2015;481.62;480.88;486.12;471.12;0.05;;;;;;;
May;12;2015;481.38;481.00;489.88;478.38;-0.05;;;;;;;
May;11;2015;481.62;482.88;484.12;476.38;-0.16;;;;;;;
May;8;2015;482.38;472.25;482.38;471.88;2.06;;;;;;;
May;7;2015;472.62;480.38;483.88;471.38;-1.38;;;;;;;
May;6;2015;479.25;468.38;482.12;467.50;2.68;;;;;;;
May;5;2015;466.75;470.88;472.62;461.12;-1.27;;;;;;;
May;4;2015;472.75;471.75;474.38;466.50;-0.24;;;;;;;
May;1;2015;473.88;476.12;479.12;468.62;-0.32;;;;;;;
Apr;30;2015;475.38;483.75;488.62;471.88;-1.76;;;;;;;
Apr;29;2015;483.88;476.50;483.88;474.12;1.57;;;;;;;
Apr;28;2015;476.38;475.12;478.38;464.12;0.53;;;;;;;
Apr;27;2015;473.88;488.38;490.38;472.62;-2.57;;;;;;;
Apr;24;2015;486.38;498.00;498.88;485.25;-2.36;;;;;;;
Apr;23;2015;498.12;499.75;503.38;497.62;-0.20;;;;;;;
Apr;22;2015;499.12;500.38;504.62;496.38;-0.27;;;;;;;
Apr;21;2015;500.50;498.38;506.38;494.38;0.38;;;;;;;
Apr;20;2015;498.62;493.88;499.12;492.12;1.12;;;;;;;
Apr;17;2015;493.12;494.00;499.75;490.88;-0.30;;;;;;;
Apr;16;2015;494.62;490.38;495.38;489.12;0.82;;;;;;;
Apr;15;2015;490.62;497.62;503.88;490.12;-1.38;;;;;;;
Apr;14;2015;497.50;503.88;506.12;496.38;-0.97;;;;;;;
Apr;13;2015;502.38;518.12;519.88;501.62;-4.63;;;;;;;
Apr;10;2015;526.75;517.88;527.38;515.62;1.52;;;;;;;
Apr;9;2015;518.88;525.25;526.62;513.88;-1.26;;;;;;;
Apr;8;2015;525.50;528.38;530.75;518.38;-0.26;;;;;;;
Apr;7;2015;526.88;525.88;533.88;517.88;-0.28;;;;;;;
Apr;6;2015;528.38;537.62;543.62;525.12;-1.03;;;;;;;
Apr;2;2015;533.88;527.75;544.12;522.62;0.95;;;;;;;
Apr;1;2015;528.88;513.38;528.88;506.12;3.12;;;;;;;
Mar;31;2015;512.88;531.38;531.50;509.12;-3.30;;;;;;;
Mar;30;2015;530.38;512.12;530.62;508.62;4.46;;;;;;;
Mar;27;2015;507.75;499.12;508.88;499.12;1.83;;;;;;;
Mar;26;2015;498.62;519.38;525.12;498.50;-3.90;;;;;;;
Mar;25;2015;518.88;523.12;527.88;516.12;-0.86;;;;;;;
Mar;24;2015;523.38;530.25;531.62;522.62;-2.10;;;;;;;
Mar;23;2015;534.62;533.75;540.38;531.88;0.85;;;;;;;
Mar;20;2015;530.12;510.12;530.38;510.12;3.67;;;;;;;
Mar;19;2015;511.38;516.00;519.88;505.38;0.05;;;;;;;
Mar;18;2015;511.12;502.25;512.38;500.88;1.49;;;;;;;
Mar;17;2015;503.62;516.00;517.88;503.12;-2.23;;;;;;;
Mar;16;2015;515.12;503.12;515.38;494.50;2.77;;;;;;;
Mar;13;2015;501.25;507.62;513.38;498.88;-1.18;;;;;;;
Mar;12;2015;507.25;498.25;512.62;498.12;1.73;;;;;;;
Mar;11;2015;498.62;494.12;502.12;493.88;0.96;;;;;;;
Mar;10;2015;493.88;489.75;496.62;483.38;0.77;;;;;;;
Mar;9;2015;490.12;484.25;494.88;484.12;1.63;;;;;;;
Mar;6;2015;482.25;480.88;485.38;479.38;0.34;;;;;;;
Mar;5;2015;480.62;496.12;496.38;480.38;-3.08;;;;;;;
Mar;4;2015;495.88;505.75;505.88;494.12;-1.69;;;;;;;
Mar;3;2015;504.38;501.50;506.88;493.12;0.90;;;;;;;
Mar;2;2015;499.88;513.75;518.62;499.62;-2.37;;;;;;;
Feb;27;2015;512.00;500.50;517.62;498.12;2.40;;;;;;;
Feb;26;2015;500.00;496.75;500.88;490.12;0.58;;;;;;;
Feb;25;2015;497.12;503.00;505.62;495.12;-1.24;;;;;;;
Feb;24;2015;503.38;504.62;510.62;502.12;-0.05;;;;;;;
Feb;23;2015;503.62;507.38;510.38;502.38;-1.23;;;;;;;
Feb;20;2015;509.88;527.38;531.38;509.62;-3.36;;;;;;;
Feb;19;2015;527.62;528.38;537.12;523.62;-0.09;;;;;;;
Feb;18;2015;528.12;538.00;543.38;523.62;-1.29;;;;;;;
Feb;17;2015;535.00;534.75;546.62;531.88;0.33;;;;;;;
Feb;13;2015;533.25;520.88;534.12;519.75;2.47;;;;;;;
Feb;12;2015;520.38;523.62;527.50;518.38;-0.90;;;;;;;
Feb;11;2015;525.12;521.00;527.88;516.12;0.82;;;;;;;
Feb;10;2015;520.88;527.88;530.75;518.75;-1.56;;;;;;;
Feb;9;2015;529.12;527.25;532.12;521.62;0.33;;;;;;;
Feb;6;2015;527.38;526.12;533.88;516.62;0.19;;;;;;;
Feb;5;2015;526.38;510.88;527.38;508.88;2.78;;;;;;;
Feb;4;2015;512.12;514.38;521.62;507.62;-0.15;;;;;;;
Feb;3;2015;512.88;494.38;515.62;493.38;4.06;;;;;;;
Feb;2;2015;492.88;502.25;505.38;492.38;-2.06;;;;;;;
Jan;30;2015;503.25;507.62;511.62;497.38;-0.89;;;;;;;
Jan;29;2015;507.75;505.62;512.12;501.00;0.47;;;;;;;
Jan;28;2015;505.38;519.25;520.38;503.12;-2.60;;;;;;;
Jan;27;2015;518.88;520.12;524.00;517.62;-0.17;;;;;;;
Jan;26;2015;519.75;529.25;534.62;519.38;-1.79;;;;;;;
Jan;23;2015;529.25;532.88;535.88;526.88;-0.84;;;;;;;
Jan;22;2015;533.75;536.25;542.38;532.62;-0.40;;;;;;;
Jan;21;2015;535.88;537.38;544.38;535.62;0.09;;;;;;;
Jan;20;2015;535.38;532.25;539.62;523.12;0.75;;;;;;;
Jan;16;2015;531.38;536.25;541.88;531.38;-0.47;;;;;;;
Jan;15;2015;533.88;540.12;544.88;528.12;-0.79;;;;;;;
Jan;14;2015;538.12;548.50;549.62;536.12;-1.76;;;;;;;
Jan;13;2015;547.75;556.12;566.62;547.38;-1.35;;;;;;;
Jan;12;2015;555.25;564.00;566.38;554.88;-1.27;;;;;;;
Jan;9;2015;562.38;568.00;573.88;562.12;-0.88;;;;;;;
Jan;8;2015;567.38;580.50;580.50;566.00;-2.03;;;;;;;
Jan;7;2015;579.12;594.38;594.38;578.88;-2.20;;;;;;;
Jan;6;2015;592.12;587.75;603.50;586.38;0.59;;;;;;;
Jan;5;2015;588.62;579.88;597.38;579.38;1.29;;;;;;;
