Date,Open,High,Low,Close,Volume,Ex-Dividend,Split Ratio,Adj. Open,Adj. High,Adj. Low,Adj. Close,Adj. Volume
2016-11-17,22.9,23.47,22.61,23.18,477241.0,0.0,1.0,22.9,23.47,22.61,23.18,477241.0
2016-11-16,22.59,23.0,22.59,22.91,427793.0,0.0,1.0,22.59,23.0,22.59,22.91,427793.0
2016-11-15,22.63,22.72,22.25,22.59,530337.0,0.0,1.0,22.63,22.72,22.25,22.59,530337.0
2016-11-14,22.42,23.0799,22.31,22.8,544907.0,0.0,1.0,22.42,23.0799,22.31,22.8,544907.0
2016-11-11,21.9,22.48,21.43,22.25,428714.0,0.0,1.0,21.9,22.48,21.43,22.25,428714.0
2016-11-10,21.3,22.55,21.13,21.94,595678.0,0.0,1.0,21.3,22.55,21.13,21.94,595678.0
2016-11-09,20.62,21.24,20.43,21.07,325122.0,0.0,1.0,20.62,21.24,20.43,21.07,325122.0
2016-11-08,20.07,20.7,19.72,20.57,249770.0,0.0,1.0,20.07,20.7,19.72,20.57,249770.0
2016-11-07,20.13,20.48,19.98,20.07,367949.0,0.0,1.0,20.13,20.48,19.98,20.07,367949.0
2016-11-04,18.93,20.19,18.495,19.73,578344.0,0.0,1.0,18.93,20.19,18.495,19.73,578344.0
2016-11-03,18.06,18.2,17.75,17.75,102758.0,0.0,1.0,18.06,18.2,17.75,17.75,102758.0
2016-11-02,18.13,18.59,17.96,17.97,146273.0,0.0,1.0,18.13,18.59,17.96,17.97,146273.0
2016-11-01,18.5,18.65,18.02,18.12,173241.0,0.0,1.0,18.5,18.65,18.02,18.12,173241.0
2016-10-31,18.94,18.94,18.45,18.45,158577.0,0.0,1.0,18.94,18.94,18.45,18.45,158577.0
2016-10-28,18.82,18.99,18.69,18.89,187532.0,0.0,1.0,18.82,18.99,18.69,18.89,187532.0
2016-10-27,18.9,19.18,18.7,18.82,89491.0,0.0,1.0,18.9,19.18,18.7,18.82,89491.0
2016-10-26,19.06,19.22,18.8,18.82,132971.0,0.0,1.0,19.06,19.22,18.8,18.82,132971.0
2016-10-25,19.03,19.34,19.03,19.09,118880.0,0.0,1.0,19.03,19.34,19.03,19.09,118880.0
2016-10-24,19.36,19.56,19.04,19.1,159496.0,0.0,1.0,19.36,19.56,19.04,19.1,159496.0
2016-10-21,19.4,19.46,19.22,19.3,181041.0,0.0,1.0,19.4,19.46,19.22,19.3,181041.0
2016-10-20,19.59,19.81,19.39,19.59,88377.0,0.0,1.0,19.59,19.81,19.39,19.59,88377.0
2016-10-19,19.3,19.84,19.16,19.72,145873.0,0.0,1.0,19.3,19.84,19.16,19.72,145873.0
2016-10-18,19.51,19.5189,19.19,19.29,127596.0,0.0,1.0,19.51,19.5189,19.19,19.29,127596.0
2016-10-17,19.2,19.36,19.05,19.3,87004.0,0.0,1.0,19.2,19.36,19.05,19.3,87004.0
2016-10-14,19.26,19.42,18.86,19.17,116881.0,0.0,1.0,19.26,19.42,18.86,19.17,116881.0
2016-10-13,19.05,19.36,18.955,19.05,174734.0,0.0,1.0,19.05,19.36,18.955,19.05,174734.0
2016-10-12,19.16,19.46,18.97,19.29,128905.0,0.0,1.0,19.16,19.46,18.97,19.29,128905.0
2016-10-11,19.18,19.31,18.94,19.16,127435.0,0.0,1.0,19.18,19.31,18.94,19.16,127435.0
2016-10-10,19.37,19.49,19.17,19.25,122181.0,0.0,1.0,19.37,19.49,19.17,19.25,122181.0
2016-10-07,19.05,19.33,19.01,19.26,238267.0,0.0,1.0,19.05,19.33,19.01,19.26,238267.0
2016-10-06,18.91,19.08,18.7,19.02,127486.0,0.0,1.0,18.91,19.08,18.7,19.02,127486.0
2016-10-05,18.89,19.09,18.56,18.92,190129.0,0.0,1.0,18.89,19.09,18.56,18.92,190129.0
2016-10-04,18.25,18.89,18.105,18.76,185226.0,0.0,1.0,18.25,18.89,18.105,18.76,185226.0
2016-10-03,18.36,18.44,18.16,18.27,155319.0,0.0,1.0,18.36,18.44,18.16,18.27,155319.0
2016-09-30,18.28,18.59,18.11,18.39,198175.0,0.0,1.0,18.28,18.59,18.11,18.39,198175.0
2016-09-29,18.42,18.58,18.039,18.12,113044.0,0.0,1.0,18.42,18.58,18.039,18.12,113044.0
2016-09-28,18.07,18.52,17.995,18.51,121647.0,0.0,1.0,18.07,18.52,17.995,18.51,121647.0
2016-09-27,17.95,18.13,17.8,18.07,142498.0,0.0,1.0,17.95,18.13,17.8,18.07,142498.0
2016-09-26,18.61,18.805,18.01,18.02,174127.0,0.0,1.0,18.61,18.805,18.01,18.02,174127.0
2016-09-23,19.11,19.2,18.74,18.74,172941.0,0.0,1.0,19.11,19.2,18.74,18.74,172941.0
2016-09-22,18.86,19.19,18.63,19.12,289122.0,0.0,1.0,18.86,19.19,18.63,19.12,289122.0
2016-09-21,18.45,18.78,18.28,18.75,237349.0,0.0,1.0,18.45,18.78,18.28,18.75,237349.0
2016-09-20,18.2,18.27,17.96,18.14,181884.0,0.0,1.0,18.2,18.27,17.96,18.14,181884.0
2016-09-19,17.9,18.23,17.54,18.05,153400.0,0.0,1.0,17.9,18.23,17.54,18.05,153400.0
2016-09-16,17.85,18.09,17.52,17.89,530188.0,0.0,1.0,17.85,18.09,17.52,17.89,530188.0
2016-09-15,17.79,18.08,17.53,18.0,157337.0,0.0,1.0,17.79,18.08,17.53,18.0,157337.0
2016-09-14,17.8,18.06,17.62,17.77,187052.0,0.0,1.0,17.8,18.06,17.62,17.77,187052.0
2016-09-13,18.0,18.12,17.675,17.78,278576.0,0.0,1.0,18.0,18.12,17.675,17.78,278576.0
2016-09-12,18.26,18.3419,18.01,18.2,194805.0,0.0,1.0,18.26,18.3419,18.01,18.2,194805.0
2016-09-09,18.73,18.84,18.2,18.34,174379.0,0.0,1.0,18.73,18.84,18.2,18.34,174379.0
2016-09-08,18.73,18.91,18.61,18.87,135093.0,0.0,1.0,18.73,18.91,18.61,18.87,135093.0
2016-09-07,18.27,18.83,18.2,18.8,199088.0,0.0,1.0,18.27,18.83,18.2,18.8,199088.0
2016-09-06,18.22,18.29,18.0,18.28,179033.0,0.0,1.0,18.22,18.29,18.0,18.28,179033.0
2016-09-02,18.15,18.43,17.97,18.23,130890.0,0.0,1.0,18.15,18.43,17.97,18.23,130890.0
2016-09-01,18.22,18.31,17.94,18.11,161895.0,0.0,1.0,18.22,18.31,17.94,18.11,161895.0
2016-08-31,18.24,18.37,17.93,18.14,195458.0,0.0,1.0,18.24,18.37,17.93,18.14,195458.0
2016-08-30,17.97,18.32,17.97,18.25,307553.0,0.0,1.0,17.97,18.32,17.97,18.25,307553.0
2016-08-29,17.82,18.04,17.78,17.96,345055.0,0.0,1.0,17.82,18.04,17.78,17.96,345055.0
2016-08-26,17.98,18.05,17.61,17.7,114907.0,0.0,1.0,17.98,18.05,17.61,17.7,114907.0
2016-08-25,17.8,18.03,17.8,17.88,118421.0,0.0,1.0,17.8,18.03,17.8,17.88,118421.0
2016-08-24,17.93,18.09,17.75,17.87,84670.0,0.0,1.0,17.93,18.09,17.75,17.87,84670.0
2016-08-23,17.86,18.21,17.86,17.91,109781.0,0.0,1.0,17.86,18.21,17.86,17.91,109781.0
2016-08-22,17.78,17.8,17.45,17.8,142809.0,0.0,1.0,17.78,17.8,17.45,17.8,142809.0
2016-08-19,17.66,17.88,17.62,17.81,155817.0,0.0,1.0,17.66,17.88,17.62,17.81,155817.0
2016-08-18,17.81,17.95,17.73,17.83,100970.0,0.0,1.0,17.81,17.95,17.73,17.83,100970.0
2016-08-17,17.95,18.1,17.79,17.83,113420.0,0.0,1.0,17.95,18.1,17.79,17.83,113420.0
2016-08-16,17.9,18.7545,17.8,18.04,242152.0,0.0,1.0,17.9,18.7545,17.8,18.04,242152.0
2016-08-15,18.05,18.06,17.76,17.94,179809.0,0.0,1.0,18.05,18.06,17.76,17.94,179809.0
2016-08-12,17.71,18.12,17.7,17.91,210707.0,0.0,1.0,17.71,18.12,17.7,17.91,210707.0
2016-08-11,17.9,18.08,17.57,17.76,224199.0,0.0,1.0,17.9,18.08,17.57,17.76,224199.0
2016-08-10,19.21,19.35,17.77,17.86,479434.0,0.0,1.0,19.21,19.35,17.77,17.86,479434.0
2016-08-09,18.64,19.28,18.64,19.2,468317.0,0.0,1.0,18.64,19.28,18.64,19.2,468317.0
2016-08-08,18.45,18.66,18.36,18.63,251173.0,0.0,1.0,18.45,18.66,18.36,18.63,251173.0
2016-08-05,18.33,18.49,18.255,18.4,240387.0,0.0,1.0,18.33,18.49,18.255,18.4,240387.0
2016-08-04,18.25,18.49,18.08,18.14,164358.0,0.0,1.0,18.25,18.49,18.08,18.14,164358.0
2016-08-03,17.85,18.33,17.85,18.24,188988.0,0.0,1.0,17.85,18.33,17.85,18.24,188988.0
2016-08-02,18.03,18.16,17.8,17.87,148044.0,0.0,1.0,18.03,18.16,17.8,17.87,148044.0
2016-08-01,18.14,18.35,17.87,18.08,185230.0,0.0,1.0,18.14,18.35,17.87,18.08,185230.0
2016-07-29,18.11,18.37,18.09,18.18,134624.0,0.0,1.0,18.11,18.37,18.09,18.18,134624.0
2016-07-28,18.27,18.38,18.11,18.22,107657.0,0.0,1.0,18.27,18.38,18.11,18.22,107657.0
2016-07-27,18.22,18.401,18.19,18.33,124317.0,0.0,1.0,18.22,18.401,18.19,18.33,124317.0
2016-07-26,18.23,18.43,18.01,18.22,154332.0,0.0,1.0,18.23,18.43,18.01,18.22,154332.0
2016-07-25,18.17,18.33,18.1,18.26,113119.0,0.0,1.0,18.17,18.33,18.1,18.26,113119.0
2016-07-22,18.21,18.32,18.04,18.27,106586.0,0.0,1.0,18.21,18.32,18.04,18.27,106586.0
2016-07-21,18.0,18.37,17.985,18.27,181282.0,0.0,1.0,18.0,18.37,17.985,18.27,181282.0
2016-07-20,18.05,18.17,17.83,18.01,243702.0,0.0,1.0,18.05,18.17,17.83,18.01,243702.0
2016-07-19,18.06,18.2,17.74,18.0,213432.0,0.0,1.0,18.06,18.2,17.74,18.0,213432.0
2016-07-18,17.54,18.11,17.54,18.09,303104.0,0.0,1.0,17.54,18.11,17.54,18.09,303104.0
2016-07-15,17.62,17.68,17.29,17.61,251079.0,0.0,1.0,17.62,17.68,17.29,17.61,251079.0
2016-07-14,17.39,17.73,16.73,17.47,262671.0,0.0,1.0,17.39,17.73,16.73,17.47,262671.0
2016-07-13,17.27,17.57,17.16,17.25,214790.0,0.0,1.0,17.27,17.57,17.16,17.25,214790.0
2016-07-12,16.86,17.24,16.86,17.22,355010.0,0.0,1.0,16.86,17.24,16.86,17.22,355010.0
2016-07-11,16.74,17.05,16.59,16.76,184306.0,0.0,1.0,16.74,17.05,16.59,16.76,184306.0
2016-07-08,16.25,16.75,15.54,16.63,206961.0,0.0,1.0,16.25,16.75,15.54,16.63,206961.0
2016-07-07,15.98,16.25,15.9,16.08,146757.0,0.0,1.0,15.98,16.25,15.9,16.08,146757.0
2016-07-06,15.77,16.15,15.42,16.0,166211.0,0.0,1.0,15.77,16.15,15.42,16.0,166211.0
2016-07-05,16.27,16.29,15.76,15.82,243358.0,0.0,1.0,16.27,16.29,15.76,15.82,243358.0
2016-07-01,16.37,16.65,16.13,16.4,278913.0,0.0,1.0,16.37,16.65,16.13,16.4,278913.0
2016-06-30,15.86,16.46,15.86,16.46,292076.0,0.0,1.0,15.86,16.46,15.86,16.46,292076.0
2016-06-29,15.36,15.95,15.22,15.84,248090.0,0.0,1.0,15.36,15.95,15.22,15.84,248090.0
2016-06-28,15.23,15.32,14.9219,15.07,171060.0,0.0,1.0,15.23,15.32,14.9219,15.07,171060.0
2016-06-27,15.14,15.59,14.76,15.01,311035.0,0.0,1.0,15.14,15.59,14.76,15.01,311035.0
2016-06-24,15.38,15.7699,15.09,15.27,416379.0,0.0,1.0,15.38,15.7699,15.09,15.27,416379.0
2016-06-23,15.91,16.26,15.79,16.14,152433.0,0.0,1.0,15.91,16.26,15.79,16.14,152433.0
2016-06-22,15.71,16.09,15.68,15.7,158012.0,0.0,1.0,15.71,16.09,15.68,15.7,158012.0
2016-06-21,15.92,15.98,15.537,15.64,150068.0,0.0,1.0,15.92,15.98,15.537,15.64,150068.0
2016-06-20,16.61,16.82,15.89,15.92,195473.0,0.0,1.0,16.61,16.82,15.89,15.92,195473.0
2016-06-17,16.02,16.44,15.67,16.43,391571.0,0.0,1.0,16.02,16.44,15.67,16.43,391571.0
2016-06-16,16.0,16.23,15.67,16.03,181450.0,0.0,1.0,16.0,16.23,15.67,16.03,181450.0
2016-06-15,15.71,15.95,15.52,15.75,142805.0,0.0,1.0,15.71,15.95,15.52,15.75,142805.0
2016-06-14,15.98,16.07,15.47,15.65,262374.0,0.0,1.0,15.98,16.07,15.47,15.65,262374.0
2016-06-13,16.4,16.47,15.91,15.99,238722.0,0.0,1.0,16.4,16.47,15.91,15.99,238722.0
2016-06-10,16.75,16.835,16.3,16.44,216945.0,0.0,1.0,16.75,16.835,16.3,16.44,216945.0
2016-06-09,16.84,17.06,16.51,16.98,208048.0,0.0,1.0,16.84,17.06,16.51,16.98,208048.0
2016-06-08,16.91,17.0681,16.74,16.97,215458.0,0.0,1.0,16.91,17.0681,16.74,16.97,215458.0
2016-06-07,16.59,17.015,16.4,16.9,249238.0,0.0,1.0,16.59,17.015,16.4,16.9,249238.0
2016-06-06,16.5,16.75,16.41,16.64,156348.0,0.0,1.0,16.5,16.75,16.41,16.64,156348.0
2016-06-03,16.57,16.755,16.17,16.5,168902.0,0.0,1.0,16.57,16.755,16.17,16.5,168902.0
2016-06-02,16.61,16.7,16.51,16.68,152194.0,0.0,1.0,16.61,16.7,16.51,16.68,152194.0
2016-06-01,16.39,16.74,16.16,16.66,206023.0,0.0,1.0,16.39,16.74,16.16,16.66,206023.0
2016-05-31,16.53,16.735,16.41,16.49,182268.0,0.0,1.0,16.53,16.735,16.41,16.49,182268.0
2016-05-27,16.33,16.685,16.3,16.46,146102.0,0.0,1.0,16.33,16.685,16.3,16.46,146102.0
2016-05-26,16.57,16.57,16.21,16.36,197283.0,0.0,1.0,16.57,16.57,16.21,16.36,197283.0
2016-05-25,16.57,16.77,16.2,16.52,338703.0,0.0,1.0,16.57,16.77,16.2,16.52,338703.0
2016-05-24,16.33,16.66,15.93,16.5,254203.0,0.0,1.0,16.33,16.66,15.93,16.5,254203.0
2016-05-23,16.79,16.88,16.169,16.18,270422.0,0.0,1.0,16.79,16.88,16.169,16.18,270422.0
2016-05-20,16.18,16.54,15.87,16.44,303758.0,0.0,1.0,16.18,16.54,15.87,16.44,303758.0
2016-05-19,15.72,16.06,15.54,16.06,312706.0,0.0,1.0,15.72,16.06,15.54,16.06,312706.0
2016-05-18,15.39,15.96,15.33,15.88,272756.0,0.0,1.0,15.39,15.96,15.33,15.88,272756.0
2016-05-17,15.32,15.59,15.17,15.41,342741.0,0.0,1.0,15.32,15.59,15.17,15.41,342741.0
2016-05-16,15.63,15.9,15.19,15.4,473330.0,0.0,1.0,15.63,15.9,15.19,15.4,473330.0
2016-05-13,15.42,16.04,15.23,15.76,320875.0,0.0,1.0,15.42,16.04,15.23,15.76,320875.0
2016-05-12,15.45,15.61,15.14,15.41,331642.0,0.0,1.0,15.45,15.61,15.14,15.41,331642.0
2016-05-11,16.12,16.12,14.9,15.38,685618.0,0.0,1.0,16.12,16.12,14.9,15.38,685618.0
2016-05-10,15.68,16.03,15.46,16.03,208265.0,0.0,1.0,15.68,16.03,15.46,16.03,208265.0
2016-05-09,15.56,15.67,15.24,15.56,206678.0,0.0,1.0,15.56,15.67,15.24,15.56,206678.0
2016-05-06,15.63,15.81,15.41,15.62,187564.0,0.0,1.0,15.63,15.81,15.41,15.62,187564.0
2016-05-05,15.69,16.06,15.54,15.72,137403.0,0.0,1.0,15.69,16.06,15.54,15.72,137403.0
2016-05-04,15.72,15.89,15.47,15.59,182031.0,0.0,1.0,15.72,15.89,15.47,15.59,182031.0
2016-05-03,16.26,16.44,15.4989,15.8,314666.0,0.0,1.0,16.26,16.44,15.4989,15.8,314666.0
2016-05-02,16.25,16.46,16.1,16.4,177846.0,0.0,1.0,16.25,16.46,16.1,16.4,177846.0
2016-04-29,16.02,16.23,15.8,16.23,209320.0,0.0,1.0,16.02,16.23,15.8,16.23,209320.0
2016-04-28,16.49,16.67,16.07,16.07,134275.0,0.0,1.0,16.49,16.67,16.07,16.07,134275.0
2016-04-27,16.64,16.99,16.48,16.54,194204.0,0.0,1.0,16.64,16.99,16.48,16.54,194204.0
2016-04-26,16.26,16.82,16.13,16.66,193301.0,0.0,1.0,16.26,16.82,16.13,16.66,193301.0
2016-04-25,16.78,16.78,15.81,16.19,399453.0,0.0,1.0,16.78,16.78,15.81,16.19,399453.0
2016-04-22,16.47,17.07,16.47,16.89,193031.0,0.0,1.0,16.47,17.07,16.47,16.89,193031.0
2016-04-21,16.76,17.07,16.47,16.47,421677.0,0.0,1.0,16.76,17.07,16.47,16.47,421677.0
2016-04-20,16.08,16.96,16.08,16.81,261032.0,0.0,1.0,16.08,16.96,16.08,16.81,261032.0
2016-04-19,16.53,16.58,15.93,16.13,371027.0,0.0,1.0,16.53,16.58,15.93,16.13,371027.0
2016-04-18,16.07,16.56,15.94,16.45,243371.0,0.0,1.0,16.07,16.56,15.94,16.45,243371.0
2016-04-15,16.04,16.4215,16.04,16.17,283022.0,0.0,1.0,16.04,16.4215,16.04,16.17,283022.0
2016-04-14,16.11,16.47,16.09,16.16,433230.0,0.0,1.0,16.11,16.47,16.09,16.16,433230.0
2016-04-13,15.87,16.33,15.83,16.18,186566.0,0.0,1.0,15.87,16.33,15.83,16.18,186566.0
2016-04-12,15.29,16.28,15.13,15.86,425258.0,0.0,1.0,15.29,16.28,15.13,15.86,425258.0
2016-04-11,15.23,15.61,15.09,15.15,325175.0,0.0,1.0,15.23,15.61,15.09,15.15,325175.0
2016-04-08,15.06,15.36,14.97,15.15,371317.0,0.0,1.0,15.06,15.36,14.97,15.15,371317.0
2016-04-07,14.67,15.005,14.42,14.57,337355.0,0.0,1.0,14.67,15.005,14.42,14.57,337355.0
2016-04-06,15.46,15.57,14.62,14.85,643968.0,0.0,1.0,15.46,15.57,14.62,14.85,643968.0
2016-04-05,15.82,16.09,15.459,15.52,271341.0,0.0,1.0,15.82,16.09,15.459,15.52,271341.0
2016-04-04,16.68,16.8,16.01,16.02,319030.0,0.0,1.0,16.68,16.8,16.01,16.02,319030.0
2016-04-01,16.24,17.77,16.24,16.77,398829.0,0.0,1.0,16.24,17.77,16.24,16.77,398829.0
2016-03-31,16.04,16.21,15.58,15.8,266359.0,0.0,1.0,16.04,16.21,15.58,15.8,266359.0
2016-03-30,15.72,16.22,15.595,16.07,398477.0,0.0,1.0,15.72,16.22,15.595,16.07,398477.0
2016-03-29,15.66,15.94,15.4,15.68,315026.0,0.0,1.0,15.66,15.94,15.4,15.68,315026.0
2016-03-28,15.82,15.9699,15.61,15.71,259766.0,0.0,1.0,15.82,15.9699,15.61,15.71,259766.0
2016-03-24,15.52,15.9,15.27,15.69,278580.0,0.0,1.0,15.52,15.9,15.27,15.69,278580.0
2016-03-23,16.38,16.63,15.57,15.59,328061.0,0.0,1.0,16.38,16.63,15.57,15.59,328061.0
2016-03-22,16.3,16.65,16.19,16.36,193099.0,0.0,1.0,16.3,16.65,16.19,16.36,193099.0
2016-03-21,17.13,17.32,16.31,16.44,323390.0,0.0,1.0,17.13,17.32,16.31,16.44,323390.0
2016-03-18,16.27,17.16,15.91,17.1,627955.0,0.0,1.0,16.27,17.16,15.91,17.1,627955.0
2016-03-17,16.01,16.29,15.67,16.16,232463.0,0.0,1.0,16.01,16.29,15.67,16.16,232463.0
2016-03-16,15.55,16.03,15.52,15.9,201126.0,0.0,1.0,15.55,16.03,15.52,15.9,201126.0
2016-03-15,15.97,16.07,15.51,15.58,199059.0,0.0,1.0,15.97,16.07,15.51,15.58,199059.0
2016-03-14,16.35,16.409,15.86,16.0,356066.0,0.0,1.0,16.35,16.409,15.86,16.0,356066.0
2016-03-11,16.29,16.84,16.29,16.31,228392.0,0.0,1.0,16.29,16.84,16.29,16.31,228392.0
2016-03-09,16.1,16.46,15.91,16.19,134731.0,0.0,1.0,16.1,16.46,15.91,16.19,134731.0
2016-03-08,16.26,16.36,15.73,16.06,278480.0,0.0,1.0,16.26,16.36,15.73,16.06,278480.0
2016-03-07,16.28,16.76,16.28,16.37,240803.0,0.0,1.0,16.28,16.76,16.28,16.37,240803.0
2016-03-04,16.36,16.6,16.07,16.29,262150.0,0.0,1.0,16.36,16.6,16.07,16.29,262150.0
2016-03-03,15.95,16.89,15.95,16.4,498219.0,0.0,1.0,15.95,16.89,15.95,16.4,498219.0
2016-03-02,15.59,16.16,15.51,16.005,349438.0,0.0,1.0,15.59,16.16,15.51,16.005,349438.0
2016-03-01,15.25,15.65,14.2965,15.55,264953.0,0.0,1.0,15.25,15.65,14.2965,15.55,264953.0
2016-02-29,15.13,15.6,14.821,15.27,248971.0,0.0,1.0,15.13,15.6,14.821,15.27,248971.0
2016-02-26,15.24,15.41,14.68,15.07,236234.0,0.0,1.0,15.24,15.41,14.68,15.07,236234.0
2016-02-25,15.2,15.27,15.05,15.05,213604.0,0.0,1.0,15.2,15.27,15.05,15.05,213604.0
2016-02-24,14.71,15.21,14.375,15.16,212948.0,0.0,1.0,14.71,15.21,14.375,15.16,212948.0
2016-02-23,15.57,15.6225,14.86,14.89,349402.0,0.0,1.0,15.57,15.6225,14.86,14.89,349402.0
2016-02-22,15.21,15.82,15.21,15.52,295719.0,0.0,1.0,15.21,15.82,15.21,15.52,295719.0
2016-02-19,14.4,15.86,14.4,15.21,820279.0,0.0,1.0,14.4,15.86,14.4,15.21,820279.0
2016-02-18,13.94,14.42,13.3,14.32,370918.0,0.0,1.0,13.94,14.42,13.3,14.32,370918.0
2016-02-17,13.75,14.125,13.65,13.96,285105.0,0.0,1.0,13.75,14.125,13.65,13.96,285105.0
2016-02-16,13.48,13.77,13.16,13.62,221895.0,0.0,1.0,13.48,13.77,13.16,13.62,221895.0
2016-02-12,12.74,13.35,12.56,13.35,345840.0,0.0,1.0,12.74,13.35,12.56,13.35,345840.0
2016-02-11,12.18,12.59,12.11,12.57,638877.0,0.0,1.0,12.18,12.59,12.11,12.57,638877.0
2016-02-10,12.85,13.05,12.245,12.43,352295.0,0.0,1.0,12.85,13.05,12.245,12.43,352295.0
2016-02-09,13.16,13.16,12.44,12.81,309960.0,0.0,1.0,13.16,13.16,12.44,12.81,309960.0
2016-02-08,13.54,13.54,13.03,13.43,253049.0,0.0,1.0,13.54,13.54,13.03,13.43,253049.0
2016-02-05,13.59,13.97,13.15,13.74,241985.0,0.0,1.0,13.59,13.97,13.15,13.74,241985.0
2016-02-04,13.52,13.99,13.31,13.58,815575.0,0.0,1.0,13.52,13.99,13.31,13.58,815575.0
2016-02-03,13.42,13.68,12.8,13.59,271715.0,0.0,1.0,13.42,13.68,12.8,13.59,271715.0
2016-02-02,13.61,14.04,13.21,13.39,219555.0,0.0,1.0,13.61,14.04,13.21,13.39,219555.0
2016-02-01,13.89,14.04,13.58,13.89,196972.0,0.0,1.0,13.89,14.04,13.58,13.89,196972.0
2016-01-29,13.51,14.09,13.51,14.04,289167.0,0.0,1.0,13.51,14.09,13.51,14.04,289167.0
2016-01-28,14.18,14.35,13.432,13.55,361472.0,0.0,1.0,14.18,14.35,13.432,13.55,361472.0
2016-01-27,13.83,14.2,13.55,13.9,496426.0,0.0,1.0,13.83,14.2,13.55,13.9,496426.0
2016-01-26,13.79,14.59,13.43,13.79,1198437.0,0.0,1.0,13.79,14.59,13.43,13.79,1198437.0
2016-01-25,12.35,12.42,11.92,11.94,499141.0,0.0,1.0,12.35,12.42,11.92,11.94,499141.0
2016-01-22,12.66,12.87,12.28,12.44,298701.0,0.0,1.0,12.66,12.87,12.28,12.44,298701.0
2016-01-21,12.49,12.93,12.33,12.44,427211.0,0.0,1.0,12.49,12.93,12.33,12.44,427211.0
2016-01-20,12.72,12.75,12.07,12.49,597313.0,0.0,1.0,12.72,12.75,12.07,12.49,597313.0
2016-01-19,13.24,13.39,12.42,12.9,933831.0,0.0,1.0,13.24,13.39,12.42,12.9,933831.0
2016-01-15,12.45,13.2,12.32,13.19,567502.0,0.0,1.0,12.45,13.2,12.32,13.19,567502.0
2016-01-14,12.5,12.88,12.13,12.81,308489.0,0.0,1.0,12.5,12.88,12.13,12.81,308489.0
2016-01-13,12.71,13.01,12.14,12.42,438199.0,0.0,1.0,12.71,13.01,12.14,12.42,438199.0
2016-01-12,13.04,13.26,12.54,12.68,273388.0,0.0,1.0,13.04,13.26,12.54,12.68,273388.0
2016-01-11,12.88,12.98,12.56,12.89,281565.0,0.0,1.0,12.88,12.98,12.56,12.89,281565.0
2016-01-08,12.82,12.91,12.19,12.61,360397.0,0.0,1.0,12.82,12.91,12.19,12.61,360397.0
2016-01-07,13.46,13.54,12.82,12.83,332038.0,0.0,1.0,13.46,13.54,12.82,12.83,332038.0
2016-01-06,13.65,13.91,13.52,13.66,213319.0,0.0,1.0,13.65,13.91,13.52,13.66,213319.0
2016-01-05,13.75,13.95,13.62,13.78,152186.0,0.0,1.0,13.75,13.95,13.62,13.78,152186.0
2016-01-04,14.05,14.11,13.61,13.78,273854.0,0.0,1.0,14.05,14.11,13.61,13.78,273854.0
2015-12-31,14.17,14.32,13.76,14.09,485136.0,0.0,1.0,14.17,14.32,13.76,14.09,485136.0
2015-12-30,15.12,15.19,14.21,14.24,288595.0,0.0,1.0,15.12,15.19,14.21,14.24,288595.0
2015-12-29,14.76,15.03,14.68,14.97,364578.0,0.0,1.0,14.76,15.03,14.68,14.97,364578.0
2015-12-28,15.57,15.57,14.56,14.6,321437.0,0.0,1.0,15.57,15.57,14.56,14.6,321437.0
2015-12-24,15.43,15.82,15.37,15.68,134768.0,0.0,1.0,15.43,15.82,15.37,15.68,134768.0
2015-12-23,15.08,15.45,14.98,15.35,221407.0,0.0,1.0,15.08,15.45,14.98,15.35,221407.0
2015-12-22,14.45,14.99,14.42,14.95,255847.0,0.0,1.0,14.45,14.99,14.42,14.95,255847.0
2015-12-21,14.38,14.57,14.0,14.47,264413.0,0.0,1.0,14.38,14.57,14.0,14.47,264413.0
2015-12-18,13.86,14.85,13.62,14.39,582424.0,0.0,1.0,13.86,14.85,13.62,14.39,582424.0
2015-12-17,14.16,14.22,13.81,13.86,310839.0,0.0,1.0,14.16,14.22,13.81,13.86,310839.0
2015-12-16,13.62,14.28,13.61,14.08,445835.0,0.0,1.0,13.62,14.28,13.61,14.08,445835.0
2015-12-15,12.84,13.25,12.82,13.21,238166.0,0.0,1.0,12.84,13.25,12.82,13.21,238166.0
2015-12-14,13.85,13.85,12.72,12.84,453655.0,0.0,1.0,13.85,13.85,12.72,12.84,453655.0
2015-12-11,13.63,13.93,13.5,13.84,375987.0,0.0,1.0,13.63,13.93,13.5,13.84,375987.0
2015-12-10,13.88,14.02,13.67,13.85,307701.0,0.0,1.0,13.88,14.02,13.67,13.85,307701.0
2015-12-09,14.1,14.28,13.69,13.91,294973.0,0.0,1.0,14.1,14.28,13.69,13.91,294973.0
2015-12-08,14.04,14.28,13.9,14.14,274254.0,0.0,1.0,14.04,14.28,13.9,14.14,274254.0
2015-12-07,14.73,14.88,14.1,14.2,301725.0,0.0,1.0,14.73,14.88,14.1,14.2,301725.0
2015-12-04,15.07,15.31,14.86,14.86,307831.0,0.0,1.0,15.07,15.31,14.86,14.86,307831.0
2015-12-03,15.5,15.58,15.01,15.15,317893.0,0.0,1.0,15.5,15.58,15.01,15.15,317893.0
2015-12-02,16.31,16.39,15.45,15.46,231496.0,0.0,1.0,16.31,16.39,15.45,15.46,231496.0
2015-12-01,16.96,17.15,16.11,16.35,392981.0,0.0,1.0,16.96,17.15,16.11,16.35,392981.0
2015-11-30,16.18,16.92,16.1,16.88,423339.0,0.0,1.0,16.18,16.92,16.1,16.88,423339.0
2015-11-27,16.76,16.76,15.89,16.16,128520.0,0.0,1.0,16.76,16.76,15.89,16.16,128520.0
2015-11-25,16.3,16.87,16.12,16.87,307084.0,0.0,1.0,16.3,16.87,16.12,16.87,307084.0
2015-11-24,15.31,16.24,15.31,16.2,470003.0,0.0,1.0,15.31,16.24,15.31,16.2,470003.0
2015-11-23,14.99,15.72,14.96,15.43,498655.0,0.0,1.0,14.99,15.72,14.96,15.43,498655.0
2015-11-20,15.22,15.39,14.98,14.99,198542.0,0.0,1.0,15.22,15.39,14.98,14.99,198542.0
2015-11-19,15.15,15.36,14.99,15.2,310417.0,0.0,1.0,15.15,15.36,14.99,15.2,310417.0
2015-11-18,14.9,15.2,14.55,15.13,265506.0,0.0,1.0,14.9,15.2,14.55,15.13,265506.0
2015-11-17,15.09,15.13,14.56,14.79,303040.0,0.0,1.0,15.09,15.13,14.56,14.79,303040.0
2015-11-16,15.2,15.26,14.75,15.15,234692.0,0.0,1.0,15.2,15.26,14.75,15.15,234692.0
2015-11-13,14.92,15.2,14.74,15.15,404637.0,0.0,1.0,14.92,15.2,14.74,15.15,404637.0
2015-11-12,15.87,15.885,14.8,14.88,729329.0,0.0,1.0,15.87,15.885,14.8,14.88,729329.0
2015-11-11,16.01,16.1,15.84,16.0,209395.0,0.0,1.0,16.01,16.1,15.84,16.0,209395.0
2015-11-10,17.39,17.39,15.06,16.01,684253.0,0.0,1.0,17.39,17.39,15.06,16.01,684253.0
2015-11-09,17.13,17.3,16.565,16.84,271354.0,0.0,1.0,17.13,17.3,16.565,16.84,271354.0
2015-11-06,16.79,17.31,16.62,17.07,286800.0,0.0,1.0,16.79,17.31,16.62,17.07,286800.0
2015-11-05,16.37,16.99,16.37,16.75,297104.0,0.0,1.0,16.37,16.99,16.37,16.75,297104.0
2015-11-04,16.42,16.64,16.2,16.4,202213.0,0.0,1.0,16.42,16.64,16.2,16.4,202213.0
2015-11-03,16.38,16.55,16.2,16.37,210539.0,0.0,1.0,16.38,16.55,16.2,16.37,210539.0
2015-11-02,16.13,16.39,16.11,16.31,187260.0,0.0,1.0,16.13,16.39,16.11,16.31,187260.0
2015-10-30,16.41,16.736,16.01,16.15,165454.0,0.0,1.0,16.41,16.736,16.01,16.15,165454.0
2015-10-29,16.51,16.778,16.115,16.44,193804.0,0.0,1.0,16.51,16.778,16.115,16.44,193804.0
2015-10-28,15.86,16.775,15.6291,16.51,628644.0,0.0,1.0,15.86,16.775,15.6291,16.51,628644.0
2015-10-27,15.13,15.83,14.98,15.79,590889.0,0.0,1.0,15.13,15.83,14.98,15.79,590889.0
2015-10-26,15.12,15.51,15.12,15.25,240750.0,0.0,1.0,15.12,15.51,15.12,15.25,240750.0
2015-10-23,15.21,15.25,14.83,15.09,399343.0,0.0,1.0,15.21,15.25,14.83,15.09,399343.0
2015-10-22,15.8,16.18,15.04,15.13,333968.0,0.0,1.0,15.8,16.18,15.04,15.13,333968.0
2015-10-21,16.33,16.79,15.77,15.8,183301.0,0.0,1.0,16.33,16.79,15.77,15.8,183301.0
2015-10-20,16.13,16.46,16.03,16.43,262954.0,0.0,1.0,16.13,16.46,16.03,16.43,262954.0
2015-10-19,15.88,16.21,15.88,16.09,151113.0,0.0,1.0,15.88,16.21,15.88,16.09,151113.0
2015-10-16,16.13,16.13,15.75,16.0,136400.0,0.0,1.0,16.13,16.13,15.75,16.0,136400.0
2015-10-15,16.2,16.39,15.67,16.1,261537.0,0.0,1.0,16.2,16.39,15.67,16.1,261537.0
2015-10-14,15.68,16.055,15.61,15.95,146803.0,0.0,1.0,15.68,16.055,15.61,15.95,146803.0
2015-10-13,15.68,16.08,15.6,15.73,159209.0,0.0,1.0,15.68,16.08,15.6,15.73,159209.0
2015-10-12,16.14,16.18,15.555,15.78,214250.0,0.0,1.0,16.14,16.18,15.555,15.78,214250.0
2015-10-09,16.2,16.29,16.03,16.14,281356.0,0.0,1.0,16.2,16.29,16.03,16.14,281356.0
2015-10-08,16.02,16.25,15.8,16.11,470356.0,0.0,1.0,16.02,16.25,15.8,16.11,470356.0
2015-10-07,15.74,16.33,15.62,16.12,272102.0,0.0,1.0,15.74,16.33,15.62,16.12,272102.0
2015-10-06,15.29,15.79,15.29,15.61,196242.0,0.0,1.0,15.29,15.79,15.29,15.61,196242.0
2015-10-05,14.49,15.625,14.49,15.3,279888.0,0.0,1.0,14.49,15.625,14.49,15.3,279888.0
2015-10-02,14.21,14.44,14.05,14.43,214631.0,0.0,1.0,14.21,14.44,14.05,14.43,214631.0
2015-10-01,14.58,14.67,14.05,14.35,232627.0,0.0,1.0,14.58,14.67,14.05,14.35,232627.0
2015-09-30,14.6,14.6,14.22,14.47,290770.0,0.0,1.0,14.6,14.6,14.22,14.47,290770.0
2015-09-29,14.42,14.49,14.24,14.44,185840.0,0.0,1.0,14.42,14.49,14.24,14.44,185840.0
2015-09-28,14.94,14.94,14.24,14.36,308589.0,0.0,1.0,14.94,14.94,14.24,14.36,308589.0
2015-09-25,15.25,15.28,14.76,15.02,317315.0,0.0,1.0,15.25,15.28,14.76,15.02,317315.0
2015-09-24,14.5,15.22,14.5,15.04,374465.0,0.0,1.0,14.5,15.22,14.5,15.04,374465.0
2015-09-23,14.76,14.97,14.525,14.64,356466.0,0.0,1.0,14.76,14.97,14.525,14.64,356466.0
2015-09-22,14.65,14.88,14.5,14.76,417137.0,0.0,1.0,14.65,14.88,14.5,14.76,417137.0
2015-09-21,15.1,15.23,14.8,14.86,268794.0,0.0,1.0,15.1,15.23,14.8,14.86,268794.0
2015-09-18,14.98,15.07,14.63,14.96,422036.0,0.0,1.0,14.98,15.07,14.63,14.96,422036.0
2015-09-17,15.05,15.38,14.91,15.13,451785.0,0.0,1.0,15.05,15.38,14.91,15.13,451785.0
2015-09-16,15.17,15.47,15.02,15.15,233060.0,0.0,1.0,15.17,15.47,15.02,15.15,233060.0
2015-09-15,15.26,15.8,15.22,15.28,260425.0,0.0,1.0,15.26,15.8,15.22,15.28,260425.0
2015-09-14,15.72,15.9,15.26,15.29,308126.0,0.0,1.0,15.72,15.9,15.26,15.29,308126.0
2015-09-11,16.29,16.5,15.5,15.66,579936.0,0.0,1.0,16.29,16.5,15.5,15.66,579936.0
2015-09-10,16.1,16.83,15.99,16.48,432797.0,0.0,1.0,16.1,16.83,15.99,16.48,432797.0
2015-09-09,16.41,16.57,16.01,16.02,438391.0,0.0,1.0,16.41,16.57,16.01,16.02,438391.0
2015-09-08,16.48,16.62,16.21,16.32,324553.0,0.0,1.0,16.48,16.62,16.21,16.32,324553.0
2015-09-04,16.31,16.45,16.1,16.2,189982.0,0.0,1.0,16.31,16.45,16.1,16.2,189982.0
2015-09-03,16.85,17.03,16.3,16.59,232968.0,0.0,1.0,16.85,17.03,16.3,16.59,232968.0
2015-09-02,16.25,17.3,16.03,16.74,459366.0,0.0,1.0,16.25,17.3,16.03,16.74,459366.0
2015-09-01,15.87,16.25,15.36,15.94,325657.0,0.0,1.0,15.87,16.25,15.36,15.94,325657.0
2015-08-31,15.66,16.35,15.13,16.25,333490.0,0.0,1.0,15.66,16.35,15.13,16.25,333490.0
2015-08-28,15.83,16.14,15.4003,15.61,304111.0,0.0,1.0,15.83,16.14,15.4003,15.61,304111.0
2015-08-27,15.51,16.22,15.11,15.97,321024.0,0.0,1.0,15.51,16.22,15.11,15.97,321024.0
2015-08-26,15.58,15.71,15.01,15.56,395478.0,0.0,1.0,15.58,15.71,15.01,15.56,395478.0
2015-08-25,15.65,15.7,15.15,15.3,277274.0,0.0,1.0,15.65,15.7,15.15,15.3,277274.0
2015-08-24,15.22,15.53,14.35,15.26,399959.0,0.0,1.0,15.22,15.53,14.35,15.26,399959.0
2015-08-21,15.56,15.9,15.42,15.6,367275.0,0.0,1.0,15.56,15.9,15.42,15.6,367275.0
2015-08-20,15.76,16.07,15.66,15.77,285295.0,0.0,1.0,15.76,16.07,15.66,15.77,285295.0
2015-08-19,16.83,16.83,15.71,15.96,405131.0,0.0,1.0,16.83,16.83,15.71,15.96,405131.0
2015-08-18,16.63,16.95,16.26,16.94,482528.0,0.0,1.0,16.63,16.95,16.26,16.94,482528.0
2015-08-17,16.68,17.17,16.4,16.63,299672.0,0.0,1.0,16.68,17.17,16.4,16.63,299672.0
2015-08-14,16.59,16.89,16.48,16.8,293049.0,0.0,1.0,16.59,16.89,16.48,16.8,293049.0
2015-08-13,17.15,17.31,16.39,16.67,294560.0,0.0,1.0,17.15,17.31,16.39,16.67,294560.0
2015-08-12,16.98,17.32,16.96,17.17,732747.0,0.0,1.0,16.98,17.32,16.96,17.17,732747.0
2015-08-11,16.59,18.09,16.43,17.15,1376801.0,0.0,1.0,16.59,18.09,16.43,17.15,1376801.0
2015-08-10,15.05,15.58,14.86,15.5,660719.0,0.0,1.0,15.05,15.58,14.86,15.5,660719.0
2015-08-07,15.35,15.75,14.89,14.99,305541.0,0.0,1.0,15.35,15.75,14.89,14.99,305541.0
2015-08-06,15.35,15.56,15.14,15.5,263702.0,0.0,1.0,15.35,15.56,15.14,15.5,263702.0
2015-08-05,15.31,15.65,15.11,15.3,296658.0,0.0,1.0,15.31,15.65,15.11,15.3,296658.0
2015-08-04,15.55,15.695,15.07,15.31,410506.0,0.0,1.0,15.55,15.695,15.07,15.31,410506.0
2015-08-03,16.07,16.19,15.29,15.5,345251.0,0.0,1.0,16.07,16.19,15.29,15.5,345251.0
2015-07-31,16.38,16.49,15.91,16.04,389517.0,0.0,1.0,16.38,16.49,15.91,16.04,389517.0
2015-07-30,16.5,16.82,16.29,16.31,292492.0,0.0,1.0,16.5,16.82,16.29,16.31,292492.0
2015-07-29,16.56,17.29,16.56,16.72,344890.0,0.0,1.0,16.56,17.29,16.56,16.72,344890.0
2015-07-28,16.58,16.97,16.42,16.62,332488.0,0.0,1.0,16.58,16.97,16.42,16.62,332488.0
2015-07-27,16.61,16.89,16.37,16.48,340391.0,0.0,1.0,16.61,16.89,16.37,16.48,340391.0
2015-07-24,17.01,17.01,16.42,16.65,345555.0,0.0,1.0,17.01,17.01,16.42,16.65,345555.0
2015-07-23,16.77,17.02,16.64,16.94,498971.0,0.0,1.0,16.77,17.02,16.64,16.94,498971.0
2015-07-22,17.07,17.18,16.72,16.86,454181.0,0.0,1.0,17.07,17.18,16.72,16.86,454181.0
2015-07-21,17.04,17.3494,16.95,17.04,327352.0,0.0,1.0,17.04,17.3494,16.95,17.04,327352.0
2015-07-20,17.79,17.79,16.96,17.08,274341.0,0.0,1.0,17.79,17.79,16.96,17.08,274341.0
2015-07-17,18.24,18.28,17.75,17.82,394277.0,0.0,1.0,18.24,18.28,17.75,17.82,394277.0
2015-07-16,19.05,19.17,19.17,18.16,397707.0,0.0,1.0,19.05,19.17,19.17,18.16,397707.0
2015-07-15,18.75,19.05,18.58,18.89,249095.0,0.0,1.0,18.75,19.05,18.58,18.89,249095.0
2015-07-14,18.68,18.81,18.37,18.67,653876.0,0.0,1.0,18.68,18.81,18.37,18.67,653876.0
2015-07-10,18.35,18.85,18.15,18.52,368787.0,0.0,1.0,18.35,18.85,18.15,18.52,368787.0
2015-07-09,18.1,18.69,17.95,17.99,824054.0,0.0,1.0,18.1,18.69,17.95,17.99,824054.0
2015-07-08,17.04,18.04,17.04,17.97,838906.0,0.0,1.0,17.04,18.04,17.04,17.97,838906.0
2015-07-07,16.99,17.26,16.55,16.99,684809.0,0.0,1.0,16.99,17.26,16.55,16.99,684809.0
2015-07-06,16.47,17.21,15.74,16.88,893981.0,0.0,1.0,16.47,17.21,15.74,16.88,893981.0
2015-07-02,16.38,17.84,15.85,16.77,1384280.0,0.0,1.0,16.38,17.84,15.85,16.77,1384280.0
2015-07-01,17.03,17.63,15.862,15.91,1375330.0,0.0,1.0,17.03,17.63,15.862,15.91,1375330.0
2015-06-30,19.86,19.98,16.44,16.64,4381940.0,0.0,1.0,19.86,19.98,16.44,16.64,4381940.0
2015-06-29,21.84,21.84,19.48,19.72,1570034.0,0.0,1.0,21.84,21.84,19.48,19.72,1570034.0
2015-06-26,22.36,22.52,22.04,22.38,597897.0,0.0,1.0,22.36,22.52,22.04,22.38,597897.0
2015-06-25,23.35,23.35,22.25,22.28,266472.0,0.0,1.0,23.35,23.35,22.25,22.28,266472.0
2015-06-24,23.93,24.02,23.17,23.27,176083.0,0.0,1.0,23.93,24.02,23.17,23.27,176083.0
2015-06-23,23.71,23.93,23.61,23.89,179033.0,0.0,1.0,23.71,23.93,23.61,23.89,179033.0
2015-06-22,23.18,23.87,22.99,23.77,229538.0,0.0,1.0,23.18,23.87,22.99,23.77,229538.0
2015-06-19,22.68,23.18,22.68,23.1,256691.0,0.0,1.0,22.68,23.18,22.68,23.1,256691.0
2015-06-18,22.28,22.92,22.26,22.87,238255.0,0.0,1.0,22.28,22.92,22.26,22.87,238255.0
2015-06-17,22.26,22.57,22.146,22.26,140959.0,0.0,1.0,22.26,22.57,22.146,22.26,140959.0
2015-06-16,22.13,22.56,22.0,22.17,210555.0,0.0,1.0,22.13,22.56,22.0,22.17,210555.0
2015-06-15,22.34,22.44,21.83,22.24,227912.0,0.0,1.0,22.34,22.44,21.83,22.24,227912.0
2015-06-12,23.26,23.26,22.44,22.45,287067.0,0.0,1.0,23.26,23.26,22.44,22.45,287067.0
2015-06-11,23.03,23.38,22.95,23.38,182833.0,0.0,1.0,23.03,23.38,22.95,23.38,182833.0
2015-06-10,23.17,23.69,22.93,22.97,233950.0,0.0,1.0,23.17,23.69,22.93,22.97,233950.0
2015-06-09,23.37,23.37,22.92,23.05,201450.0,0.0,1.0,23.37,23.37,22.92,23.05,201450.0
2015-06-08,23.84,23.84,23.27,23.31,247827.0,0.0,1.0,23.84,23.84,23.27,23.31,247827.0
2015-06-05,23.61,23.86,23.39,23.84,187296.0,0.0,1.0,23.61,23.86,23.39,23.84,187296.0
2015-06-04,23.62,23.8,23.34,23.69,202912.0,0.0,1.0,23.62,23.8,23.34,23.69,202912.0
2015-06-03,23.7,23.94,23.505,23.83,149087.0,0.0,1.0,23.7,23.94,23.505,23.83,149087.0
2015-06-02,23.53,23.69,23.392,23.59,222713.0,0.0,1.0,23.53,23.69,23.392,23.59,222713.0
2015-06-01,23.57,24.18,23.32,23.72,307346.0,0.0,1.0,23.57,24.18,23.32,23.72,307346.0
2015-05-29,23.74,23.74,23.3,23.38,241583.0,0.0,1.0,23.74,23.74,23.3,23.38,241583.0
2015-05-28,23.77,23.95,23.48,23.84,198350.0,0.0,1.0,23.77,23.95,23.48,23.84,198350.0
2015-05-27,23.61,23.848,23.37,23.78,194879.0,0.0,1.0,23.61,23.848,23.37,23.78,194879.0
2015-05-26,23.59,23.67,23.12,23.51,283023.0,0.0,1.0,23.59,23.67,23.12,23.51,283023.0
2015-05-22,23.82,23.966,23.48,23.72,190035.0,0.0,1.0,23.82,23.966,23.48,23.72,190035.0
2015-05-21,23.91,24.12,23.61,23.65,155125.0,0.0,1.0,23.91,24.12,23.61,23.65,155125.0
2015-05-20,24.79,24.965,23.96,23.97,261042.0,0.0,1.0,24.79,24.965,23.96,23.97,261042.0
2015-05-19,25.29,25.4,24.53,24.76,376290.0,0.0,1.0,25.29,25.4,24.53,24.76,376290.0
2015-05-18,25.34,25.59,25.05,25.26,392257.0,0.0,1.0,25.34,25.59,25.05,25.26,392257.0
2015-05-15,24.24,25.33,24.24,25.32,600274.0,0.0,1.0,24.24,25.33,24.24,25.32,600274.0
2015-05-14,24.35,24.58,24.14,24.32,315967.0,0.0,1.0,24.35,24.58,24.14,24.32,315967.0
2015-05-13,24.3,24.73,24.1999,24.37,426417.0,0.0,1.0,24.3,24.73,24.1999,24.37,426417.0
2015-05-12,22.77,24.33,22.53,24.2,696051.0,0.0,1.0,22.77,24.33,22.53,24.2,696051.0
2015-05-11,22.69,23.04,22.635,22.75,713853.0,0.0,1.0,22.69,23.04,22.635,22.75,713853.0
2015-05-08,22.69,22.915,22.49,22.735,371997.0,0.0,1.0,22.69,22.915,22.49,22.735,371997.0
2015-05-07,22.35,23.0,22.338,22.55,363958.0,0.0,1.0,22.35,23.0,22.338,22.55,363958.0
2015-05-06,22.11,22.69,22.0,22.45,499325.0,0.0,1.0,22.11,22.69,22.0,22.45,499325.0
2015-05-05,22.8,23.45,21.91,21.94,465533.0,0.0,1.0,22.8,23.45,21.91,21.94,465533.0
2015-05-04,23.15,23.515,22.87,22.9,258618.0,0.0,1.0,23.15,23.515,22.87,22.9,258618.0
2015-05-01,23.03,23.32,22.89,23.08,350861.0,0.0,1.0,23.03,23.32,22.89,23.08,350861.0
2015-04-30,23.75,24.01,22.8,23.01,700491.0,0.0,1.0,23.75,24.01,22.8,23.01,700491.0
2015-04-29,23.79,24.29,23.748,23.93,299215.0,0.0,1.0,23.79,24.29,23.748,23.93,299215.0
2015-04-28,23.96,24.13,23.632,23.91,366914.0,0.0,1.0,23.96,24.13,23.632,23.91,366914.0
2015-04-27,24.0,24.28,23.67,23.9,609221.0,0.0,1.0,24.0,24.28,23.67,23.9,609221.0
2015-04-24,23.79,24.085,23.65,23.9,215026.0,0.0,1.0,23.79,24.085,23.65,23.9,215026.0
2015-04-23,23.88,24.24,23.74,23.84,194585.0,0.0,1.0,23.88,24.24,23.74,23.84,194585.0
2015-04-22,23.85,24.03,23.4,24.0,399275.0,0.0,1.0,23.85,24.03,23.4,24.0,399275.0
2015-04-21,24.51,24.51,23.84,23.85,187691.0,0.0,1.0,24.51,24.51,23.84,23.85,187691.0
2015-04-20,24.71,24.71,24.255,24.36,220224.0,0.0,1.0,24.71,24.71,24.255,24.36,220224.0
2015-04-17,24.61,24.86,24.2,24.65,362760.0,0.0,1.0,24.61,24.86,24.2,24.65,362760.0
2015-04-16,24.77,24.9,24.46,24.8,225311.0,0.0,1.0,24.77,24.9,24.46,24.8,225311.0
2015-04-15,25.21,25.25,24.84,24.86,265454.0,0.0,1.0,25.21,25.25,24.84,24.86,265454.0
2015-04-14,25.03,25.17,24.58,25.01,178326.0,0.0,1.0,25.03,25.17,24.58,25.01,178326.0
2015-04-13,25.43,25.43,24.97,25.0,107851.0,0.0,1.0,25.43,25.43,24.97,25.0,107851.0
2015-04-10,25.44,25.75,25.14,25.51,153216.0,0.0,1.0,25.44,25.75,25.14,25.51,153216.0
2015-04-09,25.1,25.34,24.6,25.22,223075.0,0.0,1.0,25.1,25.34,24.6,25.22,223075.0
2015-04-08,25.33,25.59,24.86,25.13,247972.0,0.0,1.0,25.33,25.59,24.86,25.13,247972.0
2015-04-07,25.48,25.91,25.25,25.27,177434.0,0.0,1.0,25.48,25.91,25.25,25.27,177434.0
2015-04-06,25.26,25.91,25.26,25.54,134739.0,0.0,1.0,25.26,25.91,25.26,25.54,134739.0
2015-04-02,25.39,25.62,25.2,25.38,259475.0,0.0,1.0,25.39,25.62,25.2,25.38,259475.0
2015-04-01,24.22,25.42,24.165,25.3,433401.0,0.0,1.0,24.22,25.42,24.165,25.3,433401.0
2015-03-31,24.45,24.96,24.17,24.2,404883.0,0.0,1.0,24.45,24.96,24.17,24.2,404883.0
2015-03-30,24.51,24.96,24.47,24.55,181037.0,0.0,1.0,24.51,24.96,24.47,24.55,181037.0
2015-03-27,24.9,25.05,24.36,24.39,198102.0,0.0,1.0,24.9,25.05,24.36,24.39,198102.0
2015-03-26,24.84,25.31,24.76,24.85,207124.0,0.0,1.0,24.84,25.31,24.76,24.85,207124.0
2015-03-25,26.18,26.18,24.77,24.92,259716.0,0.0,1.0,26.18,26.18,24.77,24.92,259716.0
2015-03-24,26.32,26.32,25.912,26.09,135198.0,0.0,1.0,26.32,26.32,25.912,26.09,135198.0
2015-03-23,26.0,26.56,26.0,26.22,229579.0,0.0,1.0,26.0,26.56,26.0,26.22,229579.0
2015-03-20,25.95,26.56,25.83,26.0,564563.0,0.0,1.0,25.95,26.56,25.83,26.0,564563.0
2015-03-19,25.67,26.47,25.67,25.81,396454.0,0.0,1.0,25.67,26.47,25.67,25.81,396454.0
2015-03-18,25.18,26.03,25.0805,25.81,360601.0,0.0,1.0,25.18,26.03,25.0805,25.81,360601.0
2015-03-17,24.88,25.41,24.86,25.27,286260.0,0.0,1.0,24.88,25.41,24.86,25.27,286260.0
2015-03-16,25.04,25.45,24.91,24.94,195520.0,0.0,1.0,25.04,25.45,24.91,24.94,195520.0
2015-03-13,25.11,25.38,24.75,24.87,154100.0,0.0,1.0,25.11,25.38,24.75,24.87,154100.0
2015-03-12,24.68,25.3,24.53,25.11,198978.0,0.0,1.0,24.68,25.3,24.53,25.11,198978.0
2015-03-11,24.21,24.47,24.01,24.44,239895.0,0.0,1.0,24.21,24.47,24.01,24.44,239895.0
2015-03-10,24.53,24.94,24.09,24.09,269051.0,0.0,1.0,24.53,24.94,24.09,24.09,269051.0
2015-03-09,24.92,25.25,24.67,24.69,204529.0,0.0,1.0,24.92,25.25,24.67,24.69,204529.0
2015-03-06,24.71,25.46,24.71,24.94,194028.0,0.0,1.0,24.71,25.46,24.71,24.94,194028.0
2015-03-05,24.63,25.06,24.29,25.01,215262.0,0.0,1.0,24.63,25.06,24.29,25.01,215262.0
2015-03-04,24.49,24.7,24.24,24.66,189536.0,0.0,1.0,24.49,24.7,24.24,24.66,189536.0
2015-03-03,24.78,25.15,24.25,24.66,330785.0,0.0,1.0,24.78,25.15,24.25,24.66,330785.0
2015-03-02,25.66,26.1985,24.65,24.93,489855.0,0.0,1.0,25.66,26.1985,24.65,24.93,489855.0
2015-02-27,25.19,25.31,24.88,24.89,123438.0,0.0,1.0,25.19,25.31,24.88,24.89,123438.0
2015-02-26,25.04,25.24,24.79,25.22,200150.0,0.0,1.0,25.04,25.24,24.79,25.22,200150.0
2015-02-25,25.59,25.76,25.025,25.12,155415.0,0.0,1.0,25.59,25.76,25.025,25.12,155415.0
2015-02-24,25.36,25.9,25.36,25.69,119672.0,0.0,1.0,25.36,25.9,25.36,25.69,119672.0
2015-02-23,25.28,25.54,24.8,25.35,203842.0,0.0,1.0,25.28,25.54,24.8,25.35,203842.0
2015-02-20,25.72,25.8,25.14,25.42,201353.0,0.0,1.0,25.72,25.8,25.14,25.42,201353.0
2015-02-19,25.63,25.87,25.36,25.68,95704.0,0.0,1.0,25.63,25.87,25.36,25.68,95704.0
2015-02-18,25.16,25.65,25.16,25.58,181096.0,0.0,1.0,25.16,25.65,25.16,25.58,181096.0
2015-02-17,25.62,25.73,25.16,25.27,155840.0,0.0,1.0,25.62,25.73,25.16,25.27,155840.0
2015-02-13,25.65,25.93,25.47,25.68,137198.0,0.0,1.0,25.65,25.93,25.47,25.68,137198.0
2015-02-12,25.74,26.06,25.43,25.72,119725.0,0.0,1.0,25.74,26.06,25.43,25.72,119725.0
2015-02-11,25.11,25.63,25.0,25.52,127798.0,0.0,1.0,25.11,25.63,25.0,25.52,127798.0
2015-02-10,25.64,25.64,24.96,25.2,143118.0,0.0,1.0,25.64,25.64,24.96,25.2,143118.0
2015-02-09,25.68,26.05,25.51,25.53,138785.0,0.0,1.0,25.68,26.05,25.51,25.53,138785.0
2015-02-06,25.88,26.18,25.75,25.85,133314.0,0.0,1.0,25.88,26.18,25.75,25.85,133314.0
2015-02-05,25.59,25.99,25.2,25.76,106380.0,0.0,1.0,25.59,25.99,25.2,25.76,106380.0
2015-02-04,25.7,25.93,25.44,25.49,96925.0,0.0,1.0,25.7,25.93,25.44,25.49,96925.0
2015-02-03,25.74,26.39,25.59,25.77,196555.0,0.0,1.0,25.74,26.39,25.59,25.77,196555.0
2015-02-02,24.55,25.66,24.17,25.63,293394.0,0.0,1.0,24.55,25.66,24.17,25.63,293394.0
2015-01-30,25.08,25.28,24.39,24.45,330122.0,0.0,1.0,25.08,25.28,24.39,24.45,330122.0
2015-01-29,25.01,25.53,24.7,25.32,238271.0,0.0,1.0,25.01,25.53,24.7,25.32,238271.0
2015-01-28,26.09,26.1,24.935,24.99,274758.0,0.0,1.0,26.09,26.1,24.935,24.99,274758.0
2015-01-27,26.27,26.38,25.87,25.9,228782.0,0.0,1.0,26.27,26.38,25.87,25.9,228782.0
2015-01-26,26.72,27.11,26.45,26.62,161805.0,0.0,1.0,26.72,27.11,26.45,26.62,161805.0
2015-01-23,27.53,27.53,26.6,26.87,313103.0,0.0,1.0,27.53,27.53,26.6,26.87,313103.0
2015-01-22,27.22,27.5,26.76,27.49,401973.0,0.0,1.0,27.22,27.5,26.76,27.49,401973.0
2015-01-21,26.69,27.18,26.59,26.96,420986.0,0.0,1.0,26.69,27.18,26.59,26.96,420986.0
2015-01-20,26.78,27.34,26.48,26.7,416041.0,0.0,1.0,26.78,27.34,26.48,26.7,416041.0
2015-01-16,25.57,27.32,25.54,26.63,684496.0,0.0,1.0,25.57,27.32,25.54,26.63,684496.0
2015-01-15,25.69,26.04,25.05,25.61,351162.0,0.0,1.0,25.69,26.04,25.05,25.61,351162.0
2015-01-14,25.7,26.07,25.368,25.69,245953.0,0.0,1.0,25.7,26.07,25.368,25.69,245953.0
2015-01-13,26.09,26.94,25.72,26.12,367226.0,0.0,1.0,26.09,26.94,25.72,26.12,367226.0
2015-01-12,25.88,26.12,25.33,25.96,354955.0,0.0,1.0,25.88,26.12,25.33,25.96,354955.0
2015-01-09,26.16,26.24,25.777,25.96,272107.0,0.0,1.0,26.16,26.24,25.777,25.96,272107.0
2015-01-08,25.53,26.275,25.4,26.1,437297.0,0.0,1.0,25.53,26.275,25.4,26.1,437297.0
2015-01-07,24.77,25.29,24.12,25.26,496951.0,0.0,1.0,24.77,25.29,24.12,25.26,496951.0
2015-01-06,24.56,25.57,24.29,24.61,531469.0,0.0,1.0,24.56,25.57,24.29,24.61,531469.0
2015-01-05,24.71,24.71,23.99,24.53,293554.0,0.0,1.0,24.71,24.71,23.99,24.53,293554.0
2015-01-02,24.67,24.93,24.4601,24.82,340691.0,0.0,1.0,24.67,24.93,24.4601,24.82,340691.0
2014-12-31,24.7,24.78,24.365,24.5,194309.0,0.0,1.0,24.7,24.78,24.365,24.5,194309.0
2014-12-30,24.25,24.87,24.06,24.64,172024.0,0.0,1.0,24.25,24.87,24.06,24.64,172024.0
2014-12-29,24.25,24.6501,24.11,24.38,177498.0,0.0,1.0,24.25,24.6501,24.11,24.38,177498.0
2014-12-26,24.47,24.482,24.09,24.23,141718.0,0.0,1.0,24.47,24.482,24.09,24.23,141718.0
2014-12-24,24.47,24.56,24.02,24.46,95079.0,0.0,1.0,24.47,24.56,24.02,24.46,95079.0
2014-12-23,24.11,24.67,23.78,24.49,166322.0,0.0,1.0,24.11,24.67,23.78,24.49,166322.0
2014-12-22,24.05,24.05,23.51,23.93,165742.0,0.0,1.0,24.05,24.05,23.51,23.93,165742.0
2014-12-19,23.71,24.25,23.56,24.04,395211.0,0.0,1.0,23.71,24.25,23.56,24.04,395211.0
2014-12-18,23.45,23.75,23.27,23.52,235728.0,0.0,1.0,23.45,23.75,23.27,23.52,235728.0
2014-12-17,22.46,23.3,22.25,23.27,255859.0,0.0,1.0,22.46,23.3,22.25,23.27,255859.0
2014-12-16,22.45,22.99,22.34,22.46,282169.0,0.0,1.0,22.45,22.99,22.34,22.46,282169.0
2014-12-15,23.2,23.29,22.27,22.51,425248.0,0.0,1.0,23.2,23.29,22.27,22.51,425248.0
2014-12-12,23.81,24.13,22.95,23.08,413884.0,0.0,1.0,23.81,24.13,22.95,23.08,413884.0
2014-12-11,24.11,24.74,24.01,24.05,274343.0,0.0,1.0,24.11,24.74,24.01,24.05,274343.0
2014-12-10,24.75,24.83,23.9,23.91,324331.0,0.0,1.0,24.75,24.83,23.9,23.91,324331.0
2014-12-09,24.7,25.19,24.7,24.82,233097.0,0.0,1.0,24.7,25.19,24.7,24.82,233097.0
2014-12-08,24.91,25.34,24.67,25.02,349005.0,0.0,1.0,24.91,25.34,24.67,25.02,349005.0
2014-12-05,24.82,25.74,24.82,25.05,202002.0,0.0,1.0,24.82,25.74,24.82,25.05,202002.0
2014-12-04,24.85,25.01,24.39,24.75,157794.0,0.0,1.0,24.85,25.01,24.39,24.75,157794.0
2014-12-03,24.45,25.27,24.45,24.86,276092.0,0.0,1.0,24.45,25.27,24.45,24.86,276092.0
2014-12-02,24.16,24.6,24.1,24.48,383246.0,0.0,1.0,24.16,24.6,24.1,24.48,383246.0
2014-12-01,24.58,24.58,23.91,24.22,284089.0,0.0,1.0,24.58,24.58,23.91,24.22,284089.0
2014-11-28,24.99,24.99,24.03,24.56,164666.0,0.0,1.0,24.99,24.99,24.03,24.56,164666.0
2014-11-26,25.13,25.26,24.71,24.92,261480.0,0.0,1.0,25.13,25.26,24.71,24.92,261480.0
2014-11-25,25.47,25.52,25.14,25.17,473834.0,0.0,1.0,25.47,25.52,25.14,25.17,473834.0
2014-11-24,25.71,25.89,25.03,25.37,610171.0,0.0,1.0,25.71,25.89,25.03,25.37,610171.0
2014-11-21,25.85,25.93,25.26,25.64,437862.0,0.0,1.0,25.85,25.93,25.26,25.64,437862.0
2014-11-20,25.01,25.69,24.97,25.57,415737.0,0.0,1.0,25.01,25.69,24.97,25.57,415737.0
2014-11-19,25.71,25.71,24.73,25.21,348934.0,0.0,1.0,25.71,25.71,24.73,25.21,348934.0
2014-11-18,25.92,26.09,25.2,25.66,194759.0,0.0,1.0,25.92,26.09,25.2,25.66,194759.0
2014-11-17,26.36,26.74,25.61,25.74,368049.0,0.0,1.0,26.36,26.74,25.61,25.74,368049.0
2014-11-14,26.26,26.6,26.13,26.48,260748.0,0.0,1.0,26.26,26.6,26.13,26.48,260748.0
2014-11-13,26.48,26.6,26.03,26.22,335635.0,0.0,1.0,26.48,26.6,26.03,26.22,335635.0
2014-11-12,24.74,26.53,24.74,26.49,907707.0,0.0,1.0,24.74,26.53,24.74,26.49,907707.0
2014-11-11,24.3,25.17,23.74,24.81,714116.0,0.0,1.0,24.3,25.17,23.74,24.81,714116.0
2014-11-10,23.5,23.665,23.17,23.37,427296.0,0.0,1.0,23.5,23.665,23.17,23.37,427296.0
2014-11-07,23.09,23.65,22.93,23.44,549098.0,0.0,1.0,23.09,23.65,22.93,23.44,549098.0
2014-11-06,23.22,23.45,22.9,23.02,164542.0,0.0,1.0,23.22,23.45,22.9,23.02,164542.0
2014-11-05,23.36,23.61,23.09,23.25,314443.0,0.0,1.0,23.36,23.61,23.09,23.25,314443.0
2014-11-04,22.65,23.28,22.553,23.23,228088.0,0.0,1.0,22.65,23.28,22.553,23.23,228088.0
2014-11-03,22.96,23.45,22.59,22.67,382339.0,0.0,1.0,22.96,23.45,22.59,22.67,382339.0
2014-10-31,22.47,23.1,22.108,22.88,444025.0,0.0,1.0,22.47,23.1,22.108,22.88,444025.0
2014-10-30,22.28,22.56,21.72,21.89,223418.0,0.0,1.0,22.28,22.56,21.72,21.89,223418.0
2014-10-29,22.27,22.47,21.11,22.28,193887.0,0.0,1.0,22.27,22.47,21.11,22.28,193887.0
2014-10-28,21.81,22.48,21.542,22.26,492293.0,0.0,1.0,21.81,22.48,21.542,22.26,492293.0
2014-10-27,21.62,21.89,21.335,21.71,142092.0,0.0,1.0,21.62,21.89,21.335,21.71,142092.0
2014-10-24,22.12,22.2,21.66,21.83,149719.0,0.0,1.0,22.12,22.2,21.66,21.83,149719.0
2014-10-23,21.65,22.24,21.48,22.1,301538.0,0.0,1.0,21.65,22.24,21.48,22.1,301538.0
2014-10-22,21.89,22.03,21.39,21.47,255047.0,0.0,1.0,21.89,22.03,21.39,21.47,255047.0
2014-10-21,21.62,22.09,21.17,21.85,319073.0,0.0,1.0,21.62,22.09,21.17,21.85,319073.0
2014-10-20,21.04,21.7,20.82,21.43,384614.0,0.0,1.0,21.04,21.7,20.82,21.43,384614.0
2014-10-17,21.35,21.98,20.77,21.1,704009.0,0.0,1.0,21.35,21.98,20.77,21.1,704009.0
2014-10-16,19.44,21.13,19.106,21.02,646747.0,0.0,1.0,19.44,21.13,19.106,21.02,646747.0
2014-10-15,19.21,19.7,18.6,19.64,715742.0,0.0,1.0,19.21,19.7,18.6,19.64,715742.0
2014-10-14,19.64,20.11,19.244,19.72,409419.0,0.0,1.0,19.64,20.11,19.244,19.72,409419.0
2014-10-13,19.84,20.13,19.44,19.51,360259.0,0.0,1.0,19.84,20.13,19.44,19.51,360259.0
2014-10-10,20.18,20.49,19.83,19.84,348473.0,0.0,1.0,20.18,20.49,19.83,19.84,348473.0
2014-10-09,21.28,21.28,20.01,20.18,563093.0,0.0,1.0,21.28,21.28,20.01,20.18,563093.0
2014-10-08,20.93,21.29,20.34,21.25,288285.0,0.0,1.0,20.93,21.29,20.34,21.25,288285.0
2014-10-07,21.06,21.34,20.45,21.0,325642.0,0.0,1.0,21.06,21.34,20.45,21.0,325642.0
2014-10-06,21.78,21.899,21.11,21.15,197270.0,0.0,1.0,21.78,21.899,21.11,21.15,197270.0
2014-10-03,21.5,21.88,21.28,21.74,215295.0,0.0,1.0,21.5,21.88,21.28,21.74,215295.0
2014-10-01,22.06,22.49,21.59,21.73,371624.0,0.0,1.0,22.06,22.49,21.59,21.73,371624.0
2014-09-30,22.27,22.356,22.08,22.1,422229.0,0.0,1.0,22.27,22.356,22.08,22.1,422229.0
2014-09-29,22.18,22.4,22.07,22.24,137942.0,0.0,1.0,22.18,22.4,22.07,22.24,137942.0
2014-09-26,22.06,22.47,21.87,22.44,120965.0,0.0,1.0,22.06,22.47,21.87,22.44,120965.0
2014-09-25,22.11,22.24,21.9,22.02,186997.0,0.0,1.0,22.11,22.24,21.9,22.02,186997.0
2014-09-24,22.03,22.32,21.91,22.2,92495.0,0.0,1.0,22.03,22.32,21.91,22.2,92495.0
2014-09-23,22.23,22.24,21.95,22.04,404797.0,0.0,1.0,22.23,22.24,21.95,22.04,404797.0
2014-09-22,22.56,22.6,22.13,22.29,187119.0,0.0,1.0,22.56,22.6,22.13,22.29,187119.0
2014-09-19,22.72,23.07,22.62,22.65,319929.0,0.0,1.0,22.72,23.07,22.62,22.65,319929.0
2014-09-18,22.66,22.96,22.433,22.65,141946.0,0.0,1.0,22.66,22.96,22.433,22.65,141946.0
2014-09-17,22.61,22.95,22.382,22.55,153664.0,0.0,1.0,22.61,22.95,22.382,22.55,153664.0
2014-09-16,22.45,22.8,22.33,22.59,180790.0,0.0,1.0,22.45,22.8,22.33,22.59,180790.0
2014-09-15,22.88,22.88,22.26,22.56,177877.0,0.0,1.0,22.88,22.88,22.26,22.56,177877.0
2014-09-12,22.9,23.04,22.45,22.88,241882.0,0.0,1.0,22.9,23.04,22.45,22.88,241882.0
2014-09-11,22.38,23.02,21.86,22.97,275853.0,0.0,1.0,22.38,23.02,21.86,22.97,275853.0
2014-09-10,22.35,22.699,21.93,22.55,250128.0,0.0,1.0,22.35,22.699,21.93,22.55,250128.0
2014-09-09,22.77,22.862,22.31,22.41,172933.0,0.0,1.0,22.77,22.862,22.31,22.41,172933.0
2014-09-08,22.87,23.19,22.58,22.77,281130.0,0.0,1.0,22.87,23.19,22.58,22.77,281130.0
2014-09-05,22.91,23.29,22.83,22.95,339819.0,0.0,1.0,22.91,23.29,22.83,22.95,339819.0
2014-09-04,23.34,23.77,22.8,23.02,375578.0,0.0,1.0,23.34,23.77,22.8,23.02,375578.0
2014-09-03,23.94,23.94,23.275,23.32,273279.0,0.0,1.0,23.94,23.94,23.275,23.32,273279.0
2014-09-02,24.23,24.36,23.7,23.91,389094.0,0.0,1.0,24.23,24.36,23.7,23.91,389094.0
2014-08-29,24.15,24.45,23.95,24.2,106895.0,0.0,1.0,24.15,24.45,23.95,24.2,106895.0
2014-08-28,24.62,24.72,24.05,24.09,119997.0,0.0,1.0,24.62,24.72,24.05,24.09,119997.0
2014-08-27,24.35,24.75,24.15,24.72,197023.0,0.0,1.0,24.35,24.75,24.15,24.72,197023.0
2014-08-26,24.65,24.65,24.26,24.29,255741.0,0.0,1.0,24.65,24.65,24.26,24.29,255741.0
2014-08-25,24.88,24.98,24.52,24.62,147530.0,0.0,1.0,24.88,24.98,24.52,24.62,147530.0
2014-08-22,24.72,24.82,24.56,24.67,168313.0,0.0,1.0,24.72,24.82,24.56,24.67,168313.0
2014-08-21,24.98,25.15,24.59,24.77,258880.0,0.0,1.0,24.98,25.15,24.59,24.77,258880.0
2014-08-20,25.07,25.238,24.7262,24.93,208477.0,0.0,1.0,25.07,25.238,24.7262,24.93,208477.0
2014-08-19,25.55,25.805,25.04,25.2,329510.0,0.0,1.0,25.55,25.805,25.04,25.2,329510.0
2014-08-18,25.02,25.58,24.76,25.44,766661.0,0.0,1.0,25.02,25.58,24.76,25.44,766661.0
2014-08-15,24.69,24.79,24.3,24.7,692403.0,0.0,1.0,24.69,24.79,24.3,24.7,692403.0
2014-08-14,24.06,24.92,23.98,24.45,749222.0,0.0,1.0,24.06,24.92,23.98,24.45,749222.0
2014-08-13,23.3,24.16,22.67,24.02,710069.0,0.0,1.0,23.3,24.16,22.67,24.02,710069.0
2014-08-12,23.56,24.63,22.32,23.29,962548.0,0.0,1.0,23.56,24.63,22.32,23.29,962548.0
2014-08-11,24.12,24.61,23.86,24.2,495966.0,0.0,1.0,24.12,24.61,23.86,24.2,495966.0
2014-08-08,23.37,24.11,22.92,23.86,277656.0,0.0,1.0,23.37,24.11,22.92,23.86,277656.0
2014-08-07,24.08,24.63,23.22,23.33,273504.0,0.0,1.0,24.08,24.63,23.22,23.33,273504.0
2014-08-06,22.75,24.38,22.75,23.94,553884.0,0.0,1.0,22.75,24.38,22.75,23.94,553884.0
2014-08-05,22.79,23.045,22.652,22.91,243971.0,0.0,1.0,22.79,23.045,22.652,22.91,243971.0
2014-08-04,22.82,23.05,22.6,22.95,236294.0,0.0,1.0,22.82,23.05,22.6,22.95,236294.0
2014-08-01,22.72,23.09,22.63,22.75,262329.0,0.0,1.0,22.72,23.09,22.63,22.75,262329.0
2014-07-31,22.95,23.32,22.46,22.66,421354.0,0.0,1.0,22.95,23.32,22.46,22.66,421354.0
2014-07-30,23.46,23.58,23.01,23.14,200328.0,0.0,1.0,23.46,23.58,23.01,23.14,200328.0
2014-07-29,23.53,23.78,23.2,23.32,332447.0,0.0,1.0,23.53,23.78,23.2,23.32,332447.0
2014-07-28,23.78,23.96,23.02,23.52,329502.0,0.0,1.0,23.78,23.96,23.02,23.52,329502.0
2014-07-25,23.79,24.03,23.38,23.76,256636.0,0.0,1.0,23.79,24.03,23.38,23.76,256636.0
2014-07-24,23.75,24.155,23.6001,24.03,251148.0,0.0,1.0,23.75,24.155,23.6001,24.03,251148.0
2014-07-23,23.87,24.0,23.52,23.75,198399.0,0.0,1.0,23.87,24.0,23.52,23.75,198399.0
2014-07-22,24.13,24.22,23.84,23.86,313841.0,0.0,1.0,24.13,24.22,23.84,23.86,313841.0
2014-07-21,23.81,24.19,23.4975,24.07,517853.0,0.0,1.0,23.81,24.19,23.4975,24.07,517853.0
2014-07-18,22.88,24.03,22.86,24.02,764939.0,0.0,1.0,22.88,24.03,22.86,24.02,764939.0
2014-07-17,22.71,23.17,22.71,22.96,516811.0,0.0,1.0,22.71,23.17,22.71,22.96,516811.0
2014-07-16,22.62,23.05,22.36,22.91,649682.0,0.0,1.0,22.62,23.05,22.36,22.91,649682.0
2014-07-15,23.04,23.23,22.41,22.435,547419.0,0.0,1.0,23.04,23.23,22.41,22.435,547419.0
2014-07-14,23.27,23.27,22.81,23.1,518925.0,0.0,1.0,23.27,23.27,22.81,23.1,518925.0
2014-07-11,23.01,23.22,22.87,23.05,465490.0,0.0,1.0,23.01,23.22,22.87,23.05,465490.0
2014-07-10,23.02,23.41,22.96,23.17,647683.0,0.0,1.0,23.02,23.41,22.96,23.17,647683.0
2014-07-09,24.11,24.31,23.23,23.5,900336.0,0.0,1.0,24.11,24.31,23.23,23.5,900336.0
2014-07-08,24.54,24.54,23.78,24.05,883260.0,0.0,1.0,24.54,24.54,23.78,24.05,883260.0
2014-07-07,25.19,25.2,24.22,24.48,782957.0,0.0,1.0,25.19,25.2,24.22,24.48,782957.0
2014-07-03,25.75,25.94,25.05,25.17,650553.0,0.0,1.0,25.75,25.94,25.05,25.17,650553.0
2014-07-02,26.58,26.68,25.68,25.75,906960.0,0.0,1.0,26.58,26.68,25.68,25.75,906960.0
2014-07-01,27.32,27.54,26.56,26.65,492986.0,0.0,1.0,27.32,27.54,26.56,26.65,492986.0
2014-06-30,27.1,27.49,26.96,27.31,277781.0,0.0,1.0,27.1,27.49,26.96,27.31,277781.0
2014-06-27,26.8,27.45,26.8,27.24,581159.0,0.0,1.0,26.8,27.45,26.8,27.24,581159.0
2014-06-26,26.85,27.12,26.6401,27.04,313119.0,0.0,1.0,26.85,27.12,26.6401,27.04,313119.0
2014-06-25,26.59,27.07,26.37,26.91,486231.0,0.0,1.0,26.59,27.07,26.37,26.91,486231.0
2014-06-24,27.22,27.4,26.75,26.8,311167.0,0.0,1.0,27.22,27.4,26.75,26.8,311167.0
2014-06-23,27.75,27.75,27.04,27.32,285705.0,0.0,1.0,27.75,27.75,27.04,27.32,285705.0
2014-06-20,28.06,28.065,27.33,27.65,431736.0,0.0,1.0,28.06,28.065,27.33,27.65,431736.0
2014-06-19,28.76,28.76,27.75,27.79,335749.0,0.0,1.0,28.76,28.76,27.75,27.79,335749.0
2014-06-18,28.53,28.95,28.26,28.66,326383.0,0.0,1.0,28.53,28.95,28.26,28.66,326383.0
2014-06-17,27.3,28.47,27.3,28.44,293903.0,0.0,1.0,27.3,28.47,27.3,28.44,293903.0
2014-06-16,27.53,27.73,26.84,27.35,413414.0,0.0,1.0,27.53,27.73,26.84,27.35,413414.0
2014-06-13,28.69,28.69,27.56,27.65,454787.0,0.0,1.0,28.69,28.69,27.56,27.65,454787.0
2014-06-12,28.97,28.97,28.37,28.75,322377.0,0.0,1.0,28.97,28.97,28.37,28.75,322377.0
2014-06-11,29.31,29.68,28.71,28.98,342170.0,0.0,1.0,29.31,29.68,28.71,28.98,342170.0
2014-06-10,29.72,30.21,29.47,29.5,218020.0,0.0,1.0,29.72,30.21,29.47,29.5,218020.0
2014-06-09,30.09,30.33,29.81,29.88,236595.0,0.0,1.0,30.09,30.33,29.81,29.88,236595.0
2014-06-06,29.46,30.29,29.42,30.15,444769.0,0.0,1.0,29.46,30.29,29.42,30.15,444769.0
2014-06-05,28.51,29.52,28.26,29.26,280403.0,0.0,1.0,28.51,29.52,28.26,29.26,280403.0
2014-06-04,28.15,28.59,27.82,28.45,194177.0,0.0,1.0,28.15,28.59,27.82,28.45,194177.0
2014-06-03,28.19,28.47,27.81,28.25,268461.0,0.0,1.0,28.19,28.47,27.81,28.25,268461.0
2014-06-02,28.15,28.51,27.71,28.42,342941.0,0.0,1.0,28.15,28.51,27.71,28.42,342941.0
2014-05-30,28.39,28.55,28.01,28.17,332271.0,0.0,1.0,28.39,28.55,28.01,28.17,332271.0
2014-05-29,28.32,28.55,27.98,28.3,263592.0,0.0,1.0,28.32,28.55,27.98,28.3,263592.0
2014-05-28,28.04,28.92,28.04,28.3,357472.0,0.0,1.0,28.04,28.92,28.04,28.3,357472.0
2014-05-27,27.01,28.69,27.01,28.29,363819.0,0.0,1.0,27.01,28.69,27.01,28.29,363819.0
2014-05-23,28.13,28.39,27.61,28.24,317799.0,0.0,1.0,28.13,28.39,27.61,28.24,317799.0
2014-05-22,28.18,28.42,27.91,28.06,279952.0,0.0,1.0,28.18,28.42,27.91,28.06,279952.0
2014-05-21,28.73,28.81,27.38,28.19,503189.0,0.0,1.0,28.73,28.81,27.38,28.19,503189.0
2014-05-20,28.87,28.87,28.1,28.59,612496.0,0.0,1.0,28.87,28.87,28.1,28.59,612496.0
2014-05-19,29.31,29.31,28.72,29.08,463855.0,0.0,1.0,29.31,29.31,28.72,29.08,463855.0
2014-05-16,29.2,29.53,28.71,29.52,374229.0,0.0,1.0,29.2,29.53,28.71,29.52,374229.0
2014-05-15,29.76,29.8,28.63,29.27,631504.0,0.0,1.0,29.76,29.8,28.63,29.27,631504.0
2014-05-14,29.96,30.75,29.65,29.86,486994.0,0.0,1.0,29.96,30.75,29.65,29.86,486994.0
2014-05-13,31.0,31.25,28.97,29.93,914974.0,0.0,1.0,31.0,31.25,28.97,29.93,914974.0
2014-05-12,29.86,30.59,29.4101,29.91,613698.0,0.0,1.0,29.86,30.59,29.4101,29.91,613698.0
2014-05-08,29.16,30.22,29.15,29.54,502955.0,0.0,1.0,29.16,30.22,29.15,29.54,502955.0
2014-05-07,29.45,29.69,28.71,29.61,520481.0,0.0,1.0,29.45,29.69,28.71,29.61,520481.0
2014-05-06,29.76,30.14,29.16,29.41,444791.0,0.0,1.0,29.76,30.14,29.16,29.41,444791.0
2014-05-05,29.66,30.415,29.0,29.79,348573.0,0.0,1.0,29.66,30.415,29.0,29.79,348573.0
2014-05-02,29.93,30.528,29.59,29.95,326182.0,0.0,1.0,29.93,30.528,29.59,29.95,326182.0
2014-05-01,30.03,30.64,29.36,29.97,377632.0,0.0,1.0,30.03,30.64,29.36,29.97,377632.0
2014-04-30,29.75,30.24,28.59,30.18,612391.0,0.0,1.0,29.75,30.24,28.59,30.18,612391.0
2014-04-29,29.38,29.99,29.31,29.78,250840.0,0.0,1.0,29.38,29.99,29.31,29.78,250840.0
2014-04-28,29.95,30.53,29.04,29.15,357537.0,0.0,1.0,29.95,30.53,29.04,29.15,357537.0
2014-04-25,30.33,30.63,29.65,29.91,403251.0,0.0,1.0,30.33,30.63,29.65,29.91,403251.0
2014-04-24,30.72,30.72,30.0425,30.58,320102.0,0.0,1.0,30.72,30.72,30.0425,30.58,320102.0
2014-04-23,32.06,32.135,30.31,30.59,550731.0,0.0,1.0,32.06,32.135,30.31,30.59,550731.0
2014-04-22,30.1,32.2,30.05,31.97,1806702.0,0.0,1.0,30.1,32.2,30.05,31.97,1806702.0
2014-04-21,28.69,28.92,28.28,28.49,287862.0,0.0,1.0,28.69,28.92,28.28,28.49,287862.0
2014-04-17,28.79,29.034,28.28,28.82,613432.0,0.0,1.0,28.79,29.034,28.28,28.82,613432.0
2014-04-16,28.77,29.35,28.575,28.76,581129.0,0.0,1.0,28.77,29.35,28.575,28.76,581129.0
2014-04-15,28.1,28.61,27.66,28.46,534076.0,0.0,1.0,28.1,28.61,27.66,28.46,534076.0
2014-04-14,28.6,28.67,28.05,28.08,389300.0,0.0,1.0,28.6,28.67,28.05,28.08,389300.0
2014-04-11,28.52,28.67,28.02,28.25,604200.0,0.0,1.0,28.52,28.67,28.02,28.25,604200.0
2014-04-10,30.22,30.22,28.64,28.81,489200.0,0.0,1.0,30.22,30.22,28.64,28.81,489200.0
2014-04-09,29.17,30.27,29.03,30.23,340300.0,0.0,1.0,29.17,30.27,29.03,30.23,340300.0
2014-04-08,29.39,29.56,28.68,29.09,476500.0,0.0,1.0,29.39,29.56,28.68,29.09,476500.0
2014-04-07,30.24,30.34,29.05,29.35,666100.0,0.0,1.0,30.24,30.34,29.05,29.35,666100.0
2014-04-04,30.97,31.27,30.36,30.47,610600.0,0.0,1.0,30.97,31.27,30.36,30.47,610600.0
2014-04-03,30.94,31.01,30.62,30.75,393700.0,0.0,1.0,30.94,31.01,30.62,30.75,393700.0
2014-04-02,30.97,31.05,30.51,30.78,414700.0,0.0,1.0,30.97,31.05,30.51,30.78,414700.0
2014-04-01,31.03,31.25,30.52,31.0,1024800.0,0.0,1.0,31.03,31.25,30.52,31.0,1024800.0
2014-03-31,30.47,31.47,30.39,31.03,664600.0,0.0,1.0,30.47,31.47,30.39,31.03,664600.0
2014-03-28,29.53,31.04,29.5,30.2,1606200.0,0.0,1.0,29.53,31.04,29.5,30.2,1606200.0
2014-03-27,31.76,33.0,30.6,31.02,846800.0,0.0,1.0,31.76,33.0,30.6,31.02,846800.0
2014-03-26,33.03,33.03,31.31,31.83,687800.0,0.0,1.0,33.03,33.03,31.31,31.83,687800.0
2014-03-25,33.03,33.5,32.5,32.74,388900.0,0.0,1.0,33.03,33.5,32.5,32.74,388900.0
2014-03-24,32.58,33.0,31.83,32.86,344100.0,0.0,1.0,32.58,33.0,31.83,32.86,344100.0
2014-03-21,32.57,32.72,32.2,32.49,904200.0,0.0,1.0,32.57,32.72,32.2,32.49,904200.0
2014-03-20,32.67,32.9,32.31,32.35,379900.0,0.0,1.0,32.67,32.9,32.31,32.35,379900.0
2014-03-19,32.71,32.97,32.28,32.82,410900.0,0.0,1.0,32.71,32.97,32.28,32.82,410900.0
2014-03-18,32.23,32.97,31.87,32.75,479700.0,0.0,1.0,32.23,32.97,31.87,32.75,479700.0
2014-03-17,32.05,32.66,32.05,32.24,645900.0,0.0,1.0,32.05,32.66,32.05,32.24,645900.0
2014-03-14,31.8,32.34,31.45,31.94,603000.0,0.0,1.0,31.8,32.34,31.45,31.94,603000.0
2014-03-13,32.45,32.55,31.35,31.94,655200.0,0.0,1.0,32.45,32.55,31.35,31.94,655200.0
2014-03-12,31.1,32.33,29.72,32.25,1294900.0,0.0,1.0,31.1,32.33,29.72,32.25,1294900.0
2014-03-11,33.36,33.83,30.47,31.38,2550000.0,0.0,1.0,33.36,33.83,30.47,31.38,2550000.0
2014-03-10,34.5,34.83,33.84,33.99,613400.0,0.0,1.0,34.5,34.83,33.84,33.99,613400.0
2014-03-07,34.65,34.67,34.15,34.47,450200.0,0.0,1.0,34.65,34.67,34.15,34.47,450200.0
2014-03-06,34.49,34.81,34.05,34.48,593500.0,0.0,1.0,34.49,34.81,34.05,34.48,593500.0
2014-03-05,34.51,34.99,34.14,34.68,1157600.0,0.0,1.0,34.51,34.99,34.14,34.68,1157600.0
2014-03-04,32.24,35.61,32.01,34.49,3649100.0,0.0,1.0,32.24,35.61,32.01,34.49,3649100.0
2014-03-03,34.8,34.8,32.77,33.1,1402900.0,0.0,1.0,34.8,34.8,32.77,33.1,1402900.0
2014-02-28,32.99,34.79,32.7,34.56,2187700.0,0.0,1.0,32.99,34.79,32.7,34.56,2187700.0
2014-02-27,30.94,33.1,30.7,32.84,2201500.0,0.0,1.0,30.94,33.1,30.7,32.84,2201500.0
2014-02-26,28.59,31.73,28.51,31.12,3241800.0,0.0,1.0,28.59,31.73,28.51,31.12,3241800.0
2014-02-25,27.38,28.55,27.38,28.48,1547200.0,0.0,1.0,27.38,28.55,27.38,28.48,1547200.0
2014-02-24,26.32,27.52,26.17,27.38,917500.0,0.0,1.0,26.32,27.52,26.17,27.38,917500.0
2014-02-21,26.14,26.58,25.95,26.29,809700.0,0.0,1.0,26.14,26.58,25.95,26.29,809700.0
2014-02-20,26.03,26.19,25.72,26.01,480400.0,0.0,1.0,26.03,26.19,25.72,26.01,480400.0
2014-02-19,25.85,26.28,25.65,26.06,493800.0,0.0,1.0,25.85,26.28,25.65,26.06,493800.0
2014-02-18,25.59,26.08,25.5,25.96,738100.0,0.0,1.0,25.59,26.08,25.5,25.96,738100.0
2014-02-14,25.13,25.54,25.12,25.52,451900.0,0.0,1.0,25.13,25.54,25.12,25.52,451900.0
2014-02-13,24.49,25.2,24.3,25.18,729600.0,0.0,1.0,24.49,25.2,24.3,25.18,729600.0
2014-02-12,24.13,24.93,24.0,24.75,658100.0,0.0,1.0,24.13,24.93,24.0,24.75,658100.0
2014-02-11,23.51,24.28,23.51,24.04,556000.0,0.0,1.0,23.51,24.28,23.51,24.04,556000.0
2014-02-10,22.91,23.52,22.91,23.42,425100.0,0.0,1.0,22.91,23.52,22.91,23.42,425100.0
2014-02-07,22.95,23.03,22.34,23.01,655900.0,0.0,1.0,22.95,23.03,22.34,23.01,655900.0
2014-02-06,23.35,23.57,22.57,22.99,593400.0,0.0,1.0,23.35,23.57,22.57,22.99,593400.0
2014-02-05,22.22,23.54,22.0,23.35,794800.0,0.0,1.0,22.22,23.54,22.0,23.35,794800.0
2014-02-04,22.75,23.04,22.22,22.39,825900.0,0.0,1.0,22.75,23.04,22.22,22.39,825900.0
2014-02-03,23.33,23.9,22.55,22.63,1577300.0,0.0,1.0,23.33,23.9,22.55,22.63,1577300.0
2014-01-31,23.41,23.89,23.03,23.44,394300.0,0.0,1.0,23.41,23.89,23.03,23.44,394300.0
2014-01-30,23.85,23.98,23.51,23.59,360000.0,0.0,1.0,23.85,23.98,23.51,23.59,360000.0
2014-01-29,23.9,24.55,23.68,23.72,588900.0,0.0,1.0,23.9,24.55,23.68,23.72,588900.0
2014-01-28,24.26,24.5,23.93,24.22,674200.0,0.0,1.0,24.26,24.5,23.93,24.22,674200.0
2014-01-27,24.18,24.26,23.5,24.05,1084900.0,0.0,1.0,24.18,24.26,23.5,24.05,1084900.0
2014-01-24,24.29,24.3,23.33,24.01,989700.0,0.0,1.0,24.29,24.3,23.33,24.01,989700.0
2014-01-23,24.5,24.86,24.16,24.37,388200.0,0.0,1.0,24.5,24.86,24.16,24.37,388200.0
2014-01-22,24.83,24.94,24.48,24.71,519400.0,0.0,1.0,24.83,24.94,24.48,24.71,519400.0
2014-01-21,24.58,24.78,24.2,24.71,722200.0,0.0,1.0,24.58,24.78,24.2,24.71,722200.0
2014-01-17,24.16,24.6,23.98,24.26,806600.0,0.0,1.0,24.16,24.6,23.98,24.26,806600.0
2014-01-16,23.4,24.14,23.21,24.05,724900.0,0.0,1.0,23.4,24.14,23.21,24.05,724900.0
2014-01-15,23.99,24.42,22.91,23.26,1006000.0,0.0,1.0,23.99,24.42,22.91,23.26,1006000.0
2014-01-14,23.5,23.99,23.31,23.87,488900.0,0.0,1.0,23.5,23.99,23.31,23.87,488900.0
2014-01-13,23.84,23.87,23.26,23.44,404000.0,0.0,1.0,23.84,23.87,23.26,23.44,404000.0
2014-01-10,23.78,23.97,23.5,23.86,497900.0,0.0,1.0,23.78,23.97,23.5,23.86,497900.0
2014-01-09,24.11,24.11,23.64,23.77,460000.0,0.0,1.0,24.11,24.11,23.64,23.77,460000.0
2014-01-08,23.71,24.02,23.63,23.96,537300.0,0.0,1.0,23.71,24.02,23.63,23.96,537300.0
2014-01-07,24.05,24.37,23.55,23.76,942700.0,0.0,1.0,24.05,24.37,23.55,23.76,942700.0
2014-01-06,24.51,24.64,23.68,23.97,644100.0,0.0,1.0,24.51,24.64,23.68,23.97,644100.0
2014-01-03,24.37,24.96,24.12,24.2,699400.0,0.0,1.0,24.37,24.96,24.12,24.2,699400.0
2014-01-02,24.57,24.67,24.12,24.35,415700.0,0.0,1.0,24.57,24.67,24.12,24.35,415700.0
2013-12-31,24.26,24.72,24.18,24.56,351600.0,0.0,1.0,24.26,24.72,24.18,24.56,351600.0
2013-12-30,24.75,24.84,24.13,24.18,502100.0,0.0,1.0,24.75,24.84,24.13,24.18,502100.0
2013-12-27,24.73,25.12,24.39,24.69,525900.0,0.0,1.0,24.73,25.12,24.39,24.69,525900.0
2013-12-26,24.04,25.16,23.9,24.91,823300.0,0.0,1.0,24.04,25.16,23.9,24.91,823300.0
2013-12-24,23.15,24.09,23.15,23.98,629300.0,0.0,1.0,23.15,24.09,23.15,23.98,629300.0
2013-12-23,22.46,23.5,21.32,23.15,1488800.0,0.0,1.0,22.46,23.5,21.32,23.15,1488800.0
2013-12-20,20.99,21.03,20.4,20.63,606300.0,0.0,1.0,20.99,21.03,20.4,20.63,606300.0
2013-12-19,20.63,21.3,20.52,20.89,649500.0,0.0,1.0,20.63,21.3,20.52,20.89,649500.0
2013-12-18,20.83,20.94,20.25,20.68,412900.0,0.0,1.0,20.83,20.94,20.25,20.68,412900.0
2013-12-17,20.63,21.16,20.4,20.83,605900.0,0.0,1.0,20.63,21.16,20.4,20.83,605900.0
2013-12-16,20.5,20.73,20.33,20.61,392800.0,0.0,1.0,20.5,20.73,20.33,20.61,392800.0
2013-12-13,21.43,21.51,20.38,20.44,1399400.0,0.0,1.0,21.43,21.51,20.38,20.44,1399400.0
2013-12-12,21.74,22.13,21.31,21.39,1328300.0,0.0,1.0,21.74,22.13,21.31,21.39,1328300.0
2013-12-11,22.5,22.52,21.54,21.84,1006700.0,0.0,1.0,22.5,22.52,21.54,21.84,1006700.0
2013-12-10,23.08,23.25,22.52,22.52,601100.0,0.0,1.0,23.08,23.25,22.52,22.52,601100.0
2013-12-09,23.43,23.61,23.04,23.18,280800.0,0.0,1.0,23.43,23.61,23.04,23.18,280800.0
2013-12-06,23.44,23.78,23.3,23.42,357200.0,0.0,1.0,23.44,23.78,23.3,23.42,357200.0
2013-12-05,23.85,23.92,23.13,23.17,358900.0,0.0,1.0,23.85,23.92,23.13,23.17,358900.0
2013-12-04,22.96,24.0,22.9,23.88,825400.0,0.0,1.0,22.96,24.0,22.9,23.88,825400.0
2013-12-03,23.68,23.81,22.89,23.1,545000.0,0.0,1.0,23.68,23.81,22.89,23.1,545000.0
2013-12-02,23.75,24.01,23.41,23.65,440300.0,0.0,1.0,23.75,24.01,23.41,23.65,440300.0
2013-11-29,23.74,24.05,23.52,23.65,147400.0,0.0,1.0,23.74,24.05,23.52,23.65,147400.0
2013-11-27,23.51,23.99,23.43,23.58,370100.0,0.0,1.0,23.51,23.99,23.43,23.58,370100.0
2013-11-26,23.49,23.76,23.32,23.42,369500.0,0.0,1.0,23.49,23.76,23.32,23.42,369500.0
2013-11-25,23.42,24.07,23.42,23.49,401700.0,0.0,1.0,23.42,24.07,23.42,23.49,401700.0
2013-11-22,23.2,23.41,22.89,23.21,414000.0,0.0,1.0,23.2,23.41,22.89,23.21,414000.0
2013-11-21,22.99,23.6,22.93,23.12,619700.0,0.0,1.0,22.99,23.6,22.93,23.12,619700.0
2013-11-20,23.29,23.65,22.57,22.85,465000.0,0.0,1.0,23.29,23.65,22.57,22.85,465000.0
2013-11-19,22.19,23.3,21.7,23.22,1051900.0,0.0,1.0,22.19,23.3,21.7,23.22,1051900.0
2013-11-18,22.6,22.79,22.24,22.25,634000.0,0.0,1.0,22.6,22.79,22.24,22.25,634000.0
2013-11-15,21.73,22.84,21.44,22.53,1112200.0,0.0,1.0,21.73,22.84,21.44,22.53,1112200.0
2013-11-14,21.59,22.3,21.25,21.64,1576900.0,0.0,1.0,21.59,22.3,21.25,21.64,1576900.0
2013-11-13,20.58,21.15,20.27,21.0,695700.0,0.0,1.0,20.58,21.15,20.27,21.0,695700.0
2013-11-12,20.86,21.1,20.25,20.65,463600.0,0.0,1.0,20.86,21.1,20.25,20.65,463600.0
2013-11-11,20.72,20.92,20.42,20.87,267900.0,0.0,1.0,20.72,20.92,20.42,20.87,267900.0
2013-11-08,20.06,21.01,20.06,20.75,440200.0,0.0,1.0,20.06,21.01,20.06,20.75,440200.0
2013-11-07,20.49,20.66,19.95,19.97,237100.0,0.0,1.0,20.49,20.66,19.95,19.97,237100.0
2013-11-06,20.7,20.72,20.38,20.45,151000.0,0.0,1.0,20.7,20.72,20.38,20.45,151000.0
2013-11-05,20.69,20.88,20.39,20.58,335500.0,0.0,1.0,20.69,20.88,20.39,20.58,335500.0
2013-11-04,20.87,20.93,20.47,20.81,359900.0,0.0,1.0,20.87,20.93,20.47,20.81,359900.0
2013-11-01,20.15,20.93,19.85,20.8,409700.0,0.0,1.0,20.15,20.93,19.85,20.8,409700.0
2013-10-31,20.46,20.54,20.09,20.19,165200.0,0.0,1.0,20.46,20.54,20.09,20.19,165200.0
2013-10-30,20.86,20.86,20.39,20.51,255700.0,0.0,1.0,20.86,20.86,20.39,20.51,255700.0
2013-10-29,20.74,21.03,20.24,20.75,351400.0,0.0,1.0,20.74,21.03,20.24,20.75,351400.0
2013-10-28,20.65,21.08,20.5,20.75,341500.0,0.0,1.0,20.65,21.08,20.5,20.75,341500.0
2013-10-25,20.79,20.88,20.17,20.67,239400.0,0.0,1.0,20.79,20.88,20.17,20.67,239400.0
2013-10-24,19.31,20.94,19.31,20.6,2116400.0,0.0,1.0,19.31,20.94,19.31,20.6,2116400.0
2013-10-23,19.18,19.43,18.82,19.43,644500.0,0.0,1.0,19.18,19.43,18.82,19.43,644500.0
2013-10-22,18.38,19.23,18.35,19.21,541900.0,0.0,1.0,18.38,19.23,18.35,19.21,541900.0
2013-10-21,18.77,18.79,18.32,18.38,252800.0,0.0,1.0,18.77,18.79,18.32,18.38,252800.0
2013-10-18,18.37,18.87,18.29,18.8,419600.0,0.0,1.0,18.37,18.87,18.29,18.8,419600.0
2013-10-17,18.31,18.49,17.95,18.21,375100.0,0.0,1.0,18.31,18.49,17.95,18.21,375100.0
2013-10-16,17.57,18.45,17.41,18.36,514200.0,0.0,1.0,17.57,18.45,17.41,18.36,514200.0
2013-10-15,17.72,17.83,17.12,17.5,472700.0,0.0,1.0,17.72,17.83,17.12,17.5,472700.0
2013-10-14,17.82,17.9,17.4,17.72,775500.0,0.0,1.0,17.82,17.9,17.4,17.72,775500.0
2013-10-11,16.75,17.92,16.46,17.91,1172700.0,0.0,1.0,16.75,17.92,16.46,17.91,1172700.0
2013-10-10,15.75,16.73,15.5,16.72,1182500.0,0.0,1.0,15.75,16.73,15.5,16.72,1182500.0
2013-10-09,16.77,16.81,15.03,15.54,3142500.0,0.0,1.0,16.77,16.81,15.03,15.54,3142500.0
2013-10-08,17.56,17.69,16.65,16.72,1273400.0,0.0,1.0,17.56,17.69,16.65,16.72,1273400.0
2013-10-07,17.37,17.75,17.11,17.56,343500.0,0.0,1.0,17.37,17.75,17.11,17.56,343500.0
2013-10-04,17.13,17.69,17.13,17.48,551700.0,0.0,1.0,17.13,17.69,17.13,17.48,551700.0
2013-10-03,17.7,17.74,16.98,17.18,508800.0,0.0,1.0,17.7,17.74,16.98,17.18,508800.0
2013-10-02,17.46,17.86,17.33,17.76,295100.0,0.0,1.0,17.46,17.86,17.33,17.76,295100.0
2013-10-01,18.09,18.27,17.48,17.54,624600.0,0.0,1.0,18.09,18.27,17.48,17.54,624600.0
2013-09-30,18.8,18.8,18.1,18.14,540200.0,0.0,1.0,18.8,18.8,18.1,18.14,540200.0
2013-09-27,19.36,19.45,18.85,18.94,638100.0,0.0,1.0,19.36,19.45,18.85,18.94,638100.0
2013-09-26,19.58,19.96,19.35,19.49,276000.0,0.0,1.0,19.58,19.96,19.35,19.49,276000.0
2013-09-25,19.61,20.0,19.4,19.59,311400.0,0.0,1.0,19.61,20.0,19.4,19.59,311400.0
2013-09-24,19.64,19.9,19.31,19.56,407400.0,0.0,1.0,19.64,19.9,19.31,19.56,407400.0
2013-09-23,19.8,19.94,19.5,19.56,425600.0,0.0,1.0,19.8,19.94,19.5,19.56,425600.0
2013-09-20,19.73,19.91,19.56,19.81,752800.0,0.0,1.0,19.73,19.91,19.56,19.81,752800.0
2013-09-19,20.07,20.39,19.58,19.71,537000.0,0.0,1.0,20.07,20.39,19.58,19.71,537000.0
2013-09-18,19.98,20.2,19.72,20.08,633500.0,0.0,1.0,19.98,20.2,19.72,20.08,633500.0
2013-09-17,19.99,20.07,19.8,20.04,343800.0,0.0,1.0,19.99,20.07,19.8,20.04,343800.0
2013-09-16,20.24,20.25,19.91,20.01,503300.0,0.0,1.0,20.24,20.25,19.91,20.01,503300.0
2013-09-13,19.47,20.16,19.37,20.02,1142700.0,0.0,1.0,19.47,20.16,19.37,20.02,1142700.0
2013-09-12,18.9,19.47,18.9,19.37,1638000.0,0.0,1.0,18.9,19.47,18.9,19.37,1638000.0
2013-09-11,19.67,19.93,17.64,18.82,3021600.0,0.0,1.0,19.67,19.93,17.64,18.82,3021600.0
2013-09-10,21.0,21.02,19.6,19.82,1845900.0,0.0,1.0,21.0,21.02,19.6,19.82,1845900.0
2013-09-09,21.55,21.58,20.81,20.89,1238600.0,0.0,1.0,21.55,21.58,20.81,20.89,1238600.0
2013-09-06,21.5,21.76,21.25,21.54,332100.0,0.0,1.0,21.5,21.76,21.25,21.54,332100.0
2013-09-05,21.86,21.88,21.37,21.39,484700.0,0.0,1.0,21.86,21.88,21.37,21.39,484700.0
2013-09-04,22.29,22.29,21.78,21.9,1006500.0,0.0,1.0,22.29,22.29,21.78,21.9,1006500.0
2013-09-03,22.4,23.14,22.29,22.36,165600.0,0.0,1.0,22.4,23.14,22.29,22.36,165600.0
2013-08-30,22.4,22.58,22.06,22.16,165000.0,0.0,1.0,22.4,22.58,22.06,22.16,165000.0
2013-08-29,22.79,23.4,22.36,22.47,177000.0,0.0,1.0,22.79,23.4,22.36,22.47,177000.0
2013-08-28,22.83,22.9,22.59,22.82,96400.0,0.0,1.0,22.83,22.9,22.59,22.82,96400.0
2013-08-27,22.74,23.33,22.73,22.83,215100.0,0.0,1.0,22.74,23.33,22.73,22.83,215100.0
2013-08-26,23.16,23.77,23.12,23.14,83800.0,0.0,1.0,23.16,23.77,23.12,23.14,83800.0
2013-08-23,23.4,24.0,22.91,22.99,142700.0,0.0,1.0,23.4,24.0,22.91,22.99,142700.0
2013-08-22,23.19,23.74,23.01,23.41,105000.0,0.0,1.0,23.19,23.74,23.01,23.41,105000.0
2013-08-21,23.25,23.75,22.66,23.06,240800.0,0.0,1.0,23.25,23.75,22.66,23.06,240800.0
2013-08-20,23.5,23.86,23.02,23.4,184000.0,0.0,1.0,23.5,23.86,23.02,23.4,184000.0
2013-08-19,23.6,23.85,23.32,23.41,151000.0,0.0,1.0,23.6,23.85,23.32,23.41,151000.0
2013-08-16,23.7,23.97,23.6,23.61,217400.0,0.0,1.0,23.7,23.97,23.6,23.61,217400.0
2013-08-15,24.62,24.62,23.76,23.86,272400.0,0.0,1.0,24.62,24.62,23.76,23.86,272400.0
2013-08-14,24.13,25.13,24.13,24.54,302100.0,0.0,1.0,24.13,25.13,24.13,24.54,302100.0
2013-08-13,24.18,24.39,24.05,24.2,185400.0,0.0,1.0,24.18,24.39,24.05,24.2,185400.0
2013-08-12,24.62,24.68,23.99,24.24,322900.0,0.0,1.0,24.62,24.68,23.99,24.24,322900.0
2013-08-09,24.88,25.21,24.52,24.72,167700.0,0.0,1.0,24.88,25.21,24.52,24.72,167700.0
2013-08-08,25.34,25.36,24.78,25.0,165300.0,0.0,1.0,25.34,25.36,24.78,25.0,165300.0
2013-08-07,24.6,25.25,24.22,25.15,273800.0,0.0,1.0,24.6,25.25,24.22,25.15,273800.0
2013-08-06,24.95,24.95,24.27,24.65,263700.0,0.0,1.0,24.95,24.95,24.27,24.65,263700.0
2013-08-05,24.8,25.17,24.7,24.93,240800.0,0.0,1.0,24.8,25.17,24.7,24.93,240800.0
2013-08-02,25.27,25.7,24.81,24.85,320000.0,0.0,1.0,25.27,25.7,24.81,24.85,320000.0
2013-08-01,25.2,25.65,25.2,25.43,471600.0,0.0,1.0,25.2,25.65,25.2,25.43,471600.0
2013-07-31,24.37,25.34,24.14,25.04,637200.0,0.0,1.0,24.37,25.34,24.14,25.04,637200.0
2013-07-30,24.65,25.01,24.14,24.38,158700.0,0.0,1.0,24.65,25.01,24.14,24.38,158700.0
2013-07-29,24.83,25.3,24.44,24.49,142500.0,0.0,1.0,24.83,25.3,24.44,24.49,142500.0
2013-07-26,24.75,25.3,24.75,25.02,163200.0,0.0,1.0,24.75,25.3,24.75,25.02,163200.0
2013-07-25,25.0,25.21,24.81,24.99,199000.0,0.0,1.0,25.0,25.21,24.81,24.99,199000.0
2013-07-24,24.92,25.21,24.89,24.97,328600.0,0.0,1.0,24.92,25.21,24.89,24.97,328600.0
2013-07-23,25.13,25.39,24.8,24.9,340900.0,0.0,1.0,25.13,25.39,24.8,24.9,340900.0
2013-07-22,24.68,25.25,24.68,24.98,314900.0,0.0,1.0,24.68,25.25,24.68,24.98,314900.0
2013-07-19,25.15,25.25,24.65,24.98,332100.0,0.0,1.0,25.15,25.25,24.65,24.98,332100.0
2013-07-18,25.0,25.54,25.0,25.33,434000.0,0.0,1.0,25.0,25.54,25.0,25.33,434000.0
2013-07-17,24.72,25.42,24.43,24.96,762600.0,0.0,1.0,24.72,25.42,24.43,24.96,762600.0
2013-07-16,23.95,24.64,23.95,24.6,453200.0,0.0,1.0,23.95,24.64,23.95,24.6,453200.0
2013-07-15,24.0,24.0,23.56,23.99,328800.0,0.0,1.0,24.0,24.0,23.56,23.99,328800.0
2013-07-12,23.34,24.0,23.28,23.89,361700.0,0.0,1.0,23.34,24.0,23.28,23.89,361700.0
2013-07-11,23.32,23.35,23.01,23.31,472000.0,0.0,1.0,23.32,23.35,23.01,23.31,472000.0
2013-07-10,23.18,23.45,22.91,23.09,299400.0,0.0,1.0,23.18,23.45,22.91,23.09,299400.0
2013-07-09,23.38,23.58,23.01,23.26,311800.0,0.0,1.0,23.38,23.58,23.01,23.26,311800.0
2013-07-08,22.53,23.6,22.48,23.54,320600.0,0.0,1.0,22.53,23.6,22.48,23.54,320600.0
2013-07-05,23.66,23.66,22.23,22.4,309700.0,0.0,1.0,23.66,23.66,22.23,22.4,309700.0
2013-07-03,23.06,23.28,22.47,22.91,362000.0,0.0,1.0,23.06,23.28,22.47,22.91,362000.0
2013-07-02,23.79,23.87,22.41,23.24,347900.0,0.0,1.0,23.79,23.87,22.41,23.24,347900.0
2013-07-01,23.63,24.25,23.53,23.88,369000.0,0.0,1.0,23.63,24.25,23.53,23.88,369000.0
2013-06-28,23.35,24.02,23.3,23.83,6909000.0,0.0,1.0,23.35,24.02,23.3,23.83,6909000.0
2013-06-27,23.0,23.56,22.68,23.4,479600.0,0.0,1.0,23.0,23.56,22.68,23.4,479600.0
2013-06-26,23.27,23.32,22.68,22.7,525100.0,0.0,1.0,23.27,23.32,22.68,22.7,525100.0
2013-06-25,22.67,22.99,22.57,22.86,539000.0,0.0,1.0,22.67,22.99,22.57,22.86,539000.0
2013-06-24,23.22,23.6,21.21,22.62,2261200.0,0.0,1.0,23.22,23.6,21.21,22.62,2261200.0
2013-06-21,24.34,24.57,23.46,23.63,2935200.0,0.0,1.0,24.34,24.57,23.46,23.63,2935200.0
2013-06-20,24.53,24.84,24.16,24.39,1047800.0,0.0,1.0,24.53,24.84,24.16,24.39,1047800.0
2013-06-19,24.64,25.0,24.64,24.95,580700.0,0.0,1.0,24.64,25.0,24.64,24.95,580700.0
2013-06-18,24.72,25.0,24.62,24.84,579300.0,0.0,1.0,24.72,25.0,24.62,24.84,579300.0
2013-06-17,24.88,25.2,24.74,24.84,564800.0,0.0,1.0,24.88,25.2,24.74,24.84,564800.0
2013-06-14,24.92,24.94,24.32,24.44,253600.0,0.0,1.0,24.92,24.94,24.32,24.44,253600.0
2013-06-13,25.08,25.79,24.79,25.1,536900.0,0.0,1.0,25.08,25.79,24.79,25.1,536900.0
2013-06-12,24.77,26.0,24.77,24.96,425500.0,0.0,1.0,24.77,26.0,24.77,24.96,425500.0
2013-06-11,26.34,26.34,25.26,25.49,474000.0,0.0,1.0,26.34,26.34,25.26,25.49,474000.0
2013-06-10,25.71,26.31,25.43,26.07,576500.0,0.0,1.0,25.71,26.31,25.43,26.07,576500.0
2013-06-07,25.38,25.88,25.38,25.75,191300.0,0.0,1.0,25.38,25.88,25.38,25.75,191300.0
2013-06-06,25.26,25.97,25.13,25.69,879300.0,0.0,1.0,25.26,25.97,25.13,25.69,879300.0
2013-06-05,25.21,25.98,25.07,25.45,753300.0,0.0,1.0,25.21,25.98,25.07,25.45,753300.0
2013-06-04,25.18,25.71,25.07,25.57,1018000.0,0.0,1.0,25.18,25.71,25.07,25.57,1018000.0
2013-06-03,24.86,25.81,24.5,25.58,1577200.0,0.0,1.0,24.86,25.81,24.5,25.58,1577200.0
2013-05-31,25.05,25.32,24.7,25.2,161400.0,0.0,1.0,25.05,25.32,24.7,25.2,161400.0
2013-05-30,24.56,25.38,24.56,25.25,633600.0,0.0,1.0,24.56,25.38,24.56,25.25,633600.0
2013-05-29,24.44,25.09,24.44,24.94,327600.0,0.0,1.0,24.44,25.09,24.44,24.94,327600.0
2013-05-28,24.87,25.25,24.8,25.04,312400.0,0.0,1.0,24.87,25.25,24.8,25.04,312400.0
2013-05-24,25.65,25.65,24.5,24.75,599700.0,0.0,1.0,25.65,25.65,24.5,24.75,599700.0
2013-05-23,25.06,25.64,24.65,25.34,1036800.0,0.0,1.0,25.06,25.64,24.65,25.34,1036800.0
2013-05-22,26.8,26.9,25.51,25.93,431900.0,0.0,1.0,26.8,26.9,25.51,25.93,431900.0
2013-05-21,27.02,27.2,26.21,26.77,537500.0,0.0,1.0,27.02,27.2,26.21,26.77,537500.0
2013-05-20,26.51,27.25,26.23,27.16,1452200.0,0.0,1.0,26.51,27.25,26.23,27.16,1452200.0
2013-05-17,24.5,26.15,24.28,26.03,2242400.0,0.0,1.0,24.5,26.15,24.28,26.03,2242400.0
2013-05-16,23.5,23.85,22.93,23.67,2347300.0,0.0,1.0,23.5,23.85,22.93,23.67,2347300.0
2013-05-15,22.8,23.0,22.4,22.75,1212800.0,0.0,1.0,22.8,23.0,22.4,22.75,1212800.0
2013-05-14,22.82,23.2,22.32,22.84,672300.0,0.0,1.0,22.82,23.2,22.32,22.84,672300.0
2013-05-13,23.57,23.94,22.8,23.04,791700.0,0.0,1.0,23.57,23.94,22.8,23.04,791700.0
2013-05-10,24.04,24.78,23.27,23.89,820600.0,0.0,1.0,24.04,24.78,23.27,23.89,820600.0
2013-05-09,24.75,25.78,23.01,24.25,2308600.0,0.0,1.0,24.75,25.78,23.01,24.25,2308600.0
2013-05-08,22.36,24.75,22.36,24.45,3468000.0,0.0,1.0,22.36,24.75,22.36,24.45,3468000.0
2013-05-07,21.5,22.5,21.5,22.38,2932500.0,0.0,1.0,21.5,22.5,21.5,22.38,2932500.0
2013-05-06,20.05,21.75,19.01,21.44,1854900.0,0.0,1.0,20.05,21.75,19.01,21.44,1854900.0
2013-05-03,20.19,20.65,20.19,20.4,597000.0,0.0,1.0,20.19,20.65,20.19,20.4,597000.0
2013-05-02,21.0,21.0,20.01,20.2,707700.0,0.0,1.0,21.0,21.0,20.01,20.2,707700.0
2013-05-01,18.61,21.48,18.0,20.0,922600.0,0.0,1.0,18.61,21.48,18.0,20.0,922600.0
